metric,unit,baseline,ours_rotated
完整应用完成时间,cycles,1738783916,1736418652
完整应用完成时间,seconds at 1 GHz,1.738783916,1.736418652
平均消息就绪至完成,cycles,13865.265493336923,13753.735684479741
平均发送前 CPU 等待,cycles,12329.173246735765,12338.697987616099
平均首 flit 注入前等待,cycles,608.2012451204738,594.7827949028582
平均首 flit 注入至消息完成,cycles,927.8910014806838,820.2549019607843
关键链本地工作,cycles,1738008976,1735665330
关键链消息服务,cycles,774940,753322
计算端点,count,20,20
Routers,count,124,100
无向链路,count,232,226
总有向链路带宽,bits/cycle,7424000,7232000
Packet latency average,cycles,617.417,526.354
Network latency average,cycles,244.064,161.479
Hops average,hops,9.43534,4.81096
