case,mode,phase,metric,median,minimum,maximum,samples,scenario,placement
A__baseline,serial,input_graph_binding,wall_seconds,0.019584213383495808,0.019385109655559063,0.019887864589691162,3,A,baseline
A__baseline,serial,input_graph_binding,python_cpu_seconds,0.01943600000000001,0.019255999999999968,0.019753999999999994,3,A,baseline
A__baseline,serial,input_graph_binding,exited_children_cpu_seconds,0.0,0.0,0.0,3,A,baseline
A__baseline,serial,backend_initialization,wall_seconds,0.37449300568550825,0.3742071771994233,0.37769121397286654,3,A,baseline
A__baseline,serial,backend_initialization,python_cpu_seconds,0.48085500000000003,0.48078400000000004,0.48428899999999997,3,A,baseline
A__baseline,serial,backend_initialization,exited_children_cpu_seconds,0.0,0.0,0.0,3,A,baseline
A__baseline,serial,execution,wall_seconds,0.9740457143634558,0.9710060032084584,0.9747796850278974,3,A,baseline
A__baseline,serial,execution,python_cpu_seconds,0.672642,0.662894,0.6788890000000001,3,A,baseline
A__baseline,serial,execution,exited_children_cpu_seconds,0.0,0.0,0.0,3,A,baseline
A__baseline,serial,close_and_network_serialization,wall_seconds,0.006737888790667057,0.0066933464258909225,0.006912237033247948,3,A,baseline
A__baseline,serial,close_and_network_serialization,python_cpu_seconds,0.0036000000000000476,0.0035639999999999006,0.0037709999999997468,3,A,baseline
A__baseline,serial,close_and_network_serialization,exited_children_cpu_seconds,0.35328,0.351083,0.354333,3,A,baseline
A__baseline,serial,result_serialization,wall_seconds,0.04825822077691555,0.047688680700957775,0.04864848591387272,3,A,baseline
A__baseline,serial,result_serialization,python_cpu_seconds,0.04799500000000001,0.047411000000000314,0.04837099999999994,3,A,baseline
A__baseline,serial,result_serialization,exited_children_cpu_seconds,0.0,0.0,0.0,3,A,baseline
A__baseline,serial,independent_audit,wall_seconds,0.25001815147697926,0.2494586082175374,0.2515880651772022,3,A,baseline
A__baseline,serial,independent_audit,python_cpu_seconds,0.2487919999999999,0.2482200000000001,0.2501340000000001,3,A,baseline
A__baseline,serial,independent_audit,exited_children_cpu_seconds,0.0,0.0,0.0,3,A,baseline
A__baseline,serial,driver_launch_and_receipt_checks,worker_wall_seconds,2.1857634661719203,2.1851432407274842,2.199608982540667,3,A,baseline
A__baseline,serial,whole_process,python_lifetime_peak_rss_kib,96396,92800,96396,3,A,baseline
A__baseline,serial,whole_process,native_peak_rss_kib,10504,10276,10552,3,A,baseline
A__baseline,bounded,input_graph_binding,wall_seconds,0.02090184297412634,0.020324185490608215,0.020937198773026466,3,A,baseline
A__baseline,bounded,input_graph_binding,python_cpu_seconds,0.02077100000000001,0.020142999999999994,0.020783999999999997,3,A,baseline
A__baseline,bounded,input_graph_binding,exited_children_cpu_seconds,0.0,0.0,0.0,3,A,baseline
A__baseline,bounded,backend_initialization,wall_seconds,0.37727999966591597,0.37386098597198725,0.37959581706672907,3,A,baseline
A__baseline,bounded,backend_initialization,python_cpu_seconds,0.48364700000000005,0.48037399999999997,0.48618100000000003,3,A,baseline
A__baseline,bounded,backend_initialization,exited_children_cpu_seconds,0.0,0.0,0.0,3,A,baseline
A__baseline,bounded,execution,wall_seconds,1.501643960364163,1.4902174696326256,1.5117934001609683,3,A,baseline
A__baseline,bounded,execution,python_cpu_seconds,0.722225,0.7157030000000001,0.7382370000000001,3,A,baseline
A__baseline,bounded,execution,exited_children_cpu_seconds,0.0,0.0,0.0,3,A,baseline
A__baseline,bounded,close_and_network_serialization,wall_seconds,0.006889163516461849,0.006814784370362759,0.007171064615249634,3,A,baseline
A__baseline,bounded,close_and_network_serialization,python_cpu_seconds,0.0037439999999999696,0.003670000000000062,0.004027000000000003,3,A,baseline
A__baseline,bounded,close_and_network_serialization,exited_children_cpu_seconds,0.825167,0.824535,0.833925,3,A,baseline
A__baseline,bounded,result_serialization,wall_seconds,0.05290867201983929,0.051994120702147484,0.05392253119498491,3,A,baseline
A__baseline,bounded,result_serialization,python_cpu_seconds,0.05257500000000004,0.0517120000000002,0.05356999999999967,3,A,baseline
A__baseline,bounded,result_serialization,exited_children_cpu_seconds,0.0,0.0,0.0,3,A,baseline
A__baseline,bounded,independent_audit,wall_seconds,0.2508621281012893,0.24897670093923807,0.25440136808902025,3,A,baseline
A__baseline,bounded,independent_audit,python_cpu_seconds,0.24947699999999995,0.24770100000000017,0.25307199999999996,3,A,baseline
A__baseline,bounded,independent_audit,exited_children_cpu_seconds,0.0,0.0,0.0,3,A,baseline
A__baseline,bounded,driver_launch_and_receipt_checks,worker_wall_seconds,2.756196580827236,2.7543560452759266,2.7699904264882207,3,A,baseline
A__baseline,bounded,whole_process,python_lifetime_peak_rss_kib,96396,93848,96396,3,A,baseline
A__baseline,bounded,whole_process,native_peak_rss_kib,10340,10264,10372,3,A,baseline
A__ours_rotated,serial,input_graph_binding,wall_seconds,0.019116222858428955,0.018920735456049442,0.01984774973243475,3,A,ours_rotated
A__ours_rotated,serial,input_graph_binding,python_cpu_seconds,0.018995000000000012,0.018806000000000017,0.01971399999999998,3,A,ours_rotated
A__ours_rotated,serial,input_graph_binding,exited_children_cpu_seconds,0.0,0.0,0.0,3,A,ours_rotated
A__ours_rotated,serial,backend_initialization,wall_seconds,0.37537978403270245,0.37305470928549767,0.3757488988339901,3,A,ours_rotated
A__ours_rotated,serial,backend_initialization,python_cpu_seconds,0.48184899999999997,0.47964700000000005,0.4822449999999999,3,A,ours_rotated
A__ours_rotated,serial,backend_initialization,exited_children_cpu_seconds,0.0,0.0,0.0,3,A,ours_rotated
A__ours_rotated,serial,execution,wall_seconds,0.9446041323244572,0.9282986177131534,0.9516615122556686,3,A,ours_rotated
A__ours_rotated,serial,execution,python_cpu_seconds,0.681212,0.6552180000000001,0.6828150000000001,3,A,ours_rotated
A__ours_rotated,serial,execution,exited_children_cpu_seconds,0.0,0.0,0.0,3,A,ours_rotated
A__ours_rotated,serial,close_and_network_serialization,wall_seconds,0.006236255168914795,0.006196631118655205,0.006476999260485172,3,A,ours_rotated
A__ours_rotated,serial,close_and_network_serialization,python_cpu_seconds,0.0031399999999999206,0.0030559999999999476,0.0033440000000000136,3,A,ours_rotated
A__ours_rotated,serial,close_and_network_serialization,exited_children_cpu_seconds,0.318592,0.3174,0.319776,3,A,ours_rotated
A__ours_rotated,serial,result_serialization,wall_seconds,0.04881518892943859,0.04811300802975893,0.053150298073887825,3,A,ours_rotated
A__ours_rotated,serial,result_serialization,python_cpu_seconds,0.0485199999999999,0.047824999999999784,0.05285999999999991,3,A,ours_rotated
A__ours_rotated,serial,result_serialization,exited_children_cpu_seconds,0.0,0.0,0.0,3,A,ours_rotated
A__ours_rotated,serial,independent_audit,wall_seconds,0.2499721236526966,0.24384189769625664,0.25026526488363743,3,A,ours_rotated
A__ours_rotated,serial,independent_audit,python_cpu_seconds,0.24867700000000004,0.24260100000000007,0.24891200000000002,3,A,ours_rotated
A__ours_rotated,serial,independent_audit,exited_children_cpu_seconds,0.0,0.0,0.0,3,A,ours_rotated
A__ours_rotated,serial,driver_launch_and_receipt_checks,worker_wall_seconds,2.180901107378304,2.157179738394916,2.183103040792048,3,A,ours_rotated
A__ours_rotated,serial,whole_process,python_lifetime_peak_rss_kib,96396,92696,96396,3,A,ours_rotated
A__ours_rotated,serial,whole_process,native_peak_rss_kib,9692,9684,9840,3,A,ours_rotated
A__ours_rotated,bounded,input_graph_binding,wall_seconds,0.020685194991528988,0.02008137758821249,0.020728946663439274,3,A,ours_rotated
A__ours_rotated,bounded,input_graph_binding,python_cpu_seconds,0.020540000000000003,0.019953,0.02058299999999999,3,A,ours_rotated
A__ours_rotated,bounded,input_graph_binding,exited_children_cpu_seconds,0.0,0.0,0.0,3,A,ours_rotated
A__ours_rotated,bounded,backend_initialization,wall_seconds,0.37530728802084923,0.37447015289217234,0.3756558345630765,3,A,ours_rotated
A__ours_rotated,bounded,backend_initialization,python_cpu_seconds,0.481864,0.48103900000000005,0.48214599999999985,3,A,ours_rotated
A__ours_rotated,bounded,backend_initialization,exited_children_cpu_seconds,0.0,0.0,0.0,3,A,ours_rotated
A__ours_rotated,bounded,execution,wall_seconds,1.424693557433784,1.4142567571252584,1.4328243788331747,3,A,ours_rotated
A__ours_rotated,bounded,execution,python_cpu_seconds,0.7101929999999999,0.699452,0.7127519999999999,3,A,ours_rotated
A__ours_rotated,bounded,execution,exited_children_cpu_seconds,0.0,0.0,0.0,3,A,ours_rotated
A__ours_rotated,bounded,close_and_network_serialization,wall_seconds,0.0064315032213926315,0.0062800077721476555,0.0068647777661681175,3,A,ours_rotated
A__ours_rotated,bounded,close_and_network_serialization,python_cpu_seconds,0.003301999999999916,0.003190999999999944,0.0037240000000000606,3,A,ours_rotated
A__ours_rotated,bounded,close_and_network_serialization,exited_children_cpu_seconds,0.7724049999999999,0.7596939999999999,0.7774939999999999,3,A,ours_rotated
A__ours_rotated,bounded,result_serialization,wall_seconds,0.052566178143024445,0.05209679435938597,0.056263696402311325,3,A,ours_rotated
A__ours_rotated,bounded,result_serialization,python_cpu_seconds,0.052234000000000114,0.05181299999999989,0.0559369999999999,3,A,ours_rotated
A__ours_rotated,bounded,result_serialization,exited_children_cpu_seconds,0.0,0.0,0.0,3,A,ours_rotated
A__ours_rotated,bounded,independent_audit,wall_seconds,0.24951073620468378,0.2488551428541541,0.25366101413965225,3,A,ours_rotated
A__ours_rotated,bounded,independent_audit,python_cpu_seconds,0.248348,0.24704100000000007,0.2521880000000001,3,A,ours_rotated
A__ours_rotated,bounded,independent_audit,exited_children_cpu_seconds,0.0,0.0,0.0,3,A,ours_rotated
A__ours_rotated,bounded,driver_launch_and_receipt_checks,worker_wall_seconds,2.6985852271318436,2.6485233418643475,2.704156171530485,3,A,ours_rotated
A__ours_rotated,bounded,whole_process,python_lifetime_peak_rss_kib,96248,94728,96396,3,A,ours_rotated
A__ours_rotated,bounded,whole_process,native_peak_rss_kib,9756,9688,9852,3,A,ours_rotated
B__baseline,serial,input_graph_binding,wall_seconds,0.01945248618721962,0.019295020028948784,0.02006288431584835,3,B,baseline
B__baseline,serial,input_graph_binding,python_cpu_seconds,0.01932499999999998,0.01916599999999999,0.019910999999999957,3,B,baseline
B__baseline,serial,input_graph_binding,exited_children_cpu_seconds,0.0,0.0,0.0,3,B,baseline
B__baseline,serial,backend_initialization,wall_seconds,0.37580109667032957,0.3592119598761201,0.3766977544873953,3,B,baseline
B__baseline,serial,backend_initialization,python_cpu_seconds,0.48212099999999997,0.46572300000000005,0.483112,3,B,baseline
B__baseline,serial,backend_initialization,exited_children_cpu_seconds,0.0,0.0,0.0,3,B,baseline
B__baseline,serial,execution,wall_seconds,1.003135466016829,0.9859987171366811,1.0215128678828478,3,B,baseline
B__baseline,serial,execution,python_cpu_seconds,0.676213,0.6651500000000001,0.6934569999999998,3,B,baseline
B__baseline,serial,execution,exited_children_cpu_seconds,0.0,0.0,0.0,3,B,baseline
B__baseline,serial,close_and_network_serialization,wall_seconds,0.007020149379968643,0.00684439018368721,0.010904009453952312,3,B,baseline
B__baseline,serial,close_and_network_serialization,python_cpu_seconds,0.0037089999999999623,0.0037049999999998473,0.0038929999999999243,3,B,baseline
B__baseline,serial,close_and_network_serialization,exited_children_cpu_seconds,0.36938,0.35880199999999995,0.39191899999999996,3,B,baseline
B__baseline,serial,result_serialization,wall_seconds,0.04870297946035862,0.04848790355026722,0.04974732268601656,3,B,baseline
B__baseline,serial,result_serialization,python_cpu_seconds,0.04845800000000011,0.048176,0.04945099999999991,3,B,baseline
B__baseline,serial,result_serialization,exited_children_cpu_seconds,0.0,0.0,0.0,3,B,baseline
B__baseline,serial,independent_audit,wall_seconds,0.2467256858944893,0.24631101358681917,0.25035458244383335,3,B,baseline
B__baseline,serial,independent_audit,python_cpu_seconds,0.24524299999999988,0.24511899999999986,0.24914599999999987,3,B,baseline
B__baseline,serial,independent_audit,exited_children_cpu_seconds,0.0,0.0,0.0,3,B,baseline
B__baseline,serial,driver_launch_and_receipt_checks,worker_wall_seconds,2.0169713562354445,2.016911804676056,2.0170836271718144,3,B,baseline
B__baseline,serial,whole_process,python_lifetime_peak_rss_kib,96396,96396,96396,3,B,baseline
B__baseline,serial,whole_process,native_peak_rss_kib,10320,10300,10364,3,B,baseline
B__baseline,bounded,input_graph_binding,wall_seconds,0.020489857532083988,0.020338712260127068,0.020715191960334778,3,B,baseline
B__baseline,bounded,input_graph_binding,python_cpu_seconds,0.02033399999999999,0.020207999999999976,0.02057700000000004,3,B,baseline
B__baseline,bounded,input_graph_binding,exited_children_cpu_seconds,0.0,0.0,0.0,3,B,baseline
B__baseline,bounded,backend_initialization,wall_seconds,0.37514830846339464,0.3732321625575423,0.3767343135550618,3,B,baseline
B__baseline,bounded,backend_initialization,python_cpu_seconds,0.4816020000000001,0.479826,0.483139,3,B,baseline
B__baseline,bounded,backend_initialization,exited_children_cpu_seconds,0.0,0.0,0.0,3,B,baseline
B__baseline,bounded,execution,wall_seconds,1.5373089844360948,1.532492640428245,1.5454699713736773,3,B,baseline
B__baseline,bounded,execution,python_cpu_seconds,0.72138,0.72109,0.739959,3,B,baseline
B__baseline,bounded,execution,exited_children_cpu_seconds,0.0,0.0,0.0,3,B,baseline
B__baseline,bounded,close_and_network_serialization,wall_seconds,0.007314484566450119,0.006945549510419369,0.011020108126103878,3,B,baseline
B__baseline,bounded,close_and_network_serialization,python_cpu_seconds,0.0038280000000001646,0.003801999999999861,0.004089999999999927,3,B,baseline
B__baseline,bounded,close_and_network_serialization,exited_children_cpu_seconds,0.868609,0.8456170000000001,0.879999,3,B,baseline
B__baseline,bounded,result_serialization,wall_seconds,0.0523627158254385,0.051936022005975246,0.054036655463278294,3,B,baseline
B__baseline,bounded,result_serialization,python_cpu_seconds,0.05206999999999984,0.051614999999999966,0.05367199999999994,3,B,baseline
B__baseline,bounded,result_serialization,exited_children_cpu_seconds,0.0,0.0,0.0,3,B,baseline
B__baseline,bounded,independent_audit,wall_seconds,0.2531152181327343,0.252006902359426,0.25595475174486637,3,B,baseline
B__baseline,bounded,independent_audit,python_cpu_seconds,0.2515109999999998,0.250718,0.25459199999999993,3,B,baseline
B__baseline,bounded,independent_audit,exited_children_cpu_seconds,0.0,0.0,0.0,3,B,baseline
B__baseline,bounded,driver_launch_and_receipt_checks,worker_wall_seconds,2.567576407454908,2.567530309781432,2.5677701802924275,3,B,baseline
B__baseline,bounded,whole_process,python_lifetime_peak_rss_kib,96396,96396,96396,3,B,baseline
B__baseline,bounded,whole_process,native_peak_rss_kib,10512,10420,10516,3,B,baseline
B__ours_rotated,serial,input_graph_binding,wall_seconds,0.019573272205889225,0.019407068379223347,0.019779770635068417,3,B,ours_rotated
B__ours_rotated,serial,input_graph_binding,python_cpu_seconds,0.019437999999999983,0.01927799999999999,0.019641999999999993,3,B,ours_rotated
B__ours_rotated,serial,input_graph_binding,exited_children_cpu_seconds,0.0,0.0,0.0,3,B,ours_rotated
B__ours_rotated,serial,backend_initialization,wall_seconds,0.3746996847912669,0.3714542267844081,0.379765166901052,3,B,ours_rotated
B__ours_rotated,serial,backend_initialization,python_cpu_seconds,0.4808219999999999,0.47814500000000004,0.4863599999999999,3,B,ours_rotated
B__ours_rotated,serial,backend_initialization,exited_children_cpu_seconds,0.0,0.0,0.0,3,B,ours_rotated
B__ours_rotated,serial,execution,wall_seconds,0.9513351889327168,0.9333396153524518,0.9552821852266788,3,B,ours_rotated
B__ours_rotated,serial,execution,python_cpu_seconds,0.6787610000000002,0.6649870000000001,0.6853070000000001,3,B,ours_rotated
B__ours_rotated,serial,execution,exited_children_cpu_seconds,0.0,0.0,0.0,3,B,ours_rotated
B__ours_rotated,serial,close_and_network_serialization,wall_seconds,0.006285958923399448,0.006239340640604496,0.0065345559269189835,3,B,ours_rotated
B__ours_rotated,serial,close_and_network_serialization,python_cpu_seconds,0.003147000000000011,0.0031410000000000604,0.003398000000000012,3,B,ours_rotated
B__ours_rotated,serial,close_and_network_serialization,exited_children_cpu_seconds,0.32311999999999996,0.318636,0.324264,3,B,ours_rotated
B__ours_rotated,serial,result_serialization,wall_seconds,0.048497811891138554,0.048353089950978756,0.04904110450297594,3,B,ours_rotated
B__ours_rotated,serial,result_serialization,python_cpu_seconds,0.0482260000000001,0.04801499999999992,0.04873700000000003,3,B,ours_rotated
B__ours_rotated,serial,result_serialization,exited_children_cpu_seconds,0.0,0.0,0.0,3,B,ours_rotated
B__ours_rotated,serial,independent_audit,wall_seconds,0.25283034332096577,0.251197068952024,0.25443710573017597,3,B,ours_rotated
B__ours_rotated,serial,independent_audit,python_cpu_seconds,0.2515560000000001,0.24967699999999993,0.2529990000000002,3,B,ours_rotated
B__ours_rotated,serial,independent_audit,exited_children_cpu_seconds,0.0,0.0,0.0,3,B,ours_rotated
B__ours_rotated,serial,driver_launch_and_receipt_checks,worker_wall_seconds,1.9668176583945751,1.9667142825201154,1.967100820504129,3,B,ours_rotated
B__ours_rotated,serial,whole_process,python_lifetime_peak_rss_kib,96396,96396,96396,3,B,ours_rotated
B__ours_rotated,serial,whole_process,native_peak_rss_kib,9780,9776,9816,3,B,ours_rotated
B__ours_rotated,bounded,input_graph_binding,wall_seconds,0.020539562217891216,0.020454050041735172,0.020663203671574593,3,B,ours_rotated
B__ours_rotated,bounded,input_graph_binding,python_cpu_seconds,0.020401000000000002,0.020320000000000005,0.020523999999999987,3,B,ours_rotated
B__ours_rotated,bounded,input_graph_binding,exited_children_cpu_seconds,0.0,0.0,0.0,3,B,ours_rotated
B__ours_rotated,bounded,backend_initialization,wall_seconds,0.377167958766222,0.37635577004402876,0.38070555590093136,3,B,ours_rotated
B__ours_rotated,bounded,backend_initialization,python_cpu_seconds,0.48381299999999994,0.482966,0.48694000000000004,3,B,ours_rotated
B__ours_rotated,bounded,backend_initialization,exited_children_cpu_seconds,0.0,0.0,0.0,3,B,ours_rotated
B__ours_rotated,bounded,execution,wall_seconds,1.4376561790704727,1.4262944599613547,1.4613830987364054,3,B,ours_rotated
B__ours_rotated,bounded,execution,python_cpu_seconds,0.721987,0.707984,0.7271010000000001,3,B,ours_rotated
B__ours_rotated,bounded,execution,exited_children_cpu_seconds,0.0,0.0,0.0,3,B,ours_rotated
B__ours_rotated,bounded,close_and_network_serialization,wall_seconds,0.006450789049267769,0.006433457136154175,0.006630276329815388,3,B,ours_rotated
B__ours_rotated,bounded,close_and_network_serialization,python_cpu_seconds,0.0033330000000002524,0.0032929999999999904,0.003490999999999911,3,B,ours_rotated
B__ours_rotated,bounded,close_and_network_serialization,exited_children_cpu_seconds,0.771093,0.7645019999999999,0.793462,3,B,ours_rotated
B__ours_rotated,bounded,result_serialization,wall_seconds,0.05194852687418461,0.050426832400262356,0.05295495968312025,3,B,ours_rotated
B__ours_rotated,bounded,result_serialization,python_cpu_seconds,0.05163300000000026,0.050124999999999975,0.05262900000000004,3,B,ours_rotated
B__ours_rotated,bounded,result_serialization,exited_children_cpu_seconds,0.0,0.0,0.0,3,B,ours_rotated
B__ours_rotated,bounded,independent_audit,wall_seconds,0.2555972496047616,0.2552525410428643,0.2559798387810588,3,B,ours_rotated
B__ours_rotated,bounded,independent_audit,python_cpu_seconds,0.2540619999999998,0.25377000000000005,0.25466199999999994,3,B,ours_rotated
B__ours_rotated,bounded,independent_audit,exited_children_cpu_seconds,0.0,0.0,0.0,3,B,ours_rotated
B__ours_rotated,bounded,driver_launch_and_receipt_checks,worker_wall_seconds,2.4674623738974333,2.467355813831091,2.517478614114225,3,B,ours_rotated
B__ours_rotated,bounded,whole_process,python_lifetime_peak_rss_kib,96396,96396,96396,3,B,ours_rotated
B__ours_rotated,bounded,whole_process,native_peak_rss_kib,9920,9860,9976,3,B,ours_rotated
AB__baseline,serial,input_graph_binding,wall_seconds,0.029996386729180813,0.029887001030147076,0.03077454026788473,3,AB,baseline
AB__baseline,serial,input_graph_binding,python_cpu_seconds,0.029822000000000015,0.029698000000000002,0.03059299999999998,3,AB,baseline
AB__baseline,serial,input_graph_binding,exited_children_cpu_seconds,0.0,0.0,0.0,3,AB,baseline
AB__baseline,serial,backend_initialization,wall_seconds,0.3724929513409734,0.37112381495535374,0.37335416208952665,3,AB,baseline
AB__baseline,serial,backend_initialization,python_cpu_seconds,0.4791010000000001,0.47777,0.479901,3,AB,baseline
AB__baseline,serial,backend_initialization,exited_children_cpu_seconds,0.0,0.0,0.0,3,AB,baseline
AB__baseline,serial,execution,wall_seconds,1.829085144214332,1.8266178723424673,1.8659702651202679,3,AB,baseline
AB__baseline,serial,execution,python_cpu_seconds,1.4136789999999997,1.4011049999999998,1.438268,3,AB,baseline
AB__baseline,serial,execution,exited_children_cpu_seconds,0.0,0.0,0.0,3,AB,baseline
AB__baseline,serial,close_and_network_serialization,wall_seconds,0.012488019652664661,0.01248689740896225,0.014391552656888962,3,AB,baseline
AB__baseline,serial,close_and_network_serialization,python_cpu_seconds,0.005328999999999695,0.005278999999999812,0.0071819999999998,3,AB,baseline
AB__baseline,serial,close_and_network_serialization,exited_children_cpu_seconds,0.513826,0.5135149999999999,0.51424,3,AB,baseline
AB__baseline,serial,result_serialization,wall_seconds,0.1034172885119915,0.09950263239443302,0.10642825625836849,3,AB,baseline
AB__baseline,serial,result_serialization,python_cpu_seconds,0.1029530000000003,0.09897900000000037,0.10598699999999983,3,AB,baseline
AB__baseline,serial,result_serialization,exited_children_cpu_seconds,0.0,0.0,0.0,3,AB,baseline
AB__baseline,serial,independent_audit,wall_seconds,0.4294293439015746,0.4273661505430937,0.42982171196490526,3,AB,baseline
AB__baseline,serial,independent_audit,python_cpu_seconds,0.4273490000000004,0.4251839999999998,0.4277329999999999,3,AB,baseline
AB__baseline,serial,independent_audit,exited_children_cpu_seconds,0.0,0.0,0.0,3,AB,baseline
AB__baseline,serial,driver_launch_and_receipt_checks,worker_wall_seconds,3.1183011224493384,3.118184653110802,3.1682943794876337,3,AB,baseline
AB__baseline,serial,whole_process,python_lifetime_peak_rss_kib,104112,104000,104372,3,AB,baseline
AB__baseline,serial,whole_process,native_peak_rss_kib,11488,11488,11616,3,AB,baseline
AB__baseline,bounded,input_graph_binding,wall_seconds,0.032030705362558365,0.03156028036028147,0.033113012090325356,3,AB,baseline
AB__baseline,bounded,input_graph_binding,python_cpu_seconds,0.03181200000000001,0.031374999999999986,0.032859,3,AB,baseline
AB__baseline,bounded,input_graph_binding,exited_children_cpu_seconds,0.0,0.0,0.0,3,AB,baseline
AB__baseline,bounded,backend_initialization,wall_seconds,0.3722467180341482,0.3705613072961569,0.3768599284812808,3,AB,baseline
AB__baseline,bounded,backend_initialization,python_cpu_seconds,0.47878699999999996,0.47735900000000003,0.48341,3,AB,baseline
AB__baseline,bounded,backend_initialization,exited_children_cpu_seconds,0.0,0.0,0.0,3,AB,baseline
AB__baseline,bounded,execution,wall_seconds,2.4558502323925495,2.4513875944539905,2.4665304496884346,3,AB,baseline
AB__baseline,bounded,execution,python_cpu_seconds,1.497561,1.486421,1.5059839999999998,3,AB,baseline
AB__baseline,bounded,execution,exited_children_cpu_seconds,0.0,0.0,0.0,3,AB,baseline
AB__baseline,bounded,close_and_network_serialization,wall_seconds,0.013749433681368828,0.013540901243686676,0.013756977394223213,3,AB,baseline
AB__baseline,bounded,close_and_network_serialization,python_cpu_seconds,0.006536000000000097,0.006333000000000144,0.006552000000000113,3,AB,baseline
AB__baseline,bounded,close_and_network_serialization,exited_children_cpu_seconds,1.060701,1.050535,1.061398,3,AB,baseline
AB__baseline,bounded,result_serialization,wall_seconds,0.10415267292410135,0.10129416454583406,0.10437459032982588,3,AB,baseline
AB__baseline,bounded,result_serialization,python_cpu_seconds,0.10356500000000013,0.10076599999999969,0.10391800000000018,3,AB,baseline
AB__baseline,bounded,result_serialization,exited_children_cpu_seconds,0.0,0.0,0.0,3,AB,baseline
AB__baseline,bounded,independent_audit,wall_seconds,0.4313210239633918,0.42969647608697414,0.43633156176656485,3,AB,baseline
AB__baseline,bounded,independent_audit,python_cpu_seconds,0.42903300000000044,0.42773799999999973,0.43395800000000007,3,AB,baseline
AB__baseline,bounded,independent_audit,exited_children_cpu_seconds,0.0,0.0,0.0,3,AB,baseline
AB__baseline,bounded,driver_launch_and_receipt_checks,worker_wall_seconds,3.769099504686892,3.768810110166669,3.8189336117357016,3,AB,baseline
AB__baseline,bounded,whole_process,python_lifetime_peak_rss_kib,105616,105416,105788,3,AB,baseline
AB__baseline,bounded,whole_process,native_peak_rss_kib,11628,11588,11708,3,AB,baseline
AB__ours_rotated,serial,input_graph_binding,wall_seconds,0.02953989803791046,0.02945088967680931,0.029635608196258545,3,AB,ours_rotated
AB__ours_rotated,serial,input_graph_binding,python_cpu_seconds,0.029255000000000003,0.029188999999999993,0.02945700000000001,3,AB,ours_rotated
AB__ours_rotated,serial,input_graph_binding,exited_children_cpu_seconds,0.0,0.0,0.0,3,AB,ours_rotated
AB__ours_rotated,serial,backend_initialization,wall_seconds,0.3733901400119066,0.37190465349704027,0.3741084709763527,3,AB,ours_rotated
AB__ours_rotated,serial,backend_initialization,python_cpu_seconds,0.480126,0.4781249999999999,0.48073399999999994,3,AB,ours_rotated
AB__ours_rotated,serial,backend_initialization,exited_children_cpu_seconds,0.0,0.0,0.0,3,AB,ours_rotated
AB__ours_rotated,serial,execution,wall_seconds,1.7945615984499454,1.7908935062587261,1.8245400423184037,3,AB,ours_rotated
AB__ours_rotated,serial,execution,python_cpu_seconds,1.4057119999999999,1.4016300000000002,1.4431379999999998,3,AB,ours_rotated
AB__ours_rotated,serial,execution,exited_children_cpu_seconds,0.0,0.0,0.0,3,AB,ours_rotated
AB__ours_rotated,serial,close_and_network_serialization,wall_seconds,0.011580351740121841,0.01157725602388382,0.013441214337944984,3,AB,ours_rotated
AB__ours_rotated,serial,close_and_network_serialization,python_cpu_seconds,0.004386000000000223,0.004373000000000182,0.00610899999999992,3,AB,ours_rotated
AB__ours_rotated,serial,close_and_network_serialization,exited_children_cpu_seconds,0.47205499999999995,0.47166399999999997,0.472346,3,AB,ours_rotated
AB__ours_rotated,serial,result_serialization,wall_seconds,0.10351089481264353,0.09722274355590343,0.10418704804033041,3,AB,ours_rotated
AB__ours_rotated,serial,result_serialization,python_cpu_seconds,0.10306199999999954,0.09681600000000001,0.10366600000000004,3,AB,ours_rotated
AB__ours_rotated,serial,result_serialization,exited_children_cpu_seconds,0.0,0.0,0.0,3,AB,ours_rotated
AB__ours_rotated,serial,independent_audit,wall_seconds,0.4282654132694006,0.42600116319954395,0.4285242110490799,3,AB,ours_rotated
AB__ours_rotated,serial,independent_audit,python_cpu_seconds,0.4260329999999999,0.423616,0.42671400000000004,3,AB,ours_rotated
AB__ours_rotated,serial,independent_audit,exited_children_cpu_seconds,0.0,0.0,0.0,3,AB,ours_rotated
AB__ours_rotated,serial,driver_launch_and_receipt_checks,worker_wall_seconds,3.118302415125072,3.1182992784306407,3.118385632522404,3,AB,ours_rotated
AB__ours_rotated,serial,whole_process,python_lifetime_peak_rss_kib,103776,103348,104032,3,AB,ours_rotated
AB__ours_rotated,serial,whole_process,native_peak_rss_kib,10776,10728,10804,3,AB,ours_rotated
AB__ours_rotated,bounded,input_graph_binding,wall_seconds,0.0322209233418107,0.031837692484259605,0.03270668722689152,3,AB,ours_rotated
AB__ours_rotated,bounded,input_graph_binding,python_cpu_seconds,0.03198699999999996,0.03164600000000001,0.032526,3,AB,ours_rotated
AB__ours_rotated,bounded,input_graph_binding,exited_children_cpu_seconds,0.0,0.0,0.0,3,AB,ours_rotated
AB__ours_rotated,bounded,backend_initialization,wall_seconds,0.3720102021470666,0.371138172224164,0.3745922017842531,3,AB,ours_rotated
AB__ours_rotated,bounded,backend_initialization,python_cpu_seconds,0.47871699999999995,0.47788699999999995,0.48139299999999996,3,AB,ours_rotated
AB__ours_rotated,bounded,backend_initialization,exited_children_cpu_seconds,0.0,0.0,0.0,3,AB,ours_rotated
AB__ours_rotated,bounded,execution,wall_seconds,2.4103576447814703,2.407863821834326,2.4206519052386284,3,AB,ours_rotated
AB__ours_rotated,bounded,execution,python_cpu_seconds,1.539073,1.508153,1.547828,3,AB,ours_rotated
AB__ours_rotated,bounded,execution,exited_children_cpu_seconds,0.0,0.0,0.0,3,AB,ours_rotated
AB__ours_rotated,bounded,close_and_network_serialization,wall_seconds,0.012584741227328777,0.012546288780868053,0.012696122750639915,3,AB,ours_rotated
AB__ours_rotated,bounded,close_and_network_serialization,python_cpu_seconds,0.005380999999999858,0.0053399999999999,0.005489000000000299,3,AB,ours_rotated
AB__ours_rotated,bounded,close_and_network_serialization,exited_children_cpu_seconds,0.966854,0.966726,1.003458,3,AB,ours_rotated
AB__ours_rotated,bounded,result_serialization,wall_seconds,0.10315053723752499,0.10260729398578405,0.10459389258176088,3,AB,ours_rotated
AB__ours_rotated,bounded,result_serialization,python_cpu_seconds,0.1027250000000004,0.10199299999999978,0.10407699999999975,3,AB,ours_rotated
AB__ours_rotated,bounded,result_serialization,exited_children_cpu_seconds,0.0,0.0,0.0,3,AB,ours_rotated
AB__ours_rotated,bounded,independent_audit,wall_seconds,0.4388693477958441,0.4369646441191435,0.4400634150952101,3,AB,ours_rotated
AB__ours_rotated,bounded,independent_audit,python_cpu_seconds,0.4363489999999999,0.4348139999999998,0.4380310000000005,3,AB,ours_rotated
AB__ours_rotated,bounded,independent_audit,exited_children_cpu_seconds,0.0,0.0,0.0,3,AB,ours_rotated
AB__ours_rotated,bounded,driver_launch_and_receipt_checks,worker_wall_seconds,3.718815652653575,3.7185914302244782,3.7692580241709948,3,AB,ours_rotated
AB__ours_rotated,bounded,whole_process,python_lifetime_peak_rss_kib,105340,105108,105460,3,AB,ours_rotated
AB__ours_rotated,bounded,whole_process,native_peak_rss_kib,10692,10676,10692,3,AB,ours_rotated
