algorithm,case,placement,memory_bytes_per_cycle,application_cycles,coarse_cycles,critical_compute,critical_memory,critical_network,mean_message_cycles,first_injection_wait,first_flit_router_excess,peak_messages,attention_output_span,attention_consumers_started_early,attention_tail_ranks,ffn_tail_ranks,collective_memory_bytes,collective_adds,network_payload_bytes,network_wire_bytes,endpoint_max_bytes,endpoint_max_mean,max_link_payload_bytes,max_link_wire_bytes,payload_byte_hops,wire_byte_hops,cut_payload_bytes,cut_wire_bytes,cut_bound_cycles
direct,memory-32,baseline,32,12534,12580,3080,9040,414,133.35714285714286,0,6,7,1155,7,[7],[7],303104,14336,114688,168000,114688,4.0,57344,84000,688128,1008000,65536,96000,3
direct,memory-32,ours_rotated,32,12452,12482,3080,9040,332,123.5,0,14,7,1114,7,[7],[7],303104,14336,114688,168000,114688,4.0,49152,72000,475136,696000,65536,96000,1
tree,memory-32,baseline,32,11500,11644,2824,7504,1172,136.14285714285714,0,0,4,1061,7,[7],[7],352256,14336,114688,168000,49152,1.7142857142857142,24576,36000,688128,1008000,81920,120000,4
tree,memory-32,ours_rotated,32,12028,12192,2824,7504,1700,114.35714285714286,0,2,4,1193,7,[7],[7],352256,14336,114688,168000,49152,1.7142857142857142,24576,36000,442368,648000,49152,72000,1
direct,memory-256,baseline,256,4954,5042,3336,986,632,132.07142857142858,0,6,7,320,7,[4],[4],303104,14336,114688,168000,114688,4.0,57344,84000,688128,1008000,65536,96000,3
direct,memory-256,ours_rotated,256,4862,4910,3336,1018,508,123.14285714285714,0,14,7,274,7,[6],[6],303104,14336,114688,168000,114688,4.0,32768,48000,475136,696000,65536,96000,1
tree,memory-256,baseline,256,5278,5286,3080,858,1340,134.28571428571428,0,4,4,457,7,[5],[5],352256,14336,114688,168000,49152,1.7142857142857142,24576,36000,688128,1008000,81920,120000,4
tree,memory-256,ours_rotated,256,5670,5834,3080,890,1700,114.35714285714286,0,2,4,521,7,[7],[7],352256,14336,114688,168000,49152,1.7142857142857142,24576,36000,442368,648000,49152,72000,1
direct,memory-1024,baseline,1024,4461,4593,3336,153,972,136.35714285714286,0,90,7,266,7,[4],[4],303104,14336,114688,168000,114688,4.0,57344,84000,688128,1008000,65536,96000,3
direct,memory-1024,ours_rotated,1024,4225,4257,3336,193,696,126.28571428571429,0,98,7,203,7,[6],[6],303104,14336,114688,168000,114688,4.0,32768,48000,475136,696000,65536,96000,1
tree,memory-1024,baseline,1024,4697,4621,2952,185,1560,136.57142857142858,0,12,4,411,7,[5],[5],352256,14336,114688,168000,49152,1.7142857142857142,24576,36000,688128,1008000,81920,120000,4
tree,memory-1024,ours_rotated,1024,5005,5169,3080,225,1700,114.78571428571429,0,14,4,449,7,[7],[7],352256,14336,114688,168000,49152,1.7142857142857142,24576,36000,442368,648000,49152,72000,1
