placement,host,nic,endpoint,router,layer,x_mm,y_mm
baseline,0,0,0,0,0,-52.0,-49.5
baseline,0,1,1,1,0,-26.0,-49.5
baseline,0,2,2,2,0,0.0,-49.5
baseline,0,3,3,3,0,26.0,-49.5
baseline,1,0,4,4,0,52.0,-49.5
baseline,1,1,5,5,0,-52.0,-16.5
baseline,1,2,6,6,0,-26.0,-16.5
baseline,1,3,7,7,0,0.0,-16.5
baseline,2,0,8,8,0,26.0,-16.5
baseline,2,1,9,9,0,52.0,-16.5
baseline,2,2,10,10,0,-52.0,16.5
baseline,2,3,11,11,0,-26.0,16.5
baseline,3,0,12,12,0,0.0,16.5
baseline,3,1,13,13,0,26.0,16.5
baseline,3,2,14,14,0,52.0,16.5
baseline,3,3,15,15,0,-52.0,49.5
ours_rotated,0,0,0,0,0,-52.0,-59.0
ours_rotated,0,1,3,3,0,26.0,-53.0
ours_rotated,0,2,1,1,0,-26.0,-46.0
ours_rotated,0,3,4,4,0,52.0,-40.0
ours_rotated,1,0,2,2,0,0.0,-33.0
ours_rotated,1,1,5,5,0,-52.0,-26.0
ours_rotated,1,2,8,8,0,26.0,-20.0
ours_rotated,1,3,6,6,0,-26.0,-13.0
ours_rotated,2,0,9,9,0,52.0,-7.0
ours_rotated,2,1,7,7,0,0.0,0.0
ours_rotated,2,2,10,10,0,-52.0,7.0
ours_rotated,2,3,13,13,0,26.0,13.0
ours_rotated,3,0,11,11,0,-26.0,20.0
ours_rotated,3,1,14,14,0,52.0,26.0
ours_rotated,3,2,12,12,0,0.0,33.0
ours_rotated,3,3,15,15,0,-52.0,40.0
