placement,token,flit,source,destination,routers,inter_router_links,configured_link_cycles,configured_router_cycles,injection_wait,injection_to_ejection
baseline,attention_sum/phase/1,0,1,0,"[1, 23, 22, 0]",3,38,16,0,67
baseline,attention_sum/phase/1,1,1,0,"[1, 23, 22, 0]",3,38,16,1,68
baseline,attention_sum/phase/1,2,1,0,"[1, 23, 22, 0]",3,38,16,2,69
baseline,attention_sum/phase/7,3,0,1,"[0, 22, 23, 1]",3,38,16,0,67
baseline,attention_sum/phase/7,4,0,1,"[0, 22, 23, 1]",3,38,16,1,68
baseline,attention_sum/phase/7,5,0,1,"[0, 22, 23, 1]",3,38,16,2,69
baseline,ffn_sum/phase/1,6,1,0,"[1, 23, 22, 0]",3,38,16,0,67
baseline,ffn_sum/phase/1,7,1,0,"[1, 23, 22, 0]",3,38,16,1,68
baseline,ffn_sum/phase/1,8,1,0,"[1, 23, 22, 0]",3,38,16,2,69
baseline,ffn_sum/phase/7,9,0,1,"[0, 22, 23, 1]",3,38,16,0,67
baseline,ffn_sum/phase/7,10,0,1,"[0, 22, 23, 1]",3,38,16,1,68
baseline,ffn_sum/phase/7,11,0,1,"[0, 22, 23, 1]",3,38,16,2,69
ours_rotated,attention_sum/phase/1,0,3,0,"[3, 30, 29, 1, 22, 20, 0]",6,118,28,0,159
ours_rotated,attention_sum/phase/1,1,3,0,"[3, 30, 29, 1, 22, 20, 0]",6,118,28,1,160
ours_rotated,attention_sum/phase/1,2,3,0,"[3, 30, 29, 1, 22, 20, 0]",6,118,28,2,161
ours_rotated,attention_sum/phase/7,3,0,3,"[0, 25, 26, 2, 28, 30, 3]",6,118,28,0,159
ours_rotated,attention_sum/phase/7,4,0,3,"[0, 25, 26, 2, 28, 30, 3]",6,118,28,1,160
ours_rotated,attention_sum/phase/7,5,0,3,"[0, 25, 26, 2, 28, 30, 3]",6,118,28,2,161
ours_rotated,ffn_sum/phase/1,6,3,0,"[3, 30, 29, 1, 22, 20, 0]",6,118,28,0,159
ours_rotated,ffn_sum/phase/1,7,3,0,"[3, 30, 29, 1, 22, 20, 0]",6,118,28,1,160
ours_rotated,ffn_sum/phase/1,8,3,0,"[3, 30, 29, 1, 22, 20, 0]",6,118,28,2,161
ours_rotated,ffn_sum/phase/7,9,0,3,"[0, 25, 26, 2, 28, 30, 3]",6,118,28,0,159
ours_rotated,ffn_sum/phase/7,10,0,3,"[0, 25, 26, 2, 28, 30, 3]",6,118,28,1,160
ours_rotated,ffn_sum/phase/7,11,0,3,"[0, 25, 26, 2, 28, 30, 3]",6,118,28,2,161
