case,mode,backend,metric,median,minimum,maximum,samples
s16,cold,booksim,backend_initialization_seconds,0.34428086318075657,0.3439895138144493,0.3469671783968806,3
s16,cold,booksim,timed_execution_seconds,0.42751701083034277,0.42452862579375505,0.4341495241969824,3
s16,cold,booksim,native_close_and_serialization_seconds,0.004336272366344929,0.004327966831624508,0.004339356906712055,3
s16,cold,booksim,execution_serialization_seconds,0.004834058694541454,0.004795797169208527,0.004851311445236206,3
s16,cold,booksim,readback_independent_audit_seconds,0.01045124139636755,0.010219534859061241,0.010616783052682877,3
s16,cold,booksim,standalone_reference_seconds,0.4993216432631016,0.4986914172768593,0.5492905359715223,3
s16,cold,booksim,execution_cpu_python_seconds,0.20761600000000013,0.20525900000000008,0.21231,3
s16,cold,booksim,backend_total_cpu_seconds,0.8962930000000001,0.8962,0.9034659999999997,3
s16,cold,booksim,native_total_cpu_seconds,0.231959,0.231313,0.234114,3
s16,cold,booksim,backend_total_wall_seconds,0.7806692197918892,0.7806302886456251,0.7876179711893201,3
s16,cold,booksim,python_peak_rss_kib,150952,150952,150952,3
s16,cold,booksim,native_peak_rss_kib,9532,9516,9568,3
s16,cold,booksim,rss_separate_peaks_upper_bound_kib,160484,160468,160520,3
s16,cold,booksim,artifact_bytes,927200,927200,927201,3
s16,cold,booksim,services,492,492,492,3
s16,cold,booksim,phases,440,440,440,3
s16,cold,booksim,packet_services,0,0,0,3
s16,cold,booksim,cold_worker_less_validation_seconds,1.0572461280971766,1.0566213512793183,1.0574706317856908,3
s16,cold,coarse,backend_initialization_seconds,4.327856004238129e-06,4.287809133529663e-06,4.608184099197388e-06,3
s16,cold,coarse,timed_execution_seconds,0.20703488495200872,0.20582027826458216,0.21036498248577118,3
s16,cold,coarse,native_close_and_serialization_seconds,3.0659139156341553e-06,3.0044466257095337e-06,3.236345946788788e-06,3
s16,cold,coarse,execution_serialization_seconds,0.00461609847843647,0.004570172168314457,0.00464017316699028,3
s16,cold,coarse,readback_independent_audit_seconds,0.012735691852867603,0.012387104332447052,0.013003305532038212,3
s16,cold,coarse,standalone_reference_seconds,3.0854716897010803e-06,2.9262155294418335e-06,3.316439688205719e-06,3
s16,cold,coarse,execution_cpu_python_seconds,0.205984,0.204818,0.20940799999999996,3
s16,cold,coarse,backend_total_cpu_seconds,0.21054200000000006,0.20944599999999997,0.21401299999999993,3
s16,cold,coarse,native_total_cpu_seconds,0.0,0.0,0.0,3
s16,cold,coarse,backend_total_wall_seconds,0.21161234937608242,0.21046829596161842,0.21498847473412752,3
s16,cold,coarse,python_peak_rss_kib,150952,150952,150952,3
s16,cold,coarse,native_peak_rss_kib,0,0,0,3
s16,cold,coarse,rss_separate_peaks_upper_bound_kib,150952,150952,150952,3
s16,cold,coarse,artifact_bytes,516682,516682,516682,3
s16,cold,coarse,services,716,716,716,3
s16,cold,coarse,phases,440,440,440,3
s16,cold,coarse,packet_services,0,0,0,3
s16,cold,coarse,cold_worker_less_validation_seconds,0.45240329299122095,0.45190691761672497,0.5019085817039013,3
s16,cold,packet_pipeline,backend_initialization_seconds,0.0021348372101783752,0.00213013868778944,0.002161407843232155,3
s16,cold,packet_pipeline,timed_execution_seconds,0.1791061069816351,0.17654095962643623,0.17949502915143967,3
s16,cold,packet_pipeline,native_close_and_serialization_seconds,0.002565898932516575,0.002477622590959072,0.002688910812139511,3
s16,cold,packet_pipeline,execution_serialization_seconds,0.006820297800004482,0.006734815426170826,0.006977293640375137,3
s16,cold,packet_pipeline,readback_independent_audit_seconds,0.016733726486563683,0.016527599655091763,0.017362961545586586,3
s16,cold,packet_pipeline,standalone_reference_seconds,2.9765069484710693e-06,2.864748239517212e-06,2.985820174217224e-06,3
s16,cold,packet_pipeline,execution_cpu_python_seconds,0.178342,0.175771,0.17852900000000002,3
s16,cold,packet_pipeline,backend_total_cpu_seconds,0.18996299999999997,0.18707999999999997,0.190114,3
s16,cold,packet_pipeline,native_total_cpu_seconds,0.0,0.0,0.0,3
s16,cold,packet_pipeline,backend_total_wall_seconds,0.19077943824231625,0.1879148054867983,0.19113907497376204,3
s16,cold,packet_pipeline,python_peak_rss_kib,150952,150952,150952,3
s16,cold,packet_pipeline,native_peak_rss_kib,0,0,0,3
s16,cold,packet_pipeline,rss_separate_peaks_upper_bound_kib,150952,150952,150952,3
s16,cold,packet_pipeline,artifact_bytes,1065323,1065323,1065323,3
s16,cold,packet_pipeline,services,492,492,492,3
s16,cold,packet_pipeline,phases,440,440,440,3
s16,cold,packet_pipeline,packet_services,672,672,672,3
s16,cold,packet_pipeline,cold_worker_less_validation_seconds,0.49761248379945755,0.44803580082952976,0.4978565461933613,3
s16,reuse_graph,booksim,backend_initialization_seconds,0.03327628318220377,0.032900054939091206,0.35654955450445414,3
s16,reuse_graph,booksim,timed_execution_seconds,0.421100833453238,0.42023788020014763,0.4266402209177613,3
s16,reuse_graph,booksim,native_close_and_serialization_seconds,0.004457399249076843,0.0044569289311766624,0.005162065848708153,3
s16,reuse_graph,booksim,execution_serialization_seconds,0.004920049570500851,0.00486186146736145,0.004933386109769344,3
s16,reuse_graph,booksim,readback_independent_audit_seconds,0.010241387411952019,0.010229473933577538,0.010555055923759937,3
s16,reuse_graph,booksim,standalone_reference_seconds,0.49730526749044657,0.4972428595647216,0.49908039905130863,3
s16,reuse_graph,booksim,execution_cpu_python_seconds,0.20580199999999993,0.20222000000000007,0.20927099999999998,3
s16,reuse_graph,booksim,backend_total_cpu_seconds,0.47863600000000023,0.47208900000000015,0.9018069999999999,3
s16,reuse_graph,booksim,native_total_cpu_seconds,0.22989900000000002,0.226483,0.23084600000000005,3
s16,reuse_graph,booksim,backend_total_wall_seconds,0.46962239127606153,0.4636959070339799,0.786178220063448,3
s16,reuse_graph,booksim,python_peak_rss_kib,150952,150952,150952,3
s16,reuse_graph,booksim,native_peak_rss_kib,9512,9444,9568,3
s16,reuse_graph,booksim,rss_separate_peaks_upper_bound_kib,160464,160396,160520,3
s16,reuse_graph,booksim,artifact_bytes,927284,927284,927284,3
s16,reuse_graph,booksim,services,492,492,492,3
s16,reuse_graph,booksim,phases,440,440,440,3
s16,reuse_graph,booksim,packet_services,0,0,0,3
s16,reuse_graph,coarse,backend_initialization_seconds,3.887340426445007e-06,3.807246685028076e-06,4.327856004238129e-06,3
s16,reuse_graph,coarse,timed_execution_seconds,0.2116575464606285,0.2087623756378889,0.21176712308079004,3
s16,reuse_graph,coarse,native_close_and_serialization_seconds,2.874992787837982e-06,2.7548521757125854e-06,3.0156224966049194e-06,3
s16,reuse_graph,coarse,execution_serialization_seconds,0.0046373577788472176,0.00461767241358757,0.004764138720929623,3
s16,reuse_graph,coarse,readback_independent_audit_seconds,0.01223601121455431,0.011668061837553978,0.012709332630038261,3
s16,reuse_graph,coarse,standalone_reference_seconds,3.1152740120887756e-06,2.8461217880249023e-06,3.3155083656311035e-06,3
s16,reuse_graph,coarse,execution_cpu_python_seconds,0.21075899999999997,0.20777899999999994,0.21085700000000002,3
s16,reuse_graph,coarse,backend_total_cpu_seconds,0.21537899999999993,0.21238599999999996,0.2156070000000001,3
s16,reuse_graph,coarse,native_total_cpu_seconds,0.0,0.0,0.0,3
s16,reuse_graph,coarse,backend_total_wall_seconds,0.2163021070882678,0.21338661015033722,0.21653816476464272,3
s16,reuse_graph,coarse,python_peak_rss_kib,150952,150952,150952,3
s16,reuse_graph,coarse,native_peak_rss_kib,0,0,0,3
s16,reuse_graph,coarse,rss_separate_peaks_upper_bound_kib,150952,150952,150952,3
s16,reuse_graph,coarse,artifact_bytes,516682,516682,516682,3
s16,reuse_graph,coarse,services,716,716,716,3
s16,reuse_graph,coarse,phases,440,440,440,3
s16,reuse_graph,coarse,packet_services,0,0,0,3
s16,reuse_graph,packet_pipeline,backend_initialization_seconds,0.0019218670204281807,0.0019196225330233574,0.002125309780240059,3
s16,reuse_graph,packet_pipeline,timed_execution_seconds,0.17602292448282242,0.1758058648556471,0.1787822274491191,3
s16,reuse_graph,packet_pipeline,native_close_and_serialization_seconds,0.0025306232273578644,0.0024954769760370255,0.0025317054241895676,3
s16,reuse_graph,packet_pipeline,execution_serialization_seconds,0.006634528748691082,0.006456212140619755,0.0066956933587789536,3
s16,reuse_graph,packet_pipeline,readback_independent_audit_seconds,0.016009563580155373,0.015044167637825012,0.016045440919697285,3
s16,reuse_graph,packet_pipeline,standalone_reference_seconds,2.956017851829529e-06,2.944841980934143e-06,3.014691174030304e-06,3
s16,reuse_graph,packet_pipeline,execution_cpu_python_seconds,0.17508999999999997,0.17484899999999987,0.177885,3
s16,reuse_graph,packet_pipeline,backend_total_cpu_seconds,0.18594,0.18583799999999978,0.18917700000000004,3
s16,reuse_graph,packet_pipeline,native_total_cpu_seconds,0.0,0.0,0.0,3
s16,reuse_graph,packet_pipeline,backend_total_wall_seconds,0.1869304645806551,0.18685773760080338,0.19013385381549597,3
s16,reuse_graph,packet_pipeline,python_peak_rss_kib,150952,150952,150952,3
s16,reuse_graph,packet_pipeline,native_peak_rss_kib,0,0,0,3
s16,reuse_graph,packet_pipeline,rss_separate_peaks_upper_bound_kib,150952,150952,150952,3
s16,reuse_graph,packet_pipeline,artifact_bytes,1065323,1065323,1065323,3
s16,reuse_graph,packet_pipeline,services,492,492,492,3
s16,reuse_graph,packet_pipeline,phases,440,440,440,3
s16,reuse_graph,packet_pipeline,packet_services,672,672,672,3
s16,setup_cold,booksim,input_graph_binding_seconds,0.01490623690187931,0.014514079317450523,0.01562782470136881,3
s16,setup_cold,booksim,input_serialization_seconds,0.0029129628092050552,0.002858600579202175,0.002985789440572262,3
s16,setup_cold,coarse,input_graph_binding_seconds,0.016817694529891014,0.014915804378688335,0.0169020127505064,3
s16,setup_cold,coarse,input_serialization_seconds,0.0029679154977202415,0.002949953079223633,0.003038720227777958,3
s16,setup_cold,packet_pipeline,input_graph_binding_seconds,0.01630798541009426,0.015116693452000618,0.017102119512856007,3
s16,setup_cold,packet_pipeline,input_serialization_seconds,0.002987353131175041,0.0028971731662750244,0.0030487878248095512,3
s16,setup_reuse_graph,booksim,input_graph_binding_seconds,0.01660518441349268,0.01660518441349268,0.01660518441349268,1
s16,setup_reuse_graph,booksim,input_serialization_seconds,0.0029694894328713417,0.0029694894328713417,0.0029694894328713417,1
s16,setup_reuse_graph,coarse,input_graph_binding_seconds,0.014906346797943115,0.014906346797943115,0.014906346797943115,1
s16,setup_reuse_graph,coarse,input_serialization_seconds,0.0029344726353883743,0.0029344726353883743,0.0029344726353883743,1
s16,setup_reuse_graph,packet_pipeline,input_graph_binding_seconds,0.015012828633189201,0.015012828633189201,0.015012828633189201,1
s16,setup_reuse_graph,packet_pipeline,input_serialization_seconds,0.0028580790385603905,0.0028580790385603905,0.0028580790385603905,1
s64,cold,booksim,backend_initialization_seconds,0.3520025759935379,0.3507930599153042,0.3524227971211076,3
s64,cold,booksim,timed_execution_seconds,0.45356922689825296,0.4527713255956769,0.4541802676394582,3
s64,cold,booksim,native_close_and_serialization_seconds,0.005862974561750889,0.005841374397277832,0.006039386615157127,3
s64,cold,booksim,execution_serialization_seconds,0.005972300656139851,0.005954377353191376,0.0061779385432600975,3
s64,cold,booksim,readback_independent_audit_seconds,0.01277951430529356,0.012659247033298016,0.012790694832801819,3
s64,cold,booksim,standalone_reference_seconds,1.4001269666478038,1.3506317548453808,1.4004723252728581,3
s64,cold,booksim,execution_cpu_python_seconds,0.21100700000000006,0.20989900000000006,0.2134250000000001,3
s64,cold,booksim,backend_total_cpu_seconds,0.9344790000000001,0.9332429999999998,0.9350639999999999,3
s64,cold,booksim,native_total_cpu_seconds,0.25527,0.253488,0.257905,3
s64,cold,booksim,backend_total_wall_seconds,0.8174114478752017,0.8161796387284994,0.8179965186864138,3
s64,cold,booksim,python_peak_rss_kib,154820,154820,154820,3
s64,cold,booksim,native_peak_rss_kib,10408,10404,10440,3
s64,cold,booksim,rss_separate_peaks_upper_bound_kib,165228,165224,165260,3
s64,cold,booksim,artifact_bytes,1469846,1469845,1469846,3
s64,cold,booksim,services,492,492,492,3
s64,cold,booksim,phases,440,440,440,3
s64,cold,booksim,packet_services,0,0,0,3
s64,cold,booksim,cold_worker_less_validation_seconds,1.15437604021281,1.153765699826181,1.1544918864965439,3
s64,cold,coarse,backend_initialization_seconds,4.909001290798187e-06,4.7292560338974e-06,5.5907294154167175e-06,3
s64,cold,coarse,timed_execution_seconds,0.20892548467963934,0.2078593373298645,0.2096643541008234,3
s64,cold,coarse,native_close_and_serialization_seconds,3.1152740120887756e-06,3.096647560596466e-06,3.205612301826477e-06,3
s64,cold,coarse,execution_serialization_seconds,0.004751012660562992,0.0047107869759202,0.004785617813467979,3
s64,cold,coarse,readback_independent_audit_seconds,0.012699143029749393,0.01268674898892641,0.012835569679737091,3
s64,cold,coarse,standalone_reference_seconds,3.1758099794387817e-06,2.975575625896454e-06,3.38628888130188e-06,3
s64,cold,coarse,execution_cpu_python_seconds,0.207982,0.207073,0.20884299999999997,3
s64,cold,coarse,backend_total_cpu_seconds,0.21275,0.21181200000000003,0.21353000000000003,3
s64,cold,coarse,native_total_cpu_seconds,0.0,0.0,0.0,3
s64,cold,coarse,backend_total_wall_seconds,0.21371989883482456,0.212618175894022,0.2143831653520465,3
s64,cold,coarse,python_peak_rss_kib,154820,154820,154820,3
s64,cold,coarse,native_peak_rss_kib,0,0,0,3
s64,cold,coarse,rss_separate_peaks_upper_bound_kib,154820,154820,154820,3
s64,cold,coarse,artifact_bytes,520657,520657,520657,3
s64,cold,coarse,services,716,716,716,3
s64,cold,coarse,phases,440,440,440,3
s64,cold,coarse,packet_services,0,0,0,3
s64,cold,coarse,cold_worker_less_validation_seconds,0.5021167937666178,0.5018343823030591,0.502243934199214,3
s64,cold,packet_pipeline,backend_initialization_seconds,0.0021217241883277893,0.0020976774394512177,0.0021287063136696815,3
s64,cold,packet_pipeline,timed_execution_seconds,0.1812024526298046,0.18109849840402603,0.18521042726933956,3
s64,cold,packet_pipeline,native_close_and_serialization_seconds,0.00781982857733965,0.007734077982604504,0.007833434268832207,3
s64,cold,packet_pipeline,execution_serialization_seconds,0.011569386348128319,0.01156743336468935,0.011647433042526245,3
s64,cold,packet_pipeline,readback_independent_audit_seconds,0.025662862695753574,0.025541584938764572,0.025688260793685913,3
s64,cold,packet_pipeline,standalone_reference_seconds,3.335997462272644e-06,3.255903720855713e-06,3.4170225262641907e-06,3
s64,cold,packet_pipeline,execution_cpu_python_seconds,0.18043599999999999,0.180313,0.18449300000000002,3
s64,cold,packet_pipeline,backend_total_cpu_seconds,0.2018530000000001,0.201799,0.2058350000000001,3
s64,cold,packet_pipeline,native_total_cpu_seconds,0.0,0.0,0.0,3
s64,cold,packet_pipeline,backend_total_wall_seconds,0.20278099738061428,0.20260748453438282,0.20664259791374207,3
s64,cold,packet_pipeline,python_peak_rss_kib,154820,154820,154820,3
s64,cold,packet_pipeline,native_peak_rss_kib,0,0,0,3
s64,cold,packet_pipeline,rss_separate_peaks_upper_bound_kib,154820,154820,154820,3
s64,cold,packet_pipeline,artifact_bytes,2295835,2295835,2295835,3
s64,cold,packet_pipeline,services,492,492,492,3
s64,cold,packet_pipeline,phases,440,440,440,3
s64,cold,packet_pipeline,packet_services,2016,2016,2016,3
s64,cold,packet_pipeline,cold_worker_less_validation_seconds,0.48914772272109985,0.4889788059517741,0.4891905440017581,3
s64,reuse_graph,booksim,backend_initialization_seconds,0.032410454005002975,0.03217283729463816,0.3527821935713291,3
s64,reuse_graph,booksim,timed_execution_seconds,0.45147476345300674,0.44821505062282085,0.45455056335777044,3
s64,reuse_graph,booksim,native_close_and_serialization_seconds,0.007096797227859497,0.005890287458896637,0.009938525967299938,3
s64,reuse_graph,booksim,execution_serialization_seconds,0.005992960184812546,0.005968574434518814,0.006077168509364128,3
s64,reuse_graph,booksim,readback_independent_audit_seconds,0.013055973686277866,0.012494557537138462,0.013328377157449722,3
s64,reuse_graph,booksim,standalone_reference_seconds,1.349149726331234,1.3488656617701054,1.3500792244449258,3
s64,reuse_graph,booksim,execution_cpu_python_seconds,0.21224900000000024,0.20820799999999973,0.21273599999999993,3
s64,reuse_graph,booksim,backend_total_cpu_seconds,0.5074549999999998,0.5026779999999995,0.9368559999999999,3
s64,reuse_graph,booksim,native_total_cpu_seconds,0.253765,0.253359,0.255725,3
s64,reuse_graph,booksim,backend_total_wall_seconds,0.4968215664848685,0.492508752271533,0.8232398573309183,3
s64,reuse_graph,booksim,python_peak_rss_kib,154820,154820,154820,3
s64,reuse_graph,booksim,native_peak_rss_kib,10360,10352,10364,3
s64,reuse_graph,booksim,rss_separate_peaks_upper_bound_kib,165180,165172,165184,3
s64,reuse_graph,booksim,artifact_bytes,1469930,1469930,1469930,3
s64,reuse_graph,booksim,services,492,492,492,3
s64,reuse_graph,booksim,phases,440,440,440,3
s64,reuse_graph,booksim,packet_services,0,0,0,3
s64,reuse_graph,coarse,backend_initialization_seconds,4.237517714500427e-06,3.826804459095001e-06,5.150213837623596e-06,3
s64,reuse_graph,coarse,timed_execution_seconds,0.20595475193113089,0.20575831271708012,0.2089343797415495,3
s64,reuse_graph,coarse,native_close_and_serialization_seconds,2.7138739824295044e-06,2.6552006602287292e-06,2.9550865292549133e-06,3
s64,reuse_graph,coarse,execution_serialization_seconds,0.004902607761323452,0.004782841540873051,0.0049784015864133835,3
s64,reuse_graph,coarse,readback_independent_audit_seconds,0.012306584045290947,0.01160831842571497,0.012865676544606686,3
s64,reuse_graph,coarse,standalone_reference_seconds,2.9150396585464478e-06,2.8852373361587524e-06,3.1758099794387817e-06,3
s64,reuse_graph,coarse,execution_cpu_python_seconds,0.20510799999999996,0.20488799999999996,0.208071,3
s64,reuse_graph,coarse,backend_total_cpu_seconds,0.2098770000000001,0.20984899999999984,0.212963,3
s64,reuse_graph,coarse,native_total_cpu_seconds,0.0,0.0,0.0,3
s64,reuse_graph,coarse,backend_total_wall_seconds,0.2107447860762477,0.21074319630861282,0.213844851590693,3
s64,reuse_graph,coarse,python_peak_rss_kib,154820,154820,154820,3
s64,reuse_graph,coarse,native_peak_rss_kib,0,0,0,3
s64,reuse_graph,coarse,rss_separate_peaks_upper_bound_kib,154820,154820,154820,3
s64,reuse_graph,coarse,artifact_bytes,520657,520657,520657,3
s64,reuse_graph,coarse,services,716,716,716,3
s64,reuse_graph,coarse,phases,440,440,440,3
s64,reuse_graph,coarse,packet_services,0,0,0,3
s64,reuse_graph,packet_pipeline,backend_initialization_seconds,0.001961451955139637,0.0019524451345205307,0.002149316482245922,3
s64,reuse_graph,packet_pipeline,timed_execution_seconds,0.180998339317739,0.1793186478316784,0.18128785397857428,3
s64,reuse_graph,packet_pipeline,native_close_and_serialization_seconds,0.007161429151892662,0.007145298644900322,0.007904818281531334,3
s64,reuse_graph,packet_pipeline,execution_serialization_seconds,0.011053425259888172,0.01088724285364151,0.011743794195353985,3
s64,reuse_graph,packet_pipeline,readback_independent_audit_seconds,0.02454968821257353,0.022996705025434494,0.024822120554745197,3
s64,reuse_graph,packet_pipeline,standalone_reference_seconds,3.2158568501472473e-06,3.005377948284149e-06,3.5259872674942017e-06,3
s64,reuse_graph,packet_pipeline,execution_cpu_python_seconds,0.18032099999999998,0.1786589999999999,0.18061900000000003,3
s64,reuse_graph,packet_pipeline,backend_total_cpu_seconds,0.20051100000000005,0.19873600000000002,0.20202599999999993,3
s64,reuse_graph,packet_pipeline,native_total_cpu_seconds,0.0,0.0,0.0,3
s64,reuse_graph,packet_pipeline,backend_total_wall_seconds,0.20127284061163664,0.19949495419859886,0.20279626827687025,3
s64,reuse_graph,packet_pipeline,python_peak_rss_kib,154820,154820,154820,3
s64,reuse_graph,packet_pipeline,native_peak_rss_kib,0,0,0,3
s64,reuse_graph,packet_pipeline,rss_separate_peaks_upper_bound_kib,154820,154820,154820,3
s64,reuse_graph,packet_pipeline,artifact_bytes,2295835,2295835,2295835,3
s64,reuse_graph,packet_pipeline,services,492,492,492,3
s64,reuse_graph,packet_pipeline,phases,440,440,440,3
s64,reuse_graph,packet_pipeline,packet_services,2016,2016,2016,3
s64,setup_cold,booksim,input_graph_binding_seconds,0.016606517136096954,0.01621363777667284,0.016894379630684853,3
s64,setup_cold,booksim,input_serialization_seconds,0.0029157083481550217,0.002898765727877617,0.002947518602013588,3
s64,setup_cold,coarse,input_graph_binding_seconds,0.01737838052213192,0.016978728584945202,0.01762748882174492,3
s64,setup_cold,coarse,input_serialization_seconds,0.0030194642022252083,0.002969047985970974,0.003043878823518753,3
s64,setup_cold,packet_pipeline,input_graph_binding_seconds,0.01691859494894743,0.016478816978633404,0.017496041022241116,3
s64,setup_cold,packet_pipeline,input_serialization_seconds,0.0030466942116618156,0.002983805723488331,0.0030745966359972954,3
s64,setup_reuse_graph,booksim,input_graph_binding_seconds,0.016761197708547115,0.016761197708547115,0.016761197708547115,1
s64,setup_reuse_graph,booksim,input_serialization_seconds,0.0029607033357024193,0.0029607033357024193,0.0029607033357024193,1
s64,setup_reuse_graph,coarse,input_graph_binding_seconds,0.0166493970900774,0.0166493970900774,0.0166493970900774,1
s64,setup_reuse_graph,coarse,input_serialization_seconds,0.003007691353559494,0.003007691353559494,0.003007691353559494,1
s64,setup_reuse_graph,packet_pipeline,input_graph_binding_seconds,0.01653748843818903,0.01653748843818903,0.01653748843818903,1
s64,setup_reuse_graph,packet_pipeline,input_serialization_seconds,0.002926989458501339,0.002926989458501339,0.002926989458501339,1
