case,backend,token,source_endpoint,packet_ordinal,cycle,relative_cycle
s64,booksim,attention_sum/phase/2,1,0,13077,57
s64,booksim,attention_sum/phase/18,5,0,13079,59
s64,booksim,attention_sum/phase/2,1,1,13081,61
s64,booksim,attention_sum/phase/18,5,1,13083,63
s64,booksim,attention_sum/phase/2,1,2,13085,65
s64,booksim,attention_sum/phase/18,5,2,13087,67
s64,booksim,attention_sum/phase/22,6,0,13089,69
s64,booksim,attention_sum/phase/2,1,3,13091,71
s64,booksim,attention_sum/phase/18,5,3,13093,73
s64,booksim,attention_sum/phase/22,6,1,13095,75
s64,booksim,attention_sum/phase/2,1,4,13097,77
s64,booksim,attention_sum/phase/18,5,4,13099,79
s64,booksim,attention_sum/phase/22,6,2,13101,81
s64,booksim,attention_sum/phase/2,1,5,13103,83
s64,booksim,attention_sum/phase/18,5,5,13105,85
s64,booksim,attention_sum/phase/22,6,3,13107,87
s64,booksim,attention_sum/phase/2,1,6,13109,89
s64,booksim,attention_sum/phase/18,5,6,13111,91
s64,booksim,attention_sum/phase/22,6,4,13113,93
s64,booksim,attention_sum/phase/2,1,7,13115,95
s64,booksim,attention_sum/phase/18,5,7,13117,97
s64,booksim,attention_sum/phase/22,6,5,13119,99
s64,booksim,attention_sum/phase/2,1,8,13121,101
s64,booksim,attention_sum/phase/18,5,8,13123,103
s64,booksim,attention_sum/phase/22,6,6,13125,105
s64,booksim,attention_sum/phase/22,6,7,13127,107
s64,booksim,attention_sum/phase/22,6,8,13129,109
s64,booksim,attention_sum/phase/26,7,0,13136,116
s64,booksim,attention_sum/phase/26,7,1,13138,118
s64,booksim,attention_sum/phase/26,7,2,13140,120
s64,booksim,attention_sum/phase/26,7,3,13142,122
s64,booksim,attention_sum/phase/26,7,4,13144,124
s64,booksim,attention_sum/phase/6,2,0,13146,126
s64,booksim,attention_sum/phase/26,7,5,13148,128
s64,booksim,attention_sum/phase/6,2,1,13150,130
s64,booksim,attention_sum/phase/26,7,6,13152,132
s64,booksim,attention_sum/phase/6,2,2,13154,134
s64,booksim,attention_sum/phase/26,7,7,13156,136
s64,booksim,attention_sum/phase/6,2,3,13158,138
s64,booksim,attention_sum/phase/26,7,8,13160,140
s64,booksim,attention_sum/phase/6,2,4,13162,142
s64,booksim,attention_sum/phase/6,2,5,13164,144
s64,booksim,attention_sum/phase/6,2,6,13166,146
s64,booksim,attention_sum/phase/6,2,7,13168,148
s64,booksim,attention_sum/phase/6,2,8,13170,150
s64,booksim,attention_sum/phase/10,3,0,13195,175
s64,booksim,attention_sum/phase/10,3,1,13197,177
s64,booksim,attention_sum/phase/10,3,2,13199,179
s64,booksim,attention_sum/phase/10,3,3,13201,181
s64,booksim,attention_sum/phase/10,3,4,13203,183
s64,booksim,attention_sum/phase/10,3,5,13205,185
s64,booksim,attention_sum/phase/10,3,6,13207,187
s64,booksim,attention_sum/phase/10,3,7,13209,189
s64,booksim,attention_sum/phase/10,3,8,13211,191
s64,booksim,attention_sum/phase/14,4,0,13245,225
s64,booksim,attention_sum/phase/14,4,1,13247,227
s64,booksim,attention_sum/phase/14,4,2,13249,229
s64,booksim,attention_sum/phase/14,4,3,13251,231
s64,booksim,attention_sum/phase/14,4,4,13253,233
s64,booksim,attention_sum/phase/14,4,5,13255,235
s64,booksim,attention_sum/phase/14,4,6,13257,237
s64,booksim,attention_sum/phase/14,4,7,13259,239
s64,booksim,attention_sum/phase/14,4,8,13261,241
s64,packet_pipeline,attention_sum/phase/2,1,0,13077,57
s64,packet_pipeline,attention_sum/phase/18,5,0,13079,59
s64,packet_pipeline,attention_sum/phase/2,1,1,13081,61
s64,packet_pipeline,attention_sum/phase/18,5,1,13083,63
s64,packet_pipeline,attention_sum/phase/2,1,2,13085,65
s64,packet_pipeline,attention_sum/phase/18,5,2,13087,67
s64,packet_pipeline,attention_sum/phase/2,1,3,13089,69
s64,packet_pipeline,attention_sum/phase/18,5,3,13091,71
s64,packet_pipeline,attention_sum/phase/2,1,4,13093,73
s64,packet_pipeline,attention_sum/phase/22,6,0,13095,75
s64,packet_pipeline,attention_sum/phase/18,5,4,13097,77
s64,packet_pipeline,attention_sum/phase/2,1,5,13099,79
s64,packet_pipeline,attention_sum/phase/22,6,1,13101,81
s64,packet_pipeline,attention_sum/phase/18,5,5,13103,83
s64,packet_pipeline,attention_sum/phase/2,1,6,13105,85
s64,packet_pipeline,attention_sum/phase/22,6,2,13107,87
s64,packet_pipeline,attention_sum/phase/18,5,6,13109,89
s64,packet_pipeline,attention_sum/phase/2,1,7,13111,91
s64,packet_pipeline,attention_sum/phase/22,6,3,13113,93
s64,packet_pipeline,attention_sum/phase/18,5,7,13115,95
s64,packet_pipeline,attention_sum/phase/2,1,8,13117,97
s64,packet_pipeline,attention_sum/phase/22,6,4,13119,99
s64,packet_pipeline,attention_sum/phase/18,5,8,13121,101
s64,packet_pipeline,attention_sum/phase/22,6,5,13123,103
s64,packet_pipeline,attention_sum/phase/22,6,6,13125,105
s64,packet_pipeline,attention_sum/phase/22,6,7,13127,107
s64,packet_pipeline,attention_sum/phase/22,6,8,13129,109
s64,packet_pipeline,attention_sum/phase/26,7,0,13136,116
s64,packet_pipeline,attention_sum/phase/26,7,1,13138,118
s64,packet_pipeline,attention_sum/phase/26,7,2,13140,120
s64,packet_pipeline,attention_sum/phase/26,7,3,13142,122
s64,packet_pipeline,attention_sum/phase/26,7,4,13144,124
s64,packet_pipeline,attention_sum/phase/6,2,0,13146,126
s64,packet_pipeline,attention_sum/phase/26,7,5,13148,128
s64,packet_pipeline,attention_sum/phase/6,2,1,13150,130
s64,packet_pipeline,attention_sum/phase/26,7,6,13152,132
s64,packet_pipeline,attention_sum/phase/6,2,2,13154,134
s64,packet_pipeline,attention_sum/phase/26,7,7,13156,136
s64,packet_pipeline,attention_sum/phase/6,2,3,13158,138
s64,packet_pipeline,attention_sum/phase/26,7,8,13160,140
s64,packet_pipeline,attention_sum/phase/6,2,4,13162,142
s64,packet_pipeline,attention_sum/phase/6,2,5,13164,144
s64,packet_pipeline,attention_sum/phase/6,2,6,13166,146
s64,packet_pipeline,attention_sum/phase/6,2,7,13168,148
s64,packet_pipeline,attention_sum/phase/6,2,8,13170,150
s64,packet_pipeline,attention_sum/phase/10,3,0,13195,175
s64,packet_pipeline,attention_sum/phase/10,3,1,13197,177
s64,packet_pipeline,attention_sum/phase/10,3,2,13199,179
s64,packet_pipeline,attention_sum/phase/10,3,3,13201,181
s64,packet_pipeline,attention_sum/phase/10,3,4,13203,183
s64,packet_pipeline,attention_sum/phase/10,3,5,13205,185
s64,packet_pipeline,attention_sum/phase/10,3,6,13207,187
s64,packet_pipeline,attention_sum/phase/10,3,7,13209,189
s64,packet_pipeline,attention_sum/phase/10,3,8,13211,191
s64,packet_pipeline,attention_sum/phase/14,4,0,13245,225
s64,packet_pipeline,attention_sum/phase/14,4,1,13247,227
s64,packet_pipeline,attention_sum/phase/14,4,2,13249,229
s64,packet_pipeline,attention_sum/phase/14,4,3,13251,231
s64,packet_pipeline,attention_sum/phase/14,4,4,13253,233
s64,packet_pipeline,attention_sum/phase/14,4,5,13255,235
s64,packet_pipeline,attention_sum/phase/14,4,6,13257,237
s64,packet_pipeline,attention_sum/phase/14,4,7,13259,239
s64,packet_pipeline,attention_sum/phase/14,4,8,13261,241
