name,kind,token,ready,bytes,D1_cycles,S_cycles,error_cycles,error_percent,independent_D1_cycles,D1_sharing_excess_cycles
single-hb0-16,single,component-0,0,16,13,13,0,0.0,13,0
single-hb0-65,single,component-0,0,65,15,15,0,0.0,15,0
single-hb0-16384,single,component-0,0,16384,523,523,0,0.0,523,0
single-hb0-65536,single,component-0,0,65536,2059,2059,0,0.0,2059,0
single-dram3-16,single,component-0,0,16,76,76,0,0.0,76,0
single-dram3-65,single,component-0,0,65,78,78,0,0.0,78,0
single-dram3-16384,single,component-0,0,16384,586,586,0,0.0,586,0
single-dram3-65536,single,component-0,0,65536,2122,2122,0,0.0,2122,0
single-c2c3-16,single,component-0,0,16,71,71,0,0.0,71,0
single-c2c3-65,single,component-0,0,65,73,73,0,0.0,73,0
single-c2c3-16384,single,component-0,0,16384,581,581,0,0.0,581,0
single-c2c3-65536,single,component-0,0,65536,2117,2117,0,0.0,2117,0
single-io-in-16,single,component-0,0,16,95,95,0,0.0,95,0
single-io-in-65,single,component-0,0,65,97,97,0,0.0,97,0
single-io-in-16384,single,component-0,0,16384,605,605,0,0.0,605,0
single-io-in-65536,single,component-0,0,65536,2141,2141,0,0.0,2141,0
single-io-out-16,single,component-0,0,16,95,95,0,0.0,95,0
single-io-out-65,single,component-0,0,65,97,97,0,0.0,97,0
single-io-out-16384,single,component-0,0,16384,605,605,0,0.0,605,0
single-io-out-65536,single,component-0,0,65536,2141,2141,0,0.0,2141,0
two-shared-stagger-0,two-shared,component-0,0,65536,4170,4149,21,0.5061460592914013,2122,2048
two-shared-stagger-0,two-shared,component-1,0,65536,4170,4148,22,0.5303760848601735,2122,2048
two-shared-stagger-509,two-shared,component-0,0,65536,3661,3682,-21,-0.5703422053231932,2122,1539
two-shared-stagger-509,two-shared,component-1,509,65536,3661,3682,-21,-0.5703422053231932,2122,1539
two-shared-stagger-3000,two-shared,component-0,0,65536,2122,2122,0,0.0,2122,0
two-shared-stagger-3000,two-shared,component-1,3000,65536,2122,2122,0,0.0,2122,0
three-shared-stagger-0,three-shared,component-0,0,65536,6218,6176,42,0.680051813471505,2122,4096
three-shared-stagger-0,three-shared,component-1,0,65536,6218,6175,43,0.6963562753036445,2122,4096
three-shared-stagger-0,three-shared,component-2,0,65536,6218,4148,2070,49.90356798457087,2122,4096
three-shared-stagger-509,three-shared,component-0,0,65536,4946,5730,-784,-13.682373472949394,2122,2824
three-shared-stagger-509,three-shared,component-1,509,65536,5455,5730,-275,-4.799301919720767,2122,3333
three-shared-stagger-509,three-shared,component-2,1018,65536,5201,4168,1033,24.784069097888683,2122,3079
three-shared-stagger-3000,three-shared,component-0,0,65536,2122,2122,0,0.0,2122,0
three-shared-stagger-3000,three-shared,component-1,3000,65536,2122,2122,0,0.0,2122,0
three-shared-stagger-3000,three-shared,component-2,6000,65536,2122,2122,0,0.0,2122,0
two-disjoint-stagger-0,two-disjoint,component-0,0,65536,2122,2122,0,0.0,2122,0
two-disjoint-stagger-0,two-disjoint,component-1,0,65536,2122,2122,0,0.0,2122,0
two-disjoint-stagger-509,two-disjoint,component-0,0,65536,2122,2122,0,0.0,2122,0
two-disjoint-stagger-509,two-disjoint,component-1,509,65536,2122,2122,0,0.0,2122,0
two-reverse-stagger-0,two-reverse,component-0,0,65536,2122,2123,-1,-0.047103155911443206,2122,0
two-reverse-stagger-0,two-reverse,component-1,0,65536,2122,2123,-1,-0.047103155911443206,2122,0
two-dram-c2c-stagger-0,two-dram-c2c,component-0,0,65536,4170,4144,26,0.6274131274131234,2122,2048
two-dram-c2c-stagger-0,two-dram-c2c,component-1,0,65536,4165,4139,26,0.6281710558105891,2117,2048
two-dram-c2c-stagger-509,two-dram-c2c,component-0,0,65536,3661,3686,-25,-0.6782419967444331,2122,1539
two-dram-c2c-stagger-509,two-dram-c2c,component-1,509,65536,3656,3682,-26,-0.7061379684953795,2117,1539
two-dram-c2c-stagger-3000,two-dram-c2c,component-0,0,65536,2122,2122,0,0.0,2122,0
two-dram-c2c-stagger-3000,two-dram-c2c,component-1,3000,65536,2117,2117,0,0.0,2117,0
two-dram-io-stagger-0,two-dram-io,component-0,0,65536,4170,4130,40,0.9685230024213176,2122,2048
two-dram-io-stagger-0,two-dram-io,component-1,0,65536,4189,4149,40,0.9640877319836205,2141,2048
two-dram-io-stagger-509,two-dram-io,component-0,0,65536,3661,3620,41,1.1325966850828761,2122,1539
two-dram-io-stagger-509,two-dram-io,component-1,509,65536,3680,3640,40,1.098901098901095,2141,1539
two-dram-io-stagger-3000,two-dram-io,component-0,0,65536,2122,2122,0,0.0,2122,0
two-dram-io-stagger-3000,two-dram-io,component-1,3000,65536,2141,2141,0,0.0,2141,0
three-mixed-stagger-0,three-mixed,component-0,0,65536,6218,6172,46,0.7453013609850956,2122,4096
three-mixed-stagger-0,three-mixed,component-1,0,65536,6213,4139,2074,50.10872191350568,2117,4096
three-mixed-stagger-0,three-mixed,component-2,0,65536,6279,6234,45,0.7218479307026016,2183,4096
three-mixed-stagger-509,three-mixed,component-0,0,65536,4946,5412,-466,-8.610495195861045,2122,2824
three-mixed-stagger-509,three-mixed,component-1,509,65536,5450,4164,1286,30.883765609990398,2117,3333
three-mixed-stagger-509,three-mixed,component-2,1018,65536,5262,5242,20,0.38153376573826225,2183,3079
two-source-stagger-0,two-source,component-0,0,65536,4128,2080,2048,98.46153846153847,2080,2048
two-source-stagger-0,two-source,component-1,0,65536,4149,4149,0,0.0,2101,2048
