side,layout,model,token,bytes,ready,duration_cycles,reference_duration_cycles,service_error_cycles,service_error_percent,ready_error_cycles
4,local,D0,first0/phase/0,16,0,32,32,0,0.0,0
4,local,D1,first0/phase/0,16,0,32,32,0,0.0,0
4,local,S,first0/phase/0,16,0,32,32,0,0.0,0
4,local,D0,first0/phase/4,16384,888,542,542,0,0.0,0
4,local,D1,first0/phase/4,16384,888,542,542,0,0.0,0
4,local,S,first0/phase/4,16384,888,542,542,0,0.0,0
4,local,D0,first0/phase/6,16,1686,13,13,0,0.0,0
4,local,D1,first0/phase/6,16,1686,13,13,0,0.0,0
4,local,S,first0/phase/6,16,1686,13,13,0,0.0,0
4,local,D0,first0/phase/10,65536,4805,2059,2059,0,0.0,0
4,local,D1,first0/phase/10,65536,4805,2059,2059,0,0.0,0
4,local,S,first0/phase/10,65536,4805,2059,2059,0,0.0,0
4,local,D0,second0/phase/1,16384,11728,539,539,0,0.0,0
4,local,D1,second0/phase/1,16384,11966,539,539,0,0.0,238
4,local,S,second0/phase/1,16384,11728,539,539,0,0.0,0
4,local,D0,second0/phase/3,16,12523,13,13,0,0.0,0
4,local,D1,second0/phase/3,16,12761,13,13,0,0.0,238
4,local,S,second0/phase/3,16,12523,13,13,0,0.0,0
4,local,D0,second0/phase/7,65536,15642,2059,2059,0,0.0,0
4,local,D1,second0/phase/7,65536,15880,2059,2059,0,0.0,238
4,local,S,second0/phase/7,65536,15642,2059,2059,0,0.0,0
4,local,D0,second0/phase/13,16384,22565,523,523,0,0.0,0
4,local,D1,second0/phase/13,16384,22803,523,523,0,0.0,238
4,local,S,second0/phase/13,16384,22565,523,523,0,0.0,0
4,local,D0,second0/phase/16,16,23890,13,13,0,0.0,0
4,local,D1,second0/phase/16,16,24128,13,13,0,0.0,238
4,local,S,second0/phase/16,16,23890,13,13,0,0.0,0
4,clustered_local,D0,first1/phase/0,16,0,34,34,0,0.0,0
4,clustered_local,D1,first1/phase/0,16,0,38,34,4,11.764705882352944,0
4,clustered_local,S,first1/phase/0,16,0,34,34,0,0.0,0
4,clustered_local,D0,first0/phase/10,65536,9284,2059,2059,0,0.0,0
4,clustered_local,D1,first0/phase/10,65536,9288,2059,2059,0,0.0,4
4,clustered_local,S,first0/phase/10,65536,9284,2059,2059,0,0.0,0
4,clustered_local,D0,second0/phase/1,16384,16207,539,699,-160,-22.889842632331902,0
4,clustered_local,D1,second0/phase/1,16384,16211,1051,699,352,50.3576537911302,4
4,clustered_local,S,second0/phase/1,16384,16207,699,699,0,0.0,0
4,clustered_local,D0,second0/phase/3,16,17002,34,35,-1,-2.857142857142858,-160
4,clustered_local,D1,second0/phase/3,16,17518,34,35,-1,-2.857142857142858,356
4,clustered_local,S,second0/phase/3,16,17162,35,35,0,0.0,0
4,clustered_local,D0,second15/phase/7,65536,22232,2059,2092,-33,-1.5774378585086013,-119
4,clustered_local,D1,second15/phase/7,65536,22706,2101,2092,9,0.4302103250477973,355
4,clustered_local,S,second15/phase/7,65536,22351,2092,2092,0,0.0,0
4,clustered_local,D0,second15/phase/13,16384,29155,523,523,0,0.0,-152
4,clustered_local,D1,second15/phase/13,16384,29671,523,523,0,0.0,364
4,clustered_local,S,second15/phase/13,16384,29307,523,523,0,0.0,0
4,clustered_local,D0,second15/phase/16,16,30480,13,13,0,0.0,-152
4,clustered_local,D1,second15/phase/16,16,30996,13,13,0,0.0,364
4,clustered_local,S,second15/phase/16,16,30632,13,13,0,0.0,0
4,remote_balanced,D0,first11/phase/0,16,0,55,55,0,0.0,0
4,remote_balanced,D1,first11/phase/0,16,0,57,55,2,3.6363636363636376,0
4,remote_balanced,S,first11/phase/0,16,0,55,55,0,0.0,0
4,remote_balanced,D0,first11/phase/4,65536,3161,2101,4129,-2028,-49.116008718818115,0
4,remote_balanced,D1,first11/phase/4,65536,3163,4149,4129,20,0.4843787842092606,2
4,remote_balanced,S,first11/phase/4,65536,3161,4129,4129,0,0.0,0
4,remote_balanced,D0,second11/phase/1,16384,10126,620,618,2,0.3236245954692629,-2028
4,remote_balanced,D1,second11/phase/1,16384,12176,602,618,-16,-2.588996763754048,22
4,remote_balanced,S,second11/phase/1,16384,12154,618,618,0,0.0,0
4,remote_balanced,D0,second11/phase/3,16,11002,55,55,0,0.0,-2026
4,remote_balanced,D1,second11/phase/3,16,13034,57,55,2,3.6363636363636376,6
4,remote_balanced,S,second11/phase/3,16,13028,55,55,0,0.0,0
4,remote_balanced,D0,second11/phase/7,65536,14163,2101,4142,-2041,-49.27571221632062,-2026
4,remote_balanced,D1,second11/phase/7,65536,16197,4149,4142,7,0.16900048285852787,8
4,remote_balanced,S,second11/phase/7,65536,16189,4142,4142,0,0.0,0
4,remote_balanced,D0,second11/phase/13,16384,21128,565,1044,-479,-45.88122605363984,-4067
4,remote_balanced,D1,second11/phase/13,16384,25210,1077,1044,33,3.1609195402298784,15
4,remote_balanced,S,second11/phase/13,16384,25195,1044,1044,0,0.0,0
4,remote_balanced,D0,second11/phase/16,16,22495,55,55,0,0.0,-4546
4,remote_balanced,D1,second11/phase/16,16,27089,57,55,2,3.6363636363636376,48
4,remote_balanced,S,second11/phase/16,16,27041,55,55,0,0.0,0
6,local,D0,first0/phase/0,16,0,32,32,0,0.0,0
6,local,D1,first0/phase/0,16,0,32,32,0,0.0,0
6,local,S,first0/phase/0,16,0,32,32,0,0.0,0
6,local,D0,first0/phase/4,16384,888,542,542,0,0.0,0
6,local,D1,first0/phase/4,16384,888,542,542,0,0.0,0
6,local,S,first0/phase/4,16384,888,542,542,0,0.0,0
6,local,D0,first0/phase/6,16,1686,13,13,0,0.0,0
6,local,D1,first0/phase/6,16,1686,13,13,0,0.0,0
6,local,S,first0/phase/6,16,1686,13,13,0,0.0,0
6,local,D0,first0/phase/10,65536,4805,2059,2059,0,0.0,0
6,local,D1,first0/phase/10,65536,4805,2059,2059,0,0.0,0
6,local,S,first0/phase/10,65536,4805,2059,2059,0,0.0,0
6,local,D0,second0/phase/1,16384,11728,539,539,0,0.0,0
6,local,D1,second0/phase/1,16384,11984,539,539,0,0.0,256
6,local,S,second0/phase/1,16384,11728,539,539,0,0.0,0
6,local,D0,second0/phase/3,16,12523,13,13,0,0.0,0
6,local,D1,second0/phase/3,16,12779,13,13,0,0.0,256
6,local,S,second0/phase/3,16,12523,13,13,0,0.0,0
6,local,D0,second0/phase/7,65536,15642,2059,2059,0,0.0,0
6,local,D1,second0/phase/7,65536,15898,2059,2059,0,0.0,256
6,local,S,second0/phase/7,65536,15642,2059,2059,0,0.0,0
6,local,D0,second0/phase/13,16384,22565,523,523,0,0.0,0
6,local,D1,second0/phase/13,16384,22821,523,523,0,0.0,256
6,local,S,second0/phase/13,16384,22565,523,523,0,0.0,0
6,local,D0,second0/phase/16,16,23890,13,13,0,0.0,0
6,local,D1,second0/phase/16,16,24146,13,13,0,0.0,256
6,local,S,second0/phase/16,16,23890,13,13,0,0.0,0
6,clustered_local,D0,first1/phase/0,16,0,34,34,0,0.0,0
6,clustered_local,D1,first1/phase/0,16,0,38,34,4,11.764705882352944,0
6,clustered_local,S,first1/phase/0,16,0,34,34,0,0.0,0
6,clustered_local,D0,first0/phase/10,65536,9284,2059,2059,0,0.0,0
6,clustered_local,D1,first0/phase/10,65536,9288,2059,2059,0,0.0,4
6,clustered_local,S,first0/phase/10,65536,9284,2059,2059,0,0.0,0
6,clustered_local,D0,second0/phase/1,16384,16207,539,699,-160,-22.889842632331902,0
6,clustered_local,D1,second0/phase/1,16384,16211,1051,699,352,50.3576537911302,4
6,clustered_local,S,second0/phase/1,16384,16207,699,699,0,0.0,0
6,clustered_local,D0,second0/phase/3,16,17002,34,35,-1,-2.857142857142858,-160
6,clustered_local,D1,second0/phase/3,16,17518,34,35,-1,-2.857142857142858,356
6,clustered_local,S,second0/phase/3,16,17162,35,35,0,0.0,0
6,clustered_local,D0,second35/phase/7,65536,22232,2059,2092,-33,-1.5774378585086013,-119
6,clustered_local,D1,second35/phase/7,65536,22706,2101,2092,9,0.4302103250477973,355
6,clustered_local,S,second35/phase/7,65536,22351,2092,2092,0,0.0,0
6,clustered_local,D0,second35/phase/13,16384,29155,523,523,0,0.0,-152
6,clustered_local,D1,second35/phase/13,16384,29671,523,523,0,0.0,364
6,clustered_local,S,second35/phase/13,16384,29307,523,523,0,0.0,0
6,clustered_local,D0,second35/phase/16,16,30480,13,13,0,0.0,-152
6,clustered_local,D1,second35/phase/16,16,30996,13,13,0,0.0,364
6,clustered_local,S,second35/phase/16,16,30632,13,13,0,0.0,0
6,remote_balanced,D0,first17/phase/0,16,0,76,76,0,0.0,0
6,remote_balanced,D1,first17/phase/0,16,0,80,76,4,5.263157894736836,0
6,remote_balanced,S,first17/phase/0,16,0,76,76,0,0.0,0
6,remote_balanced,D0,first17/phase/4,65536,3182,2122,6177,-4055,-65.64675408774485,0
6,remote_balanced,D1,first17/phase/4,65536,3186,6218,6177,41,0.6637526307268882,4
6,remote_balanced,S,first17/phase/4,65536,3182,6177,6177,0,0.0,0
6,remote_balanced,D0,second17/phase/1,16384,10168,650,649,1,0.15408320493066618,-4055
6,remote_balanced,D1,second17/phase/1,16384,14268,644,649,-5,-0.7704160246533087,45
6,remote_balanced,S,second17/phase/1,16384,14223,649,649,0,0.0,0
6,remote_balanced,D0,second17/phase/3,16,11074,76,76,0,0.0,-4054
6,remote_balanced,D1,second17/phase/3,16,15168,80,76,4,5.263157894736836,40
6,remote_balanced,S,second17/phase/3,16,15128,76,76,0,0.0,0
6,remote_balanced,D0,second17/phase/7,65536,14256,2122,6171,-4049,-65.61335277912819,-4054
6,remote_balanced,D1,second17/phase/7,65536,18354,6218,6171,47,0.7616269648355267,44
6,remote_balanced,S,second17/phase/7,65536,18310,6171,6171,0,0.0,0
6,remote_balanced,D0,second17/phase/13,16384,21242,586,1080,-494,-45.74074074074074,-8103
6,remote_balanced,D1,second17/phase/13,16384,29436,1612,1080,532,49.25925925925927,91
6,remote_balanced,S,second17/phase/13,16384,29345,1080,1080,0,0.0,0
6,remote_balanced,D0,second17/phase/16,16,22630,76,76,0,0.0,-8597
6,remote_balanced,D1,second17/phase/16,16,31850,80,76,4,5.263157894736836,623
6,remote_balanced,S,second17/phase/16,16,31227,76,76,0,0.0,0
7,local,D0,first0/phase/0,16,0,32,32,0,0.0,0
7,local,D1,first0/phase/0,16,0,32,32,0,0.0,0
7,local,S,first0/phase/0,16,0,32,32,0,0.0,0
7,local,D0,first0/phase/4,16384,888,542,542,0,0.0,0
7,local,D1,first0/phase/4,16384,888,542,542,0,0.0,0
7,local,S,first0/phase/4,16384,888,542,542,0,0.0,0
7,local,D0,first0/phase/6,16,1686,13,13,0,0.0,0
7,local,D1,first0/phase/6,16,1686,13,13,0,0.0,0
7,local,S,first0/phase/6,16,1686,13,13,0,0.0,0
7,local,D0,first0/phase/10,65536,4805,2059,2059,0,0.0,0
7,local,D1,first0/phase/10,65536,4805,2059,2059,0,0.0,0
7,local,S,first0/phase/10,65536,4805,2059,2059,0,0.0,0
7,local,D0,second0/phase/1,16384,11728,539,539,0,0.0,0
7,local,D1,second0/phase/1,16384,11984,539,539,0,0.0,256
7,local,S,second0/phase/1,16384,11728,539,539,0,0.0,0
7,local,D0,second0/phase/3,16,12523,13,13,0,0.0,0
7,local,D1,second0/phase/3,16,12779,13,13,0,0.0,256
7,local,S,second0/phase/3,16,12523,13,13,0,0.0,0
7,local,D0,second0/phase/7,65536,15642,2059,2059,0,0.0,0
7,local,D1,second0/phase/7,65536,15898,2059,2059,0,0.0,256
7,local,S,second0/phase/7,65536,15642,2059,2059,0,0.0,0
7,local,D0,second0/phase/13,16384,22565,523,523,0,0.0,0
7,local,D1,second0/phase/13,16384,22821,523,523,0,0.0,256
7,local,S,second0/phase/13,16384,22565,523,523,0,0.0,0
7,local,D0,second0/phase/16,16,23890,13,13,0,0.0,0
7,local,D1,second0/phase/16,16,24146,13,13,0,0.0,256
7,local,S,second0/phase/16,16,23890,13,13,0,0.0,0
7,clustered_local,D0,first1/phase/0,16,0,34,34,0,0.0,0
7,clustered_local,D1,first1/phase/0,16,0,38,34,4,11.764705882352944,0
7,clustered_local,S,first1/phase/0,16,0,34,34,0,0.0,0
7,clustered_local,D0,first0/phase/10,65536,9284,2059,2571,-512,-19.91443018280824,0
7,clustered_local,D1,first0/phase/10,65536,9288,2571,2571,0,0.0,4
7,clustered_local,S,first0/phase/10,65536,9284,2571,2571,0,0.0,0
7,clustered_local,D0,second0/phase/1,16384,16207,539,539,0,0.0,-512
7,clustered_local,D1,second0/phase/1,16384,16723,539,539,0,0.0,4
7,clustered_local,S,second0/phase/1,16384,16719,539,539,0,0.0,0
7,clustered_local,D0,second0/phase/3,16,17002,34,34,0,0.0,-512
7,clustered_local,D1,second0/phase/3,16,17518,34,34,0,0.0,4
7,clustered_local,S,second0/phase/3,16,17514,34,34,0,0.0,0
7,clustered_local,D0,second0/phase/7,65536,20247,2080,2082,-2,-0.09606147934678733,-407
7,clustered_local,D1,second0/phase/7,65536,20760,2080,2082,-2,-0.09606147934678733,106
7,clustered_local,S,second0/phase/7,65536,20654,2082,2082,0,0.0,0
7,clustered_local,D0,second0/phase/13,16384,27191,544,544,0,0.0,-409
7,clustered_local,D1,second0/phase/13,16384,27704,544,544,0,0.0,104
7,clustered_local,S,second0/phase/13,16384,27600,544,544,0,0.0,0
7,clustered_local,D0,second0/phase/16,16,28537,34,34,0,0.0,-409
7,clustered_local,D1,second0/phase/16,16,29050,34,34,0,0.0,104
7,clustered_local,S,second0/phase/16,16,28946,34,34,0,0.0,0
7,remote_balanced,D0,first21/phase/0,16,0,76,76,0,0.0,0
7,remote_balanced,D1,first21/phase/0,16,0,80,76,4,5.263157894736836,0
7,remote_balanced,S,first21/phase/0,16,0,76,76,0,0.0,0
7,remote_balanced,D0,first21/phase/4,65536,3182,2122,7380,-5258,-71.24661246612466,0
7,remote_balanced,D1,first21/phase/4,65536,3186,6218,7380,-1162,-15.745257452574524,4
7,remote_balanced,S,first21/phase/4,65536,3182,7380,7380,0,0.0,0
7,remote_balanced,D0,second21/phase/1,16384,10168,540,539,1,0.18552875695732052,-5258
7,remote_balanced,D1,second21/phase/1,16384,14268,539,539,0,0.0,-1158
7,remote_balanced,S,second21/phase/1,16384,15426,539,539,0,0.0,0
7,remote_balanced,D0,second21/phase/3,16,10964,76,76,0,0.0,-5257
7,remote_balanced,D1,second21/phase/3,16,15063,80,76,4,5.263157894736836,-1158
7,remote_balanced,S,second21/phase/3,16,16221,76,76,0,0.0,0
7,remote_balanced,D0,second21/phase/7,65536,14146,2122,6547,-4425,-67.58820833969756,-5257
7,remote_balanced,D1,second21/phase/7,65536,18249,6218,6547,-329,-5.025202382770733,-1154
7,remote_balanced,S,second21/phase/7,65536,19403,6547,6547,0,0.0,0
7,remote_balanced,D0,second21/phase/13,16384,21132,586,606,-20,-3.300330033003296,-9682
7,remote_balanced,D1,second21/phase/13,16384,29331,1610,606,1004,165.67656765676566,-1483
7,remote_balanced,S,second21/phase/13,16384,30814,606,606,0,0.0,0
7,remote_balanced,D0,second21/phase/16,16,22520,76,76,0,0.0,-9702
7,remote_balanced,D1,second21/phase/16,16,31743,80,76,4,5.263157894736836,-479
7,remote_balanced,S,second21/phase/16,16,32222,76,76,0,0.0,0
