placement,source_gpu,host,nic,endpoint,router,layer,x_mm,y_mm,unit_to_router_cycles
baseline,8,0,0,0,0,0,-52.0,-49.5,6
baseline,9,0,1,1,1,0,-26.0,-49.5,6
baseline,10,0,2,2,2,0,0.0,-49.5,6
baseline,11,0,3,3,3,0,26.0,-49.5,6
baseline,0,1,0,4,4,0,52.0,-49.5,6
baseline,1,1,1,5,5,0,-52.0,-16.5,6
baseline,2,1,2,6,6,0,-26.0,-16.5,6
baseline,3,1,3,7,7,0,0.0,-16.5,6
baseline,12,2,0,8,8,0,26.0,-16.5,6
baseline,13,2,1,9,9,0,52.0,-16.5,6
baseline,14,2,2,10,10,0,-52.0,16.5,6
baseline,15,2,3,11,11,0,-26.0,16.5,6
baseline,4,3,0,12,12,0,0.0,16.5,6
baseline,5,3,1,13,13,0,26.0,16.5,6
baseline,6,3,2,14,14,0,52.0,16.5,6
baseline,7,3,3,15,15,0,-52.0,49.5,6
ours_rotated,8,0,0,0,0,0,-52.0,-59.0,6
ours_rotated,9,0,1,3,3,0,26.0,-53.0,6
ours_rotated,10,0,2,1,1,0,-26.0,-46.0,6
ours_rotated,11,0,3,4,4,0,52.0,-40.0,6
ours_rotated,0,1,0,2,2,0,0.0,-33.0,6
ours_rotated,1,1,1,5,5,0,-52.0,-26.0,6
ours_rotated,2,1,2,8,8,0,26.0,-20.0,6
ours_rotated,3,1,3,6,6,0,-26.0,-13.0,6
ours_rotated,12,2,0,9,9,0,52.0,-7.0,6
ours_rotated,13,2,1,7,7,0,0.0,0.0,6
ours_rotated,14,2,2,10,10,0,-52.0,7.0,6
ours_rotated,15,2,3,13,13,0,26.0,13.0,6
ours_rotated,4,3,0,11,11,0,-26.0,20.0,6
ours_rotated,5,3,1,14,14,0,52.0,26.0,6
ours_rotated,6,3,2,12,12,0,0.0,33.0,6
ours_rotated,7,3,3,15,15,0,-52.0,40.0,6
