shape,memory_contract,operation,compute_phase,operand_phase,pipeline_ready,bounded_ready,pipeline_finish,bounded_finish
s16,request_atomic,attention_sum,15,0,2179,2179,2307,2307
s16,request_atomic,attention_sum,15,2,2691,2691,3341,3077
s16,request_atomic,attention_sum,15,4,3018,3274,3853,3853
s16,request_atomic,attention_sum,15,6,3147,3531,3981,3981
s16,request_atomic,attention_sum,15,8,3213,3597,4109,4109
s16,request_atomic,attention_sum,15,10,2694,2694,3469,3205
s16,request_atomic,attention_sum,15,12,2823,2823,3597,3465
s16,request_atomic,attention_sum,15,14,2952,3208,3725,3725
s16,request_atomic,ffn_sum,15,0,9147,9147,9275,9275
s16,request_atomic,ffn_sum,15,2,9659,9659,10309,10045
s16,request_atomic,ffn_sum,15,4,9986,10242,10821,10821
s16,request_atomic,ffn_sum,15,6,10115,10499,10949,10949
s16,request_atomic,ffn_sum,15,8,10181,10565,11077,11077
s16,request_atomic,ffn_sum,15,10,9662,9662,10437,10173
s16,request_atomic,ffn_sum,15,12,9791,9791,10565,10433
s16,request_atomic,ffn_sum,15,14,9920,10176,10693,10693
s64,request_atomic,attention_sum,15,0,12508,12508,13020,13020
s64,request_atomic,attention_sum,15,2,16119,15690,17144,16592
s64,request_atomic,attention_sum,15,4,16407,17431,18680,18680
s64,request_atomic,attention_sum,15,6,16557,18093,19704,19704
s64,request_atomic,attention_sum,15,8,16632,18168,20216,20216
s64,request_atomic,attention_sum,15,10,16131,15753,17656,17167
s64,request_atomic,attention_sum,15,12,16143,17179,18168,18081
s64,request_atomic,attention_sum,15,14,16419,17443,19192,19192
s64,request_atomic,ffn_sum,15,0,38796,38796,39308,39308
s64,request_atomic,ffn_sum,15,2,42407,41978,43432,42880
s64,request_atomic,ffn_sum,15,4,42695,43719,44968,44968
s64,request_atomic,ffn_sum,15,6,42845,44381,45992,45992
s64,request_atomic,ffn_sum,15,8,42920,44456,46504,46504
s64,request_atomic,ffn_sum,15,10,42419,42041,43944,43455
s64,request_atomic,ffn_sum,15,12,42431,43467,44456,44369
s64,request_atomic,ffn_sum,15,14,42707,43731,45480,45480
s16,burst_256,attention_sum,15,0,2419,2419,2547,2547
s16,burst_256,attention_sum,15,2,3326,3061,4253,4061
s16,burst_256,attention_sum,15,4,3440,3552,4325,4309
s16,burst_256,attention_sum,15,6,3478,3638,4341,4333
s16,burst_256,attention_sum,15,8,3509,3717,4349,4349
s16,burst_256,attention_sum,15,10,3341,3076,4269,4077
s16,burst_256,attention_sum,15,12,3387,3173,4301,4133
s16,burst_256,attention_sum,15,14,3433,3465,4317,4269
s16,burst_256,ffn_sum,15,0,9002,9002,9130,9130
s16,burst_256,ffn_sum,15,2,9909,9644,10836,10644
s16,burst_256,ffn_sum,15,4,10023,10135,10908,10892
s16,burst_256,ffn_sum,15,6,10061,10221,10924,10916
s16,burst_256,ffn_sum,15,8,10092,10300,10932,10932
s16,burst_256,ffn_sum,15,10,9924,9659,10852,10660
s16,burst_256,ffn_sum,15,12,9970,9756,10884,10716
s16,burst_256,ffn_sum,15,14,10016,10048,10900,10852
s64,burst_256,attention_sum,15,0,13516,13516,19472,16800
s64,burst_256,attention_sum,15,2,17298,16934,21176,20744
s64,burst_256,attention_sum,15,4,17347,17731,21208,21160
s64,burst_256,attention_sum,15,6,17369,17865,21216,21200
s64,burst_256,attention_sum,15,8,17376,17992,21224,21224
s64,burst_256,attention_sum,15,10,17305,17061,21184,20832
s64,burst_256,attention_sum,15,12,17319,17467,21192,21048
s64,burst_256,attention_sum,15,14,17340,17724,21200,21152
s64,burst_256,ffn_sum,15,0,38393,38393,44349,41677
s64,burst_256,ffn_sum,15,2,42175,41811,46053,45621
s64,burst_256,ffn_sum,15,4,42224,42608,46085,46037
s64,burst_256,ffn_sum,15,6,42246,42742,46093,46077
s64,burst_256,ffn_sum,15,8,42253,42869,46101,46101
s64,burst_256,ffn_sum,15,10,42182,41938,46061,45709
s64,burst_256,ffn_sum,15,12,42196,42344,46069,45925
s64,burst_256,ffn_sum,15,14,42217,42601,46077,46029
