begin,end,input,flits
0,128,router/12,20
0,128,router/25,30
128,256,router/12,32
128,256,router/25,32
256,384,router/12,32
256,384,router/25,32
384,512,router/12,32
384,512,router/25,32
512,640,router/12,32
512,640,router/25,32
640,768,router/12,32
640,768,router/25,32
768,896,router/12,32
768,896,router/25,32
896,1024,router/12,32
896,1024,router/25,32
1024,1152,router/12,32
1024,1152,router/25,32
1152,1280,router/12,32
1152,1280,router/25,32
1280,1408,router/12,32
1280,1408,router/25,32
1408,1536,router/12,32
1408,1536,router/25,32
1536,1664,router/12,32
1536,1664,router/25,32
1664,1792,router/12,32
1664,1792,router/25,32
1792,1920,router/12,32
1792,1920,router/25,32
1920,2048,router/12,32
1920,2048,router/25,32
2048,2176,router/12,32
2048,2176,router/25,32
2176,2304,router/12,32
2176,2304,router/25,32
2304,2432,router/12,32
2304,2432,router/25,32
2432,2560,router/12,32
2432,2560,router/25,32
2560,2688,router/12,32
2560,2688,router/25,32
2688,2816,router/12,32
2688,2816,router/25,32
2816,2944,router/12,32
2816,2944,router/25,32
2944,3072,router/12,32
2944,3072,router/25,32
3072,3200,router/12,32
3072,3200,router/25,32
3200,3328,router/12,32
3200,3328,router/25,32
3328,3456,router/12,32
3328,3456,router/25,32
3456,3584,router/12,32
3456,3584,router/25,32
3584,3712,router/12,32
3584,3712,router/25,32
3712,3840,router/12,32
3712,3840,router/25,32
3840,3968,router/12,32
3840,3968,router/25,32
3968,4096,router/12,32
3968,4096,router/25,32
4096,4224,router/12,62
4096,4224,router/25,2
4224,4352,router/12,64
4224,4352,router/25,0
4352,4480,router/12,64
4352,4480,router/25,0
4480,4608,router/12,64
4480,4608,router/25,0
4608,4736,router/12,64
4608,4736,router/25,0
4736,4864,router/12,64
4736,4864,router/25,0
4864,4992,router/12,64
4864,4992,router/25,0
4992,5120,router/12,64
4992,5120,router/25,0
5120,5248,router/12,64
5120,5248,router/25,0
5248,5376,router/12,64
5248,5376,router/25,0
5376,5504,router/12,64
5376,5504,router/25,0
5504,5632,router/12,64
5504,5632,router/25,0
5632,5760,router/12,64
5632,5760,router/25,0
5760,5888,router/12,64
5760,5888,router/25,0
5888,6016,router/12,64
5888,6016,router/25,0
6016,6144,router/12,64
6016,6144,router/25,0
6144,6272,router/12,14
6144,6272,router/25,0
