op_id,host,label,goal_line,cpu,duration_cycles,category,source_line,source_gpu,source_stream,source_group,source_event,peer_gpu,transfer_role,model_bytes,source_model_key,interval_start_ns,interval_end_ns,baseline_on_chain,rotated_on_chain,target_resource,evidence
4895210,3,902031,12536395,21,556029402,measured_interval,87,6,0,1844,-1,-1,,-1,-1,72640159838,73196189240,True,True,unresolved composite interval; no calibrated target service,all serialized structure matched; original costs preserved
2066694,1,735605,5203776,21,382900771,measured_interval,87,2,0,1641,-1,-1,,-1,-1,71613105846,71996006617,True,True,unresolved composite interval; no calibrated target service,all serialized structure matched; original costs preserved
831952,0,831953,1960103,21,56127775,measured_interval,87,10,0,1745,-1,-1,,-1,-1,72187798019,72243925794,True,True,unresolved composite interval; no calibrated target service,all serialized structure matched; original costs preserved
3993182,3,3,10410935,1,29066336,measured_interval,87,4,0,1542,-1,-1,,-1,-1,71495572576,71524638912,True,True,unresolved composite interval; no calibrated target service,all serialized structure matched; original costs preserved
2495635,1,1164546,6214076,31,9774496,measured_interval,87,3,0,1741,-1,-1,,-1,-1,72346824935,72356599431,True,True,unresolved composite interval; no calibrated target service,all serialized structure matched; original costs preserved
2994788,2,332659,7724404,1,9671808,measured_interval,87,12,0,1944,-1,-1,,-1,-1,73340754859,73350426667,True,True,unresolved composite interval; no calibrated target service,all serialized structure matched; original costs preserved
4895220,3,902041,12536416,21,7773856,measured_interval,87,6,0,1845,-1,-1,,-1,-1,73196407096,73204180952,True,True,unresolved composite interval; no calibrated target service,all serialized structure matched; original costs preserved
402922,0,402923,949597,11,6858432,measured_interval,87,9,0,1642,-1,-1,,-1,-1,71821309100,71828167532,True,True,unresolved composite interval; no calibrated target service,all serialized structure matched; original costs preserved
3161210,2,499081,8116495,11,4705568,measured_interval,87,13,0,1742,-1,-1,,-1,-1,72218613693,72223319261,True,True,unresolved composite interval; no calibrated target service,all serialized structure matched; original costs preserved
3327576,2,665447,8508458,11,4679744,measured_interval,87,13,0,1945,-1,-1,,-1,-1,73350465752,73355145496,True,True,unresolved composite interval; no calibrated target service,all serialized structure matched; original costs preserved
3064992,2,402863,7890091,11,3074976,measured_interval,87,13,0,1640,-1,-1,,-1,-1,71471733071,71474808047,True,False,unresolved composite interval; no calibrated target service,all serialized structure matched; original costs preserved
1068406,0,1068407,2517489,31,3053120,measured_interval,87,11,0,1640,-1,-1,,-1,-1,71435024272,71438077392,False,True,unresolved composite interval; no calibrated target service,all serialized structure matched; original costs preserved
1234792,0,1234793,2909492,31,3051840,measured_interval,87,11,0,1843,-1,-1,,-1,-1,72395509968,72398561808,True,False,unresolved composite interval; no calibrated target service,all serialized structure matched; original costs preserved
1900318,1,569229,4811791,11,3050304,measured_interval,87,1,0,1843,-1,-1,,-1,-1,72570328272,72573378576,False,True,unresolved composite interval; no calibrated target service,all serialized structure matched; original costs preserved
72286,0,72287,170596,1,1936448,measured_interval,87,8,0,1644,-1,-1,,-1,-1,71835296985,71837233433,True,True,unresolved composite interval; no calibrated target service,all serialized structure matched; original costs preserved
4897388,3,904209,12541518,21,1598880,measured_interval,87,6,0,1847,-1,-1,,-1,-1,73211343352,73212942232,True,True,unresolved composite interval; no calibrated target service,all serialized structure matched; original costs preserved
1937202,1,606113,4898579,11,1386592,measured_interval,87,1,0,1883,-1,-1,,-1,-1,73266572144,73267958736,False,True,unresolved composite interval; no calibrated target service,all serialized structure matched; original costs preserved
2146956,1,815867,5392634,21,1378304,measured_interval,87,2,0,1725,-1,-1,,-1,-1,72290063963,72291442267,True,False,unresolved composite interval; no calibrated target service,all serialized structure matched; original costs preserved
1969014,1,637925,4973434,11,1367840,measured_interval,87,1,0,1916,-1,-1,,-1,-1,73380432592,73381800432,False,True,unresolved composite interval; no calibrated target service,all serialized structure matched; original costs preserved
2086224,1,755135,5249729,21,1359072,measured_interval,87,2,0,1662,-1,-1,,-1,-1,72072523962,72073883034,True,False,unresolved composite interval; no calibrated target service,all serialized structure matched; original costs preserved
4146434,3,153255,10772041,1,1351680,measured_interval,87,4,0,1728,-1,-1,,-1,-1,72367097376,72368449056,False,True,unresolved composite interval; no calibrated target service,all serialized structure matched; original costs preserved
2310450,1,979361,5777832,21,1344416,measured_interval,87,2,0,1925,-1,-1,,-1,-1,73411661412,73413005828,True,False,unresolved composite interval; no calibrated target service,all serialized structure matched; original costs preserved
3153932,2,491803,8099369,11,1330944,measured_interval,87,13,0,1734,-1,-1,,-1,-1,72183125182,72184456126,True,True,unresolved composite interval; no calibrated target service,all serialized structure matched; original costs preserved
2272854,1,941765,5689367,21,1330816,measured_interval,87,2,0,1886,-1,-1,,-1,-1,73277069507,73278400323,False,True,unresolved composite interval; no calibrated target service,all serialized structure matched; original costs preserved
3122120,2,459991,8024514,11,1321888,measured_interval,87,13,0,1701,-1,-1,,-1,-1,72068997185,72070319073,True,True,unresolved composite interval; no calibrated target service,all serialized structure matched; original costs preserved
4315712,3,322533,11170849,1,1317600,measured_interval,87,4,0,1934,-1,-1,,-1,-1,73509467264,73510784864,False,True,unresolved composite interval; no calibrated target service,all serialized structure matched; original costs preserved
2092008,1,760919,5263339,21,1315904,measured_interval,87,2,0,1668,-1,-1,,-1,-1,72093178170,72094494074,True,False,unresolved composite interval; no calibrated target service,all serialized structure matched; original costs preserved
2258394,1,927305,5655342,21,1314016,measured_interval,87,2,0,1871,-1,-1,,-1,-1,73225442211,73226756227,False,True,unresolved composite interval; no calibrated target service,all serialized structure matched; original costs preserved
1796864,1,465775,4567861,11,1312544,measured_interval,87,1,0,1707,-1,-1,,-1,-1,72227875536,72229188080,False,True,unresolved composite interval; no calibrated target service,all serialized structure matched; original costs preserved
2491294,1,1160205,6203859,31,1309280,measured_interval,87,3,0,1737,-1,-1,,-1,-1,72331797479,72333106759,False,True,unresolved composite interval; no calibrated target service,all serialized structure matched; original costs preserved
