name,kind,side,c2c_hops,bytes,flits,ready,first_inject_wait,injection_span,first_receive_boundary,last_receive_boundary,first_receive_latency,duration,tail_after_last_inject,injection_bytes_per_cycle,middle_half_injection_bytes_per_cycle,completion_bytes_per_cycle,unused_injection_slots
distance-0,distance,6,0,65536,1024,0,0,1987,13,2059,13,2059,72,32.96579476861167,32.0,31.82904322486644,964
distance-1,distance,6,1,65536,1024,0,0,1987,34,2080,34,2080,93,32.96579476861167,32.0,31.50769230769231,964
distance-2,distance,6,2,65536,1024,0,0,1987,55,2101,55,2101,114,32.96579476861167,32.0,31.19276534983341,964
distance-3,distance,6,3,65536,1024,0,0,1987,76,2122,76,2122,135,32.96579476861167,32.0,30.88407163053723,964
distance-4,distance,6,4,65536,1024,0,0,1987,97,2143,97,2143,156,32.96579476861167,32.0,30.581427904806347,964
distance-5,distance,6,5,65536,1024,0,0,1987,118,2164,118,2164,177,32.96579476861167,32.0,30.284658040665434,964
matched-4-first11,matched,4,2,65536,1024,3161,0,1987,3216,5262,55,2101,114,32.96579476861167,32.0,31.19276534983341,964
matched-4-second11,matched,4,2,65536,1024,16189,0,1987,16244,18290,55,2101,114,32.96579476861167,32.0,31.19276534983341,964
matched-6-first17,matched,6,3,65536,1024,3182,0,1987,3258,5304,76,2122,135,32.96579476861167,32.0,30.88407163053723,964
matched-6-second17,matched,6,3,65536,1024,18310,0,1987,18386,20432,76,2122,135,32.96579476861167,32.0,30.88407163053723,964
