case,mode,token,source,destination,bytes,ready,first_supply,last_supply,first_receive,last_receive,commit,service_cycles,reference_service_cycles,error_cycles,absolute_commit_shift,shape,contract,placement
s16__request_atomic__baseline,serial,attention_sum/phase/2,1,0,4096,2179,2307,2307,2375,2383,2511,332,512,-180,-180,s16,request_atomic,baseline
s16__request_atomic__baseline,serial,attention_sum/phase/6,2,0,4096,2179,2307,2307,2443,2447,3023,844,1095,-251,-251,s16,request_atomic,baseline
s16__request_atomic__baseline,serial,attention_sum/phase/10,3,0,4096,2179,2307,2307,2493,2497,3151,972,1352,-380,-380,s16,request_atomic,baseline
s16__request_atomic__baseline,serial,attention_sum/phase/14,4,0,4096,2179,2307,2307,2543,2547,3407,1228,1418,-190,-190,s16,request_atomic,baseline
s16__request_atomic__baseline,serial,attention_sum/phase/18,5,0,4096,2179,2307,2307,2377,2385,2639,460,515,-55,-55,s16,request_atomic,baseline
s16__request_atomic__baseline,serial,attention_sum/phase/22,6,0,4096,2179,2307,2307,2387,2391,2767,588,644,-56,-56,s16,request_atomic,baseline
s16__request_atomic__baseline,serial,attention_sum/phase/26,7,0,4096,2179,2307,2307,2434,2438,2895,716,1029,-313,-313,s16,request_atomic,baseline
s16__request_atomic__baseline,serial,attention_sum/phase/32,0,1,4096,4751,4879,4879,4947,4951,5079,328,516,-188,-122,s16,request_atomic,baseline
s16__request_atomic__baseline,serial,attention_sum/phase/35,0,2,4096,4751,5007,5007,5143,5147,5275,524,985,-461,-395,s16,request_atomic,baseline
s16__request_atomic__baseline,serial,attention_sum/phase/38,0,3,4096,4751,5135,5135,5321,5325,5453,702,1165,-463,-397,s16,request_atomic,baseline
s16__request_atomic__baseline,serial,attention_sum/phase/41,0,4,4096,4751,5263,5263,5499,5503,5631,880,1345,-465,-399,s16,request_atomic,baseline
s16__request_atomic__baseline,serial,attention_sum/phase/44,0,5,4096,4751,5391,5391,5461,5465,5593,842,1309,-467,-401,s16,request_atomic,baseline
s16__request_atomic__baseline,serial,attention_sum/phase/47,0,6,4096,4751,5519,5519,5596,5600,5728,977,1829,-852,-786,s16,request_atomic,baseline
s16__request_atomic__baseline,serial,attention_sum/phase/50,0,7,4096,4751,5647,5647,5774,5778,5906,1155,2009,-854,-788,s16,request_atomic,baseline
s16__request_atomic__baseline,serial,ffn_sum/phase/2,1,0,4096,8359,8487,8487,8555,8563,8691,332,512,-180,-968,s16,request_atomic,baseline
s16__request_atomic__baseline,serial,ffn_sum/phase/6,2,0,4096,8359,8487,8487,8623,8627,9203,844,1095,-251,-1039,s16,request_atomic,baseline
s16__request_atomic__baseline,serial,ffn_sum/phase/10,3,0,4096,8359,8487,8487,8673,8677,9331,972,1352,-380,-1168,s16,request_atomic,baseline
s16__request_atomic__baseline,serial,ffn_sum/phase/14,4,0,4096,8359,8487,8487,8723,8727,9587,1228,1418,-190,-978,s16,request_atomic,baseline
s16__request_atomic__baseline,serial,ffn_sum/phase/18,5,0,4096,8359,8487,8487,8557,8565,8819,460,515,-55,-843,s16,request_atomic,baseline
s16__request_atomic__baseline,serial,ffn_sum/phase/22,6,0,4096,8359,8487,8487,8567,8571,8947,588,644,-56,-844,s16,request_atomic,baseline
s16__request_atomic__baseline,serial,ffn_sum/phase/26,7,0,4096,8359,8487,8487,8614,8618,9075,716,1029,-313,-1101,s16,request_atomic,baseline
s16__request_atomic__baseline,serial,ffn_sum/phase/32,0,1,4096,10931,11059,11059,11127,11131,11259,328,516,-188,-910,s16,request_atomic,baseline
s16__request_atomic__baseline,serial,ffn_sum/phase/35,0,2,4096,10931,11187,11187,11323,11327,11455,524,841,-317,-1039,s16,request_atomic,baseline
s16__request_atomic__baseline,serial,ffn_sum/phase/38,0,3,4096,10931,11315,11315,11501,11505,11633,702,1021,-319,-1041,s16,request_atomic,baseline
s16__request_atomic__baseline,serial,ffn_sum/phase/41,0,4,4096,10931,11443,11443,11679,11683,11811,880,1201,-321,-1043,s16,request_atomic,baseline
s16__request_atomic__baseline,serial,ffn_sum/phase/44,0,5,4096,10931,11571,11571,11641,11645,11773,842,1165,-323,-1045,s16,request_atomic,baseline
s16__request_atomic__baseline,serial,ffn_sum/phase/47,0,6,4096,10931,11699,11699,11776,11780,11908,977,1302,-325,-1047,s16,request_atomic,baseline
s16__request_atomic__baseline,serial,ffn_sum/phase/50,0,7,4096,10931,11827,11827,11954,11958,12086,1155,1482,-327,-1049,s16,request_atomic,baseline
s16__request_atomic__baseline,pipeline,attention_sum/phase/2,1,0,4096,2179,2242,2308,2310,2377,2691,512,512,0,0,s16,request_atomic,baseline
s16__request_atomic__baseline,pipeline,attention_sum/phase/6,2,0,4096,2179,2242,2308,2381,2444,3018,839,1095,-256,-256,s16,request_atomic,baseline
s16__request_atomic__baseline,pipeline,attention_sum/phase/10,3,0,4096,2179,2242,2308,2428,2494,3147,968,1352,-384,-384,s16,request_atomic,baseline
s16__request_atomic__baseline,pipeline,attention_sum/phase/14,4,0,4096,2179,2242,2308,2478,2544,3213,1034,1418,-384,-384,s16,request_atomic,baseline
s16__request_atomic__baseline,pipeline,attention_sum/phase/18,5,0,4096,2179,2242,2308,2312,2379,2694,515,515,0,0,s16,request_atomic,baseline
s16__request_atomic__baseline,pipeline,attention_sum/phase/22,6,0,4096,2179,2242,2308,2319,2385,2823,644,644,0,0,s16,request_atomic,baseline
s16__request_atomic__baseline,pipeline,attention_sum/phase/26,7,0,4096,2179,2242,2308,2369,2435,2952,773,1029,-256,-256,s16,request_atomic,baseline
s16__request_atomic__baseline,pipeline,attention_sum/phase/32,0,1,4096,4685,4748,5070,4816,5138,5201,516,516,0,0,s16,request_atomic,baseline
s16__request_atomic__baseline,pipeline,attention_sum/phase/35,0,2,4096,4685,5261,5471,5397,5607,5670,985,985,0,0,s16,request_atomic,baseline
s16__request_atomic__baseline,pipeline,attention_sum/phase/38,0,3,4096,4685,5535,5601,5721,5787,5850,1165,1165,0,0,s16,request_atomic,baseline
s16__request_atomic__baseline,pipeline,attention_sum/phase/41,0,4,4096,4685,5665,5731,5901,5967,6030,1345,1345,0,0,s16,request_atomic,baseline
s16__request_atomic__baseline,pipeline,attention_sum/phase/44,0,5,4096,4685,5795,5861,5865,5931,5994,1309,1309,0,0,s16,request_atomic,baseline
s16__request_atomic__baseline,pipeline,attention_sum/phase/47,0,6,4096,4685,6052,6374,6129,6451,6514,1829,1829,0,0,s16,request_atomic,baseline
s16__request_atomic__baseline,pipeline,attention_sum/phase/50,0,7,4096,4685,6438,6504,6565,6631,6694,2009,2009,0,0,s16,request_atomic,baseline
s16__request_atomic__baseline,pipeline,ffn_sum/phase/2,1,0,4096,9147,9210,9276,9278,9345,9659,512,512,0,0,s16,request_atomic,baseline
s16__request_atomic__baseline,pipeline,ffn_sum/phase/6,2,0,4096,9147,9210,9276,9349,9412,9986,839,1095,-256,-256,s16,request_atomic,baseline
s16__request_atomic__baseline,pipeline,ffn_sum/phase/10,3,0,4096,9147,9210,9276,9396,9462,10115,968,1352,-384,-384,s16,request_atomic,baseline
s16__request_atomic__baseline,pipeline,ffn_sum/phase/14,4,0,4096,9147,9210,9276,9446,9512,10181,1034,1418,-384,-384,s16,request_atomic,baseline
s16__request_atomic__baseline,pipeline,ffn_sum/phase/18,5,0,4096,9147,9210,9276,9280,9347,9662,515,515,0,0,s16,request_atomic,baseline
s16__request_atomic__baseline,pipeline,ffn_sum/phase/22,6,0,4096,9147,9210,9276,9287,9353,9791,644,644,0,0,s16,request_atomic,baseline
s16__request_atomic__baseline,pipeline,ffn_sum/phase/26,7,0,4096,9147,9210,9276,9337,9403,9920,773,1029,-256,-256,s16,request_atomic,baseline
s16__request_atomic__baseline,pipeline,ffn_sum/phase/32,0,1,4096,11653,11716,12038,11784,12106,12169,516,516,0,0,s16,request_atomic,baseline
s16__request_atomic__baseline,pipeline,ffn_sum/phase/35,0,2,4096,11653,12229,12295,12365,12431,12494,841,841,0,0,s16,request_atomic,baseline
s16__request_atomic__baseline,pipeline,ffn_sum/phase/38,0,3,4096,11653,12359,12425,12545,12611,12674,1021,1021,0,0,s16,request_atomic,baseline
s16__request_atomic__baseline,pipeline,ffn_sum/phase/41,0,4,4096,11653,12489,12555,12725,12791,12854,1201,1201,0,0,s16,request_atomic,baseline
s16__request_atomic__baseline,pipeline,ffn_sum/phase/44,0,5,4096,11653,12619,12685,12689,12755,12818,1165,1165,0,0,s16,request_atomic,baseline
s16__request_atomic__baseline,pipeline,ffn_sum/phase/47,0,6,4096,11653,12749,12815,12826,12892,12955,1302,1302,0,0,s16,request_atomic,baseline
s16__request_atomic__baseline,pipeline,ffn_sum/phase/50,0,7,4096,11653,12879,12945,13006,13072,13135,1482,1482,0,0,s16,request_atomic,baseline
s16__request_atomic__baseline,bounded,attention_sum/phase/2,1,0,4096,2179,2242,2308,2310,2377,2691,512,512,0,0,s16,request_atomic,baseline
s16__request_atomic__baseline,bounded,attention_sum/phase/6,2,0,4096,2179,2242,2308,2389,2710,3274,1095,1095,0,0,s16,request_atomic,baseline
s16__request_atomic__baseline,bounded,attention_sum/phase/10,3,0,4096,2179,2242,2308,2578,2839,3531,1352,1352,0,0,s16,request_atomic,baseline
s16__request_atomic__baseline,bounded,attention_sum/phase/14,4,0,4096,2179,2242,2308,2773,2965,3597,1418,1418,0,0,s16,request_atomic,baseline
s16__request_atomic__baseline,bounded,attention_sum/phase/18,5,0,4096,2179,2242,2308,2312,2379,2694,515,515,0,0,s16,request_atomic,baseline
s16__request_atomic__baseline,bounded,attention_sum/phase/22,6,0,4096,2179,2242,2308,2319,2515,2823,644,644,0,0,s16,request_atomic,baseline
s16__request_atomic__baseline,bounded,attention_sum/phase/26,7,0,4096,2179,2242,2308,2369,2704,3208,1029,1029,0,0,s16,request_atomic,baseline
s16__request_atomic__baseline,bounded,attention_sum/phase/32,0,1,4096,4685,4748,5070,4816,5138,5201,516,516,0,0,s16,request_atomic,baseline
s16__request_atomic__baseline,bounded,attention_sum/phase/35,0,2,4096,4685,5261,5471,5397,5607,5670,985,985,0,0,s16,request_atomic,baseline
s16__request_atomic__baseline,bounded,attention_sum/phase/38,0,3,4096,4685,5535,5601,5721,5787,5850,1165,1165,0,0,s16,request_atomic,baseline
s16__request_atomic__baseline,bounded,attention_sum/phase/41,0,4,4096,4685,5665,5731,5901,5967,6030,1345,1345,0,0,s16,request_atomic,baseline
s16__request_atomic__baseline,bounded,attention_sum/phase/44,0,5,4096,4685,5795,5861,5865,5931,5994,1309,1309,0,0,s16,request_atomic,baseline
s16__request_atomic__baseline,bounded,attention_sum/phase/47,0,6,4096,4685,6052,6374,6129,6451,6514,1829,1829,0,0,s16,request_atomic,baseline
s16__request_atomic__baseline,bounded,attention_sum/phase/50,0,7,4096,4685,6438,6504,6565,6631,6694,2009,2009,0,0,s16,request_atomic,baseline
s16__request_atomic__baseline,bounded,ffn_sum/phase/2,1,0,4096,9147,9210,9276,9278,9345,9659,512,512,0,0,s16,request_atomic,baseline
s16__request_atomic__baseline,bounded,ffn_sum/phase/6,2,0,4096,9147,9210,9276,9357,9678,10242,1095,1095,0,0,s16,request_atomic,baseline
s16__request_atomic__baseline,bounded,ffn_sum/phase/10,3,0,4096,9147,9210,9276,9546,9807,10499,1352,1352,0,0,s16,request_atomic,baseline
s16__request_atomic__baseline,bounded,ffn_sum/phase/14,4,0,4096,9147,9210,9276,9741,9933,10565,1418,1418,0,0,s16,request_atomic,baseline
s16__request_atomic__baseline,bounded,ffn_sum/phase/18,5,0,4096,9147,9210,9276,9280,9347,9662,515,515,0,0,s16,request_atomic,baseline
s16__request_atomic__baseline,bounded,ffn_sum/phase/22,6,0,4096,9147,9210,9276,9287,9483,9791,644,644,0,0,s16,request_atomic,baseline
s16__request_atomic__baseline,bounded,ffn_sum/phase/26,7,0,4096,9147,9210,9276,9337,9672,10176,1029,1029,0,0,s16,request_atomic,baseline
s16__request_atomic__baseline,bounded,ffn_sum/phase/32,0,1,4096,11653,11716,12038,11784,12106,12169,516,516,0,0,s16,request_atomic,baseline
s16__request_atomic__baseline,bounded,ffn_sum/phase/35,0,2,4096,11653,12229,12295,12365,12431,12494,841,841,0,0,s16,request_atomic,baseline
s16__request_atomic__baseline,bounded,ffn_sum/phase/38,0,3,4096,11653,12359,12425,12545,12611,12674,1021,1021,0,0,s16,request_atomic,baseline
s16__request_atomic__baseline,bounded,ffn_sum/phase/41,0,4,4096,11653,12489,12555,12725,12791,12854,1201,1201,0,0,s16,request_atomic,baseline
s16__request_atomic__baseline,bounded,ffn_sum/phase/44,0,5,4096,11653,12619,12685,12689,12755,12818,1165,1165,0,0,s16,request_atomic,baseline
s16__request_atomic__baseline,bounded,ffn_sum/phase/47,0,6,4096,11653,12749,12815,12826,12892,12955,1302,1302,0,0,s16,request_atomic,baseline
s16__request_atomic__baseline,bounded,ffn_sum/phase/50,0,7,4096,11653,12879,12945,13006,13072,13135,1482,1482,0,0,s16,request_atomic,baseline
s16__request_atomic__ours_rotated,serial,attention_sum/phase/2,3,0,4096,2179,2307,2307,2470,2480,3151,972,1356,-384,-384,s16,request_atomic,ours_rotated
s16__request_atomic__ours_rotated,serial,attention_sum/phase/6,1,0,4096,2179,2307,2307,2391,2399,2639,460,582,-122,-122,s16,request_atomic,ours_rotated
s16__request_atomic__ours_rotated,serial,attention_sum/phase/10,4,0,4096,2179,2307,2307,2478,2484,3279,1100,1550,-450,-450,s16,request_atomic,ours_rotated
s16__request_atomic__ours_rotated,serial,attention_sum/phase/14,2,0,4096,2179,2307,2307,2403,2407,2895,716,905,-189,-189,s16,request_atomic,ours_rotated
s16__request_atomic__ours_rotated,serial,attention_sum/phase/18,5,0,4096,2179,2307,2307,2379,2383,2511,332,453,-121,-121,s16,request_atomic,ours_rotated
s16__request_atomic__ours_rotated,serial,attention_sum/phase/22,8,0,4096,2179,2307,2307,2468,2476,3023,844,1353,-509,-509,s16,request_atomic,ours_rotated
s16__request_atomic__ours_rotated,serial,attention_sum/phase/26,6,0,4096,2179,2307,2307,2393,2401,2767,588,585,3,3,s16,request_atomic,ours_rotated
s16__request_atomic__ours_rotated,serial,attention_sum/phase/32,0,3,4096,4751,4879,4879,5039,5043,5171,420,608,-188,-126,s16,request_atomic,ours_rotated
s16__request_atomic__ours_rotated,serial,attention_sum/phase/35,0,1,4096,4751,5007,5007,5091,5095,5223,472,933,-461,-399,s16,request_atomic,ours_rotated
s16__request_atomic__ours_rotated,serial,attention_sum/phase/38,0,4,4096,4751,5135,5135,5303,5307,5435,684,1147,-463,-401,s16,request_atomic,ours_rotated
s16__request_atomic__ours_rotated,serial,attention_sum/phase/41,0,2,4096,4751,5263,5263,5355,5359,5487,736,1201,-465,-403,s16,request_atomic,ours_rotated
s16__request_atomic__ours_rotated,serial,attention_sum/phase/44,0,5,4096,4751,5391,5391,5463,5467,5595,844,1311,-467,-405,s16,request_atomic,ours_rotated
s16__request_atomic__ours_rotated,serial,attention_sum/phase/47,0,8,4096,4751,5519,5519,5677,5681,5809,1058,1910,-852,-790,s16,request_atomic,ours_rotated
s16__request_atomic__ours_rotated,serial,attention_sum/phase/50,0,6,4096,4751,5647,5647,5733,5737,5865,1114,1968,-854,-792,s16,request_atomic,ours_rotated
s16__request_atomic__ours_rotated,serial,ffn_sum/phase/2,3,0,4096,8318,8446,8446,8609,8619,9290,972,1356,-384,-1176,s16,request_atomic,ours_rotated
s16__request_atomic__ours_rotated,serial,ffn_sum/phase/6,1,0,4096,8318,8446,8446,8530,8538,8778,460,582,-122,-914,s16,request_atomic,ours_rotated
s16__request_atomic__ours_rotated,serial,ffn_sum/phase/10,4,0,4096,8318,8446,8446,8617,8623,9418,1100,1550,-450,-1242,s16,request_atomic,ours_rotated
s16__request_atomic__ours_rotated,serial,ffn_sum/phase/14,2,0,4096,8318,8446,8446,8542,8546,9034,716,905,-189,-981,s16,request_atomic,ours_rotated
s16__request_atomic__ours_rotated,serial,ffn_sum/phase/18,5,0,4096,8318,8446,8446,8518,8522,8650,332,453,-121,-913,s16,request_atomic,ours_rotated
s16__request_atomic__ours_rotated,serial,ffn_sum/phase/22,8,0,4096,8318,8446,8446,8607,8615,9162,844,1353,-509,-1301,s16,request_atomic,ours_rotated
s16__request_atomic__ours_rotated,serial,ffn_sum/phase/26,6,0,4096,8318,8446,8446,8532,8540,8906,588,585,3,-789,s16,request_atomic,ours_rotated
s16__request_atomic__ours_rotated,serial,ffn_sum/phase/32,0,3,4096,10890,11018,11018,11178,11182,11310,420,608,-188,-918,s16,request_atomic,ours_rotated
s16__request_atomic__ours_rotated,serial,ffn_sum/phase/35,0,1,4096,10890,11146,11146,11230,11234,11362,472,789,-317,-1047,s16,request_atomic,ours_rotated
s16__request_atomic__ours_rotated,serial,ffn_sum/phase/38,0,4,4096,10890,11274,11274,11442,11446,11574,684,1003,-319,-1049,s16,request_atomic,ours_rotated
s16__request_atomic__ours_rotated,serial,ffn_sum/phase/41,0,2,4096,10890,11402,11402,11494,11498,11626,736,1057,-321,-1051,s16,request_atomic,ours_rotated
s16__request_atomic__ours_rotated,serial,ffn_sum/phase/44,0,5,4096,10890,11530,11530,11602,11606,11734,844,1167,-323,-1053,s16,request_atomic,ours_rotated
s16__request_atomic__ours_rotated,serial,ffn_sum/phase/47,0,8,4096,10890,11658,11658,11816,11820,11948,1058,1387,-329,-1059,s16,request_atomic,ours_rotated
s16__request_atomic__ours_rotated,serial,ffn_sum/phase/50,0,6,4096,10890,11786,11786,11872,11876,12004,1114,1441,-327,-1057,s16,request_atomic,ours_rotated
s16__request_atomic__ours_rotated,pipeline,attention_sum/phase/2,3,0,4096,2179,2242,2308,2402,2469,3151,972,1356,-384,-384,s16,request_atomic,ours_rotated
s16__request_atomic__ours_rotated,pipeline,attention_sum/phase/6,1,0,4096,2179,2242,2308,2326,2393,2761,582,582,0,0,s16,request_atomic,ours_rotated
s16__request_atomic__ours_rotated,pipeline,attention_sum/phase/10,4,0,4096,2179,2242,2308,2410,2476,3217,1038,1550,-512,-512,s16,request_atomic,ours_rotated
s16__request_atomic__ours_rotated,pipeline,attention_sum/phase/14,2,0,4096,2179,2242,2308,2334,2400,2830,651,905,-254,-254,s16,request_atomic,ours_rotated
s16__request_atomic__ours_rotated,pipeline,attention_sum/phase/18,5,0,4096,2179,2242,2308,2314,2380,2632,453,453,0,0,s16,request_atomic,ours_rotated
s16__request_atomic__ours_rotated,pipeline,attention_sum/phase/22,8,0,4096,2179,2242,2308,2404,2467,3148,969,1353,-384,-384,s16,request_atomic,ours_rotated
s16__request_atomic__ours_rotated,pipeline,attention_sum/phase/26,6,0,4096,2179,2242,2308,2328,2395,2764,585,585,0,0,s16,request_atomic,ours_rotated
s16__request_atomic__ours_rotated,pipeline,attention_sum/phase/32,0,3,4096,4689,4752,5074,4912,5234,5297,608,608,0,0,s16,request_atomic,ours_rotated
s16__request_atomic__ours_rotated,pipeline,attention_sum/phase/35,0,1,4096,4689,5265,5475,5349,5559,5622,933,933,0,0,s16,request_atomic,ours_rotated
s16__request_atomic__ours_rotated,pipeline,attention_sum/phase/38,0,4,4096,4689,5539,5605,5707,5773,5836,1147,1147,0,0,s16,request_atomic,ours_rotated
s16__request_atomic__ours_rotated,pipeline,attention_sum/phase/41,0,2,4096,4689,5669,5735,5761,5827,5890,1201,1201,0,0,s16,request_atomic,ours_rotated
s16__request_atomic__ours_rotated,pipeline,attention_sum/phase/44,0,5,4096,4689,5799,5865,5871,5937,6000,1311,1311,0,0,s16,request_atomic,ours_rotated
s16__request_atomic__ours_rotated,pipeline,attention_sum/phase/47,0,8,4096,4689,6056,6378,6214,6536,6599,1910,1910,0,0,s16,request_atomic,ours_rotated
s16__request_atomic__ours_rotated,pipeline,attention_sum/phase/50,0,6,4096,4689,6442,6508,6528,6594,6657,1968,1968,0,0,s16,request_atomic,ours_rotated
s16__request_atomic__ours_rotated,pipeline,ffn_sum/phase/2,3,0,4096,9110,9173,9239,9333,9400,10082,972,1356,-384,-384,s16,request_atomic,ours_rotated
s16__request_atomic__ours_rotated,pipeline,ffn_sum/phase/6,1,0,4096,9110,9173,9239,9257,9324,9692,582,582,0,0,s16,request_atomic,ours_rotated
s16__request_atomic__ours_rotated,pipeline,ffn_sum/phase/10,4,0,4096,9110,9173,9239,9341,9407,10148,1038,1550,-512,-512,s16,request_atomic,ours_rotated
s16__request_atomic__ours_rotated,pipeline,ffn_sum/phase/14,2,0,4096,9110,9173,9239,9265,9331,9761,651,905,-254,-254,s16,request_atomic,ours_rotated
s16__request_atomic__ours_rotated,pipeline,ffn_sum/phase/18,5,0,4096,9110,9173,9239,9245,9311,9563,453,453,0,0,s16,request_atomic,ours_rotated
s16__request_atomic__ours_rotated,pipeline,ffn_sum/phase/22,8,0,4096,9110,9173,9239,9335,9398,10079,969,1353,-384,-384,s16,request_atomic,ours_rotated
s16__request_atomic__ours_rotated,pipeline,ffn_sum/phase/26,6,0,4096,9110,9173,9239,9259,9326,9695,585,585,0,0,s16,request_atomic,ours_rotated
s16__request_atomic__ours_rotated,pipeline,ffn_sum/phase/32,0,3,4096,11620,11683,12005,11843,12165,12228,608,608,0,0,s16,request_atomic,ours_rotated
s16__request_atomic__ours_rotated,pipeline,ffn_sum/phase/35,0,1,4096,11620,12196,12262,12280,12346,12409,789,789,0,0,s16,request_atomic,ours_rotated
s16__request_atomic__ours_rotated,pipeline,ffn_sum/phase/38,0,4,4096,11620,12326,12392,12494,12560,12623,1003,1003,0,0,s16,request_atomic,ours_rotated
s16__request_atomic__ours_rotated,pipeline,ffn_sum/phase/41,0,2,4096,11620,12456,12522,12548,12614,12677,1057,1057,0,0,s16,request_atomic,ours_rotated
s16__request_atomic__ours_rotated,pipeline,ffn_sum/phase/44,0,5,4096,11620,12586,12652,12658,12724,12787,1167,1167,0,0,s16,request_atomic,ours_rotated
s16__request_atomic__ours_rotated,pipeline,ffn_sum/phase/47,0,8,4096,11620,12716,12782,12874,12944,13007,1387,1387,0,0,s16,request_atomic,ours_rotated
s16__request_atomic__ours_rotated,pipeline,ffn_sum/phase/50,0,6,4096,11620,12846,12912,12932,12998,13061,1441,1441,0,0,s16,request_atomic,ours_rotated
s16__request_atomic__ours_rotated,bounded,attention_sum/phase/2,3,0,4096,2179,2242,2308,2582,2843,3535,1356,1356,0,0,s16,request_atomic,ours_rotated
s16__request_atomic__ours_rotated,bounded,attention_sum/phase/6,1,0,4096,2179,2242,2308,2326,2393,2761,582,582,0,0,s16,request_atomic,ours_rotated
s16__request_atomic__ours_rotated,bounded,attention_sum/phase/10,4,0,4096,2179,2242,2308,2711,3097,3729,1550,1550,0,0,s16,request_atomic,ours_rotated
s16__request_atomic__ours_rotated,bounded,attention_sum/phase/14,2,0,4096,2179,2242,2308,2334,2648,3084,905,905,0,0,s16,request_atomic,ours_rotated
s16__request_atomic__ours_rotated,bounded,attention_sum/phase/18,5,0,4096,2179,2242,2308,2314,2380,2632,453,453,0,0,s16,request_atomic,ours_rotated
s16__request_atomic__ours_rotated,bounded,attention_sum/phase/22,8,0,4096,2179,2242,2308,2519,2780,3532,1353,1353,0,0,s16,request_atomic,ours_rotated
s16__request_atomic__ours_rotated,bounded,attention_sum/phase/26,6,0,4096,2179,2242,2308,2328,2456,2764,585,585,0,0,s16,request_atomic,ours_rotated
s16__request_atomic__ours_rotated,bounded,attention_sum/phase/32,0,3,4096,4689,4752,5074,4912,5234,5297,608,608,0,0,s16,request_atomic,ours_rotated
s16__request_atomic__ours_rotated,bounded,attention_sum/phase/35,0,1,4096,4689,5265,5475,5349,5559,5622,933,933,0,0,s16,request_atomic,ours_rotated
s16__request_atomic__ours_rotated,bounded,attention_sum/phase/38,0,4,4096,4689,5539,5605,5707,5773,5836,1147,1147,0,0,s16,request_atomic,ours_rotated
s16__request_atomic__ours_rotated,bounded,attention_sum/phase/41,0,2,4096,4689,5669,5735,5761,5827,5890,1201,1201,0,0,s16,request_atomic,ours_rotated
s16__request_atomic__ours_rotated,bounded,attention_sum/phase/44,0,5,4096,4689,5799,5865,5871,5937,6000,1311,1311,0,0,s16,request_atomic,ours_rotated
s16__request_atomic__ours_rotated,bounded,attention_sum/phase/47,0,8,4096,4689,6056,6378,6214,6536,6599,1910,1910,0,0,s16,request_atomic,ours_rotated
s16__request_atomic__ours_rotated,bounded,attention_sum/phase/50,0,6,4096,4689,6442,6508,6528,6594,6657,1968,1968,0,0,s16,request_atomic,ours_rotated
s16__request_atomic__ours_rotated,bounded,ffn_sum/phase/2,3,0,4096,9110,9173,9239,9513,9774,10466,1356,1356,0,0,s16,request_atomic,ours_rotated
s16__request_atomic__ours_rotated,bounded,ffn_sum/phase/6,1,0,4096,9110,9173,9239,9257,9324,9692,582,582,0,0,s16,request_atomic,ours_rotated
s16__request_atomic__ours_rotated,bounded,ffn_sum/phase/10,4,0,4096,9110,9173,9239,9642,10028,10660,1550,1550,0,0,s16,request_atomic,ours_rotated
s16__request_atomic__ours_rotated,bounded,ffn_sum/phase/14,2,0,4096,9110,9173,9239,9265,9579,10015,905,905,0,0,s16,request_atomic,ours_rotated
s16__request_atomic__ours_rotated,bounded,ffn_sum/phase/18,5,0,4096,9110,9173,9239,9245,9311,9563,453,453,0,0,s16,request_atomic,ours_rotated
s16__request_atomic__ours_rotated,bounded,ffn_sum/phase/22,8,0,4096,9110,9173,9239,9450,9711,10463,1353,1353,0,0,s16,request_atomic,ours_rotated
s16__request_atomic__ours_rotated,bounded,ffn_sum/phase/26,6,0,4096,9110,9173,9239,9259,9387,9695,585,585,0,0,s16,request_atomic,ours_rotated
s16__request_atomic__ours_rotated,bounded,ffn_sum/phase/32,0,3,4096,11620,11683,12005,11843,12165,12228,608,608,0,0,s16,request_atomic,ours_rotated
s16__request_atomic__ours_rotated,bounded,ffn_sum/phase/35,0,1,4096,11620,12196,12262,12280,12346,12409,789,789,0,0,s16,request_atomic,ours_rotated
s16__request_atomic__ours_rotated,bounded,ffn_sum/phase/38,0,4,4096,11620,12326,12392,12494,12560,12623,1003,1003,0,0,s16,request_atomic,ours_rotated
s16__request_atomic__ours_rotated,bounded,ffn_sum/phase/41,0,2,4096,11620,12456,12522,12548,12614,12677,1057,1057,0,0,s16,request_atomic,ours_rotated
s16__request_atomic__ours_rotated,bounded,ffn_sum/phase/44,0,5,4096,11620,12586,12652,12658,12724,12787,1167,1167,0,0,s16,request_atomic,ours_rotated
s16__request_atomic__ours_rotated,bounded,ffn_sum/phase/47,0,8,4096,11620,12716,12782,12874,12944,13007,1387,1387,0,0,s16,request_atomic,ours_rotated
s16__request_atomic__ours_rotated,bounded,ffn_sum/phase/50,0,6,4096,11620,12846,12912,12932,12998,13061,1441,1441,0,0,s16,request_atomic,ours_rotated
s64__request_atomic__baseline,serial,attention_sum/phase/2,1,0,16384,12508,13020,13020,13088,13132,13644,1136,3182,-2046,-2046,s64,request_atomic,baseline
s64__request_atomic__baseline,serial,attention_sum/phase/6,2,0,16384,12508,13020,13020,13157,13181,15692,3184,4923,-1739,-1739,s64,request_atomic,baseline
s64__request_atomic__baseline,serial,attention_sum/phase/10,3,0,16384,12508,13020,13020,13206,13222,16204,3696,5585,-1889,-1889,s64,request_atomic,baseline
s64__request_atomic__baseline,serial,attention_sum/phase/14,4,0,16384,12508,13020,13020,13256,13272,16716,4208,5660,-1452,-1452,s64,request_atomic,baseline
s64__request_atomic__baseline,serial,attention_sum/phase/18,5,0,16384,12508,13020,13020,13090,13134,14156,1648,3245,-1597,-1597,s64,request_atomic,baseline
s64__request_atomic__baseline,serial,attention_sum/phase/22,6,0,16384,12508,13020,13020,13100,13140,14668,2160,4671,-2511,-2511,s64,request_atomic,baseline
s64__request_atomic__baseline,serial,attention_sum/phase/26,7,0,16384,12508,13020,13020,13147,13171,15180,2672,4935,-2263,-2263,s64,request_atomic,baseline
s64__request_atomic__baseline,serial,attention_sum/phase/32,0,1,16384,22604,23116,23116,23184,23200,23712,1108,2711,-1603,-1519,s64,request_atomic,baseline
s64__request_atomic__baseline,serial,attention_sum/phase/35,0,2,16384,22604,23628,23628,23764,23780,24292,1688,3296,-1608,-1524,s64,request_atomic,baseline
s64__request_atomic__baseline,serial,attention_sum/phase/38,0,3,16384,22604,24140,24140,24326,24342,24854,2250,3863,-1613,-1529,s64,request_atomic,baseline
s64__request_atomic__baseline,serial,attention_sum/phase/41,0,4,16384,22604,24652,24652,24888,24904,25416,2812,4430,-1618,-1534,s64,request_atomic,baseline
s64__request_atomic__baseline,serial,attention_sum/phase/44,0,5,16384,22604,25164,25164,25234,25250,25762,3158,5933,-2775,-2691,s64,request_atomic,baseline
s64__request_atomic__baseline,serial,attention_sum/phase/47,0,6,16384,22604,25676,25676,25753,25769,26281,3677,6457,-2780,-2696,s64,request_atomic,baseline
s64__request_atomic__baseline,serial,attention_sum/phase/50,0,7,16384,22604,26188,26188,26315,26331,26843,4239,7280,-3041,-2957,s64,request_atomic,baseline
s64__request_atomic__baseline,serial,ffn_sum/phase/2,1,0,16384,35839,36351,36351,36419,36463,36975,1136,3182,-2046,-5003,s64,request_atomic,baseline
s64__request_atomic__baseline,serial,ffn_sum/phase/6,2,0,16384,35839,36351,36351,36488,36512,39023,3184,4923,-1739,-4696,s64,request_atomic,baseline
s64__request_atomic__baseline,serial,ffn_sum/phase/10,3,0,16384,35839,36351,36351,36537,36553,39535,3696,5585,-1889,-4846,s64,request_atomic,baseline
s64__request_atomic__baseline,serial,ffn_sum/phase/14,4,0,16384,35839,36351,36351,36587,36603,40047,4208,5660,-1452,-4409,s64,request_atomic,baseline
s64__request_atomic__baseline,serial,ffn_sum/phase/18,5,0,16384,35839,36351,36351,36421,36465,37487,1648,3245,-1597,-4554,s64,request_atomic,baseline
s64__request_atomic__baseline,serial,ffn_sum/phase/22,6,0,16384,35839,36351,36351,36431,36471,37999,2160,4671,-2511,-5468,s64,request_atomic,baseline
s64__request_atomic__baseline,serial,ffn_sum/phase/26,7,0,16384,35839,36351,36351,36478,36502,38511,2672,4935,-2263,-5220,s64,request_atomic,baseline
s64__request_atomic__baseline,serial,ffn_sum/phase/32,0,1,16384,45935,46447,46447,46515,46531,47043,1108,2183,-1075,-3948,s64,request_atomic,baseline
s64__request_atomic__baseline,serial,ffn_sum/phase/35,0,2,16384,45935,46959,46959,47095,47111,47623,1688,2768,-1080,-3953,s64,request_atomic,baseline
s64__request_atomic__baseline,serial,ffn_sum/phase/38,0,3,16384,45935,47471,47471,47657,47673,48185,2250,3335,-1085,-3958,s64,request_atomic,baseline
s64__request_atomic__baseline,serial,ffn_sum/phase/41,0,4,16384,45935,47983,47983,48219,48235,48747,2812,3902,-1090,-3963,s64,request_atomic,baseline
s64__request_atomic__baseline,serial,ffn_sum/phase/44,0,5,16384,45935,48495,48495,48565,48581,49093,3158,4253,-1095,-3968,s64,request_atomic,baseline
s64__request_atomic__baseline,serial,ffn_sum/phase/47,0,6,16384,45935,49007,49007,49084,49100,49612,3677,4777,-1100,-3973,s64,request_atomic,baseline
s64__request_atomic__baseline,serial,ffn_sum/phase/50,0,7,16384,45935,49519,49519,49646,49662,50174,4239,5344,-1105,-3978,s64,request_atomic,baseline
s64__request_atomic__baseline,pipeline,attention_sum/phase/2,1,0,16384,12508,12571,13024,12639,13092,16119,3611,3182,429,429,s64,request_atomic,baseline
s64__request_atomic__baseline,pipeline,attention_sum/phase/6,2,0,16384,12508,12571,13024,12707,13148,16407,3899,4923,-1024,-1024,s64,request_atomic,baseline
s64__request_atomic__baseline,pipeline,attention_sum/phase/10,3,0,16384,12508,12571,13024,12757,13210,16557,4049,5585,-1536,-1536,s64,request_atomic,baseline
s64__request_atomic__baseline,pipeline,attention_sum/phase/14,4,0,16384,12508,12571,13024,12807,13260,16632,4124,5660,-1536,-1536,s64,request_atomic,baseline
s64__request_atomic__baseline,pipeline,attention_sum/phase/18,5,0,16384,12508,12571,13024,12641,13094,16131,3623,3245,378,378,s64,request_atomic,baseline
s64__request_atomic__baseline,pipeline,attention_sum/phase/22,6,0,16384,12508,12571,13024,12648,13101,16143,3635,4671,-1036,-1036,s64,request_atomic,baseline
s64__request_atomic__baseline,pipeline,attention_sum/phase/26,7,0,16384,12508,12571,13024,12698,13151,16419,3911,4935,-1024,-1024,s64,request_atomic,baseline
s64__request_atomic__baseline,pipeline,attention_sum/phase/32,0,1,16384,22520,22583,25100,22651,25168,25231,2711,2711,0,0,s64,request_atomic,baseline
s64__request_atomic__baseline,pipeline,attention_sum/phase/35,0,2,16384,22520,25164,25617,25300,25741,25816,3296,3296,0,0,s64,request_atomic,baseline
s64__request_atomic__baseline,pipeline,attention_sum/phase/38,0,3,16384,22520,25681,26134,25867,26320,26383,3863,3863,0,0,s64,request_atomic,baseline
s64__request_atomic__baseline,pipeline,attention_sum/phase/41,0,4,16384,22520,26198,26651,26434,26887,26950,4430,4430,0,0,s64,request_atomic,baseline
s64__request_atomic__baseline,pipeline,attention_sum/phase/44,0,5,16384,22520,26715,28320,26785,28390,28453,5933,5933,0,0,s64,request_atomic,baseline
s64__request_atomic__baseline,pipeline,attention_sum/phase/47,0,6,16384,22520,28384,28837,28461,28914,28977,6457,6457,0,0,s64,request_atomic,baseline
s64__request_atomic__baseline,pipeline,attention_sum/phase/50,0,7,16384,22520,28901,29610,29028,29737,29800,7280,7280,0,0,s64,request_atomic,baseline
s64__request_atomic__baseline,pipeline,ffn_sum/phase/2,1,0,16384,38796,38859,39312,38927,39380,42407,3611,3182,429,429,s64,request_atomic,baseline
s64__request_atomic__baseline,pipeline,ffn_sum/phase/6,2,0,16384,38796,38859,39312,38995,39436,42695,3899,4923,-1024,-1024,s64,request_atomic,baseline
s64__request_atomic__baseline,pipeline,ffn_sum/phase/10,3,0,16384,38796,38859,39312,39045,39498,42845,4049,5585,-1536,-1536,s64,request_atomic,baseline
s64__request_atomic__baseline,pipeline,ffn_sum/phase/14,4,0,16384,38796,38859,39312,39095,39548,42920,4124,5660,-1536,-1536,s64,request_atomic,baseline
s64__request_atomic__baseline,pipeline,ffn_sum/phase/18,5,0,16384,38796,38859,39312,38929,39382,42419,3623,3245,378,378,s64,request_atomic,baseline
s64__request_atomic__baseline,pipeline,ffn_sum/phase/22,6,0,16384,38796,38859,39312,38936,39389,42431,3635,4671,-1036,-1036,s64,request_atomic,baseline
s64__request_atomic__baseline,pipeline,ffn_sum/phase/26,7,0,16384,38796,38859,39312,38986,39439,42707,3911,4935,-1024,-1024,s64,request_atomic,baseline
s64__request_atomic__baseline,pipeline,ffn_sum/phase/32,0,1,16384,48808,48871,50860,48939,50928,50991,2183,2183,0,0,s64,request_atomic,baseline
s64__request_atomic__baseline,pipeline,ffn_sum/phase/35,0,2,16384,48808,50924,51377,51060,51501,51576,2768,2768,0,0,s64,request_atomic,baseline
s64__request_atomic__baseline,pipeline,ffn_sum/phase/38,0,3,16384,48808,51441,51894,51627,52080,52143,3335,3335,0,0,s64,request_atomic,baseline
s64__request_atomic__baseline,pipeline,ffn_sum/phase/41,0,4,16384,48808,51958,52411,52194,52647,52710,3902,3902,0,0,s64,request_atomic,baseline
s64__request_atomic__baseline,pipeline,ffn_sum/phase/44,0,5,16384,48808,52475,52928,52545,52998,53061,4253,4253,0,0,s64,request_atomic,baseline
s64__request_atomic__baseline,pipeline,ffn_sum/phase/47,0,6,16384,48808,52992,53445,53069,53522,53585,4777,4777,0,0,s64,request_atomic,baseline
s64__request_atomic__baseline,pipeline,ffn_sum/phase/50,0,7,16384,48808,53509,53962,53636,54089,54152,5344,5344,0,0,s64,request_atomic,baseline
s64__request_atomic__baseline,bounded,attention_sum/phase/2,1,0,16384,12508,12571,13024,12639,15202,15690,3182,3182,0,0,s64,request_atomic,baseline
s64__request_atomic__baseline,bounded,attention_sum/phase/6,2,0,16384,12508,12571,13024,12707,15970,17431,4923,4923,0,0,s64,request_atomic,baseline
s64__request_atomic__baseline,bounded,attention_sum/phase/10,3,0,16384,12508,12571,13024,13099,17195,18093,5585,5585,0,0,s64,request_atomic,baseline
s64__request_atomic__baseline,bounded,attention_sum/phase/14,4,0,16384,12508,12571,13024,13603,17321,18168,5660,5660,0,0,s64,request_atomic,baseline
s64__request_atomic__baseline,bounded,attention_sum/phase/18,5,0,16384,12508,12571,13024,12641,15265,15753,3245,3245,0,0,s64,request_atomic,baseline
s64__request_atomic__baseline,bounded,attention_sum/phase/22,6,0,16384,12508,12571,13024,12648,15769,17179,4671,4671,0,0,s64,request_atomic,baseline
s64__request_atomic__baseline,bounded,attention_sum/phase/26,7,0,16384,12508,12571,13024,12698,16033,17443,4935,4935,0,0,s64,request_atomic,baseline
s64__request_atomic__baseline,bounded,attention_sum/phase/32,0,1,16384,22520,22583,25100,22651,25168,25231,2711,2711,0,0,s64,request_atomic,baseline
s64__request_atomic__baseline,bounded,attention_sum/phase/35,0,2,16384,22520,25164,25617,25300,25741,25816,3296,3296,0,0,s64,request_atomic,baseline
s64__request_atomic__baseline,bounded,attention_sum/phase/38,0,3,16384,22520,25681,26134,25867,26320,26383,3863,3863,0,0,s64,request_atomic,baseline
s64__request_atomic__baseline,bounded,attention_sum/phase/41,0,4,16384,22520,26198,26651,26434,26887,26950,4430,4430,0,0,s64,request_atomic,baseline
s64__request_atomic__baseline,bounded,attention_sum/phase/44,0,5,16384,22520,26715,28320,26785,28390,28453,5933,5933,0,0,s64,request_atomic,baseline
s64__request_atomic__baseline,bounded,attention_sum/phase/47,0,6,16384,22520,28384,28837,28461,28914,28977,6457,6457,0,0,s64,request_atomic,baseline
s64__request_atomic__baseline,bounded,attention_sum/phase/50,0,7,16384,22520,28901,29610,29028,29737,29800,7280,7280,0,0,s64,request_atomic,baseline
s64__request_atomic__baseline,bounded,ffn_sum/phase/2,1,0,16384,38796,38859,39312,38927,41490,41978,3182,3182,0,0,s64,request_atomic,baseline
s64__request_atomic__baseline,bounded,ffn_sum/phase/6,2,0,16384,38796,38859,39312,38995,42258,43719,4923,4923,0,0,s64,request_atomic,baseline
s64__request_atomic__baseline,bounded,ffn_sum/phase/10,3,0,16384,38796,38859,39312,39387,43483,44381,5585,5585,0,0,s64,request_atomic,baseline
s64__request_atomic__baseline,bounded,ffn_sum/phase/14,4,0,16384,38796,38859,39312,39891,43609,44456,5660,5660,0,0,s64,request_atomic,baseline
s64__request_atomic__baseline,bounded,ffn_sum/phase/18,5,0,16384,38796,38859,39312,38929,41553,42041,3245,3245,0,0,s64,request_atomic,baseline
s64__request_atomic__baseline,bounded,ffn_sum/phase/22,6,0,16384,38796,38859,39312,38936,42057,43467,4671,4671,0,0,s64,request_atomic,baseline
s64__request_atomic__baseline,bounded,ffn_sum/phase/26,7,0,16384,38796,38859,39312,38986,42321,43731,4935,4935,0,0,s64,request_atomic,baseline
s64__request_atomic__baseline,bounded,ffn_sum/phase/32,0,1,16384,48808,48871,50860,48939,50928,50991,2183,2183,0,0,s64,request_atomic,baseline
s64__request_atomic__baseline,bounded,ffn_sum/phase/35,0,2,16384,48808,50924,51377,51060,51501,51576,2768,2768,0,0,s64,request_atomic,baseline
s64__request_atomic__baseline,bounded,ffn_sum/phase/38,0,3,16384,48808,51441,51894,51627,52080,52143,3335,3335,0,0,s64,request_atomic,baseline
s64__request_atomic__baseline,bounded,ffn_sum/phase/41,0,4,16384,48808,51958,52411,52194,52647,52710,3902,3902,0,0,s64,request_atomic,baseline
s64__request_atomic__baseline,bounded,ffn_sum/phase/44,0,5,16384,48808,52475,52928,52545,52998,53061,4253,4253,0,0,s64,request_atomic,baseline
s64__request_atomic__baseline,bounded,ffn_sum/phase/47,0,6,16384,48808,52992,53445,53069,53522,53585,4777,4777,0,0,s64,request_atomic,baseline
s64__request_atomic__baseline,bounded,ffn_sum/phase/50,0,7,16384,48808,53509,53962,53636,54089,54152,5344,5344,0,0,s64,request_atomic,baseline
s64__request_atomic__ours_rotated,serial,attention_sum/phase/2,3,0,16384,12508,13020,13020,13183,13233,16706,4198,5648,-1450,-1450,s64,request_atomic,ours_rotated
s64__request_atomic__ours_rotated,serial,attention_sum/phase/6,1,0,16384,12508,13020,13020,13104,13136,14146,1638,3824,-2186,-2186,s64,request_atomic,ours_rotated
s64__request_atomic__ours_rotated,serial,attention_sum/phase/10,4,0,16384,12508,13020,13020,13189,13221,15682,3174,6172,-2998,-2998,s64,request_atomic,ours_rotated
s64__request_atomic__ours_rotated,serial,attention_sum/phase/14,2,0,16384,12508,13020,13020,13126,13162,15170,2662,3836,-1174,-1174,s64,request_atomic,ours_rotated
s64__request_atomic__ours_rotated,serial,attention_sum/phase/18,5,0,16384,12508,13020,13020,13092,13122,13634,1126,3686,-2560,-2560,s64,request_atomic,ours_rotated
s64__request_atomic__ours_rotated,serial,attention_sum/phase/22,8,0,16384,12508,13020,13020,13181,13231,16194,3686,5124,-1438,-1438,s64,request_atomic,ours_rotated
s64__request_atomic__ours_rotated,serial,attention_sum/phase/26,6,0,16384,12508,13020,13020,13110,13158,14658,2150,3749,-1599,-1599,s64,request_atomic,ours_rotated
s64__request_atomic__ours_rotated,serial,attention_sum/phase/32,0,3,16384,22594,23106,23106,23266,23282,23794,1200,2803,-1603,-1529,s64,request_atomic,ours_rotated
s64__request_atomic__ours_rotated,serial,attention_sum/phase/35,0,1,16384,22594,23618,23618,23702,23718,24230,1636,3244,-1608,-1534,s64,request_atomic,ours_rotated
s64__request_atomic__ours_rotated,serial,attention_sum/phase/38,0,4,16384,22594,24130,24130,24298,24314,24826,2232,3845,-1613,-1539,s64,request_atomic,ours_rotated
s64__request_atomic__ours_rotated,serial,attention_sum/phase/41,0,2,16384,22594,24642,24642,24734,24750,25262,2668,4286,-1618,-1544,s64,request_atomic,ours_rotated
s64__request_atomic__ours_rotated,serial,attention_sum/phase/44,0,5,16384,22594,25154,25154,25226,25242,25754,3160,5935,-2775,-2701,s64,request_atomic,ours_rotated
s64__request_atomic__ours_rotated,serial,attention_sum/phase/47,0,8,16384,22594,25666,25666,25824,25840,26352,3758,6542,-2784,-2710,s64,request_atomic,ours_rotated
s64__request_atomic__ours_rotated,serial,attention_sum/phase/50,0,6,16384,22594,26178,26178,26264,26280,26792,4198,7239,-3041,-2967,s64,request_atomic,ours_rotated
s64__request_atomic__ours_rotated,serial,ffn_sum/phase/2,3,0,16384,35788,36300,36300,36463,36513,39986,4198,5648,-1450,-4417,s64,request_atomic,ours_rotated
s64__request_atomic__ours_rotated,serial,ffn_sum/phase/6,1,0,16384,35788,36300,36300,36384,36416,37426,1638,3824,-2186,-5153,s64,request_atomic,ours_rotated
s64__request_atomic__ours_rotated,serial,ffn_sum/phase/10,4,0,16384,35788,36300,36300,36469,36501,38962,3174,6172,-2998,-5965,s64,request_atomic,ours_rotated
s64__request_atomic__ours_rotated,serial,ffn_sum/phase/14,2,0,16384,35788,36300,36300,36406,36442,38450,2662,3836,-1174,-4141,s64,request_atomic,ours_rotated
s64__request_atomic__ours_rotated,serial,ffn_sum/phase/18,5,0,16384,35788,36300,36300,36372,36402,36914,1126,3686,-2560,-5527,s64,request_atomic,ours_rotated
s64__request_atomic__ours_rotated,serial,ffn_sum/phase/22,8,0,16384,35788,36300,36300,36461,36511,39474,3686,5124,-1438,-4405,s64,request_atomic,ours_rotated
s64__request_atomic__ours_rotated,serial,ffn_sum/phase/26,6,0,16384,35788,36300,36300,36390,36438,37938,2150,3749,-1599,-4566,s64,request_atomic,ours_rotated
s64__request_atomic__ours_rotated,serial,ffn_sum/phase/32,0,3,16384,45874,46386,46386,46546,46562,47074,1200,2279,-1079,-3972,s64,request_atomic,ours_rotated
s64__request_atomic__ours_rotated,serial,ffn_sum/phase/35,0,1,16384,45874,46898,46898,46982,46998,47510,1636,2716,-1080,-3973,s64,request_atomic,ours_rotated
s64__request_atomic__ours_rotated,serial,ffn_sum/phase/38,0,4,16384,45874,47410,47410,47578,47594,48106,2232,3317,-1085,-3978,s64,request_atomic,ours_rotated
s64__request_atomic__ours_rotated,serial,ffn_sum/phase/41,0,2,16384,45874,47922,47922,48014,48030,48542,2668,3758,-1090,-3983,s64,request_atomic,ours_rotated
s64__request_atomic__ours_rotated,serial,ffn_sum/phase/44,0,5,16384,45874,48434,48434,48506,48522,49034,3160,4255,-1095,-3988,s64,request_atomic,ours_rotated
s64__request_atomic__ours_rotated,serial,ffn_sum/phase/47,0,8,16384,45874,48946,48946,49104,49120,49632,3758,4862,-1104,-3997,s64,request_atomic,ours_rotated
s64__request_atomic__ours_rotated,serial,ffn_sum/phase/50,0,6,16384,45874,49458,49458,49544,49560,50072,4198,5303,-1105,-3998,s64,request_atomic,ours_rotated
s64__request_atomic__ours_rotated,pipeline,attention_sum/phase/2,3,0,16384,12508,12571,13024,12731,13191,16620,4112,5648,-1536,-1536,s64,request_atomic,ours_rotated
s64__request_atomic__ours_rotated,pipeline,attention_sum/phase/6,1,0,16384,12508,12571,13024,12655,13116,16332,3824,3824,0,0,s64,request_atomic,ours_rotated
s64__request_atomic__ours_rotated,pipeline,attention_sum/phase/10,4,0,16384,12508,12571,13024,12739,13193,16632,4124,6172,-2048,-2048,s64,request_atomic,ours_rotated
s64__request_atomic__ours_rotated,pipeline,attention_sum/phase/14,2,0,16384,12508,12571,13024,12663,13118,16344,3836,3836,0,0,s64,request_atomic,ours_rotated
s64__request_atomic__ours_rotated,pipeline,attention_sum/phase/18,5,0,16384,12508,12571,13024,12643,13091,15993,3485,3686,-201,-201,s64,request_atomic,ours_rotated
s64__request_atomic__ours_rotated,pipeline,attention_sum/phase/22,8,0,16384,12508,12571,13024,12733,13185,16608,4100,5124,-1024,-1024,s64,request_atomic,ours_rotated
s64__request_atomic__ours_rotated,pipeline,attention_sum/phase/26,6,0,16384,12508,12571,13024,12657,13109,16257,3749,3749,0,0,s64,request_atomic,ours_rotated
s64__request_atomic__ours_rotated,pipeline,attention_sum/phase/32,0,3,16384,22520,22583,25100,22743,25260,25323,2803,2803,0,0,s64,request_atomic,ours_rotated
s64__request_atomic__ours_rotated,pipeline,attention_sum/phase/35,0,1,16384,22520,25164,25617,25248,25708,25764,3244,3244,0,0,s64,request_atomic,ours_rotated
s64__request_atomic__ours_rotated,pipeline,attention_sum/phase/38,0,4,16384,22520,25681,26134,25849,26302,26365,3845,3845,0,0,s64,request_atomic,ours_rotated
s64__request_atomic__ours_rotated,pipeline,attention_sum/phase/41,0,2,16384,22520,26198,26651,26290,26743,26806,4286,4286,0,0,s64,request_atomic,ours_rotated
s64__request_atomic__ours_rotated,pipeline,attention_sum/phase/44,0,5,16384,22520,26715,28320,26787,28387,28455,5935,5935,0,0,s64,request_atomic,ours_rotated
s64__request_atomic__ours_rotated,pipeline,attention_sum/phase/47,0,8,16384,22520,28384,28837,28542,28995,29062,6542,6542,0,0,s64,request_atomic,ours_rotated
s64__request_atomic__ours_rotated,pipeline,attention_sum/phase/50,0,6,16384,22520,28901,29610,28987,29695,29759,7239,7239,0,0,s64,request_atomic,ours_rotated
s64__request_atomic__ours_rotated,pipeline,ffn_sum/phase/2,3,0,16384,38755,38818,39271,38978,39438,42867,4112,5648,-1536,-1536,s64,request_atomic,ours_rotated
s64__request_atomic__ours_rotated,pipeline,ffn_sum/phase/6,1,0,16384,38755,38818,39271,38902,39363,42579,3824,3824,0,0,s64,request_atomic,ours_rotated
s64__request_atomic__ours_rotated,pipeline,ffn_sum/phase/10,4,0,16384,38755,38818,39271,38986,39440,42879,4124,6172,-2048,-2048,s64,request_atomic,ours_rotated
s64__request_atomic__ours_rotated,pipeline,ffn_sum/phase/14,2,0,16384,38755,38818,39271,38910,39365,42591,3836,3836,0,0,s64,request_atomic,ours_rotated
s64__request_atomic__ours_rotated,pipeline,ffn_sum/phase/18,5,0,16384,38755,38818,39271,38890,39338,42240,3485,3686,-201,-201,s64,request_atomic,ours_rotated
s64__request_atomic__ours_rotated,pipeline,ffn_sum/phase/22,8,0,16384,38755,38818,39271,38980,39432,42855,4100,5124,-1024,-1024,s64,request_atomic,ours_rotated
s64__request_atomic__ours_rotated,pipeline,ffn_sum/phase/26,6,0,16384,38755,38818,39271,38904,39356,42504,3749,3749,0,0,s64,request_atomic,ours_rotated
s64__request_atomic__ours_rotated,pipeline,ffn_sum/phase/32,0,3,16384,48767,48830,50819,48990,50979,51046,2279,2279,0,0,s64,request_atomic,ours_rotated
s64__request_atomic__ours_rotated,pipeline,ffn_sum/phase/35,0,1,16384,48767,50883,51336,50967,51427,51483,2716,2716,0,0,s64,request_atomic,ours_rotated
s64__request_atomic__ours_rotated,pipeline,ffn_sum/phase/38,0,4,16384,48767,51400,51853,51568,52021,52084,3317,3317,0,0,s64,request_atomic,ours_rotated
s64__request_atomic__ours_rotated,pipeline,ffn_sum/phase/41,0,2,16384,48767,51917,52370,52009,52462,52525,3758,3758,0,0,s64,request_atomic,ours_rotated
s64__request_atomic__ours_rotated,pipeline,ffn_sum/phase/44,0,5,16384,48767,52434,52887,52506,52954,53022,4255,4255,0,0,s64,request_atomic,ours_rotated
s64__request_atomic__ours_rotated,pipeline,ffn_sum/phase/47,0,8,16384,48767,52951,53404,53109,53562,53629,4862,4862,0,0,s64,request_atomic,ours_rotated
s64__request_atomic__ours_rotated,pipeline,ffn_sum/phase/50,0,6,16384,48767,53468,53921,53554,54006,54070,5303,5303,0,0,s64,request_atomic,ours_rotated
s64__request_atomic__ours_rotated,bounded,attention_sum/phase/2,3,0,16384,12508,12571,13024,13099,16336,18156,5648,5648,0,0,s64,request_atomic,ours_rotated
s64__request_atomic__ours_rotated,bounded,attention_sum/phase/6,1,0,16384,12508,12571,13024,12655,15895,16332,3824,3824,0,0,s64,request_atomic,ours_rotated
s64__request_atomic__ours_rotated,bounded,attention_sum/phase/10,4,0,16384,12508,12571,13024,13162,16348,18680,6172,6172,0,0,s64,request_atomic,ours_rotated
s64__request_atomic__ours_rotated,bounded,attention_sum/phase/14,2,0,16384,12508,12571,13024,12663,15958,16344,3836,3836,0,0,s64,request_atomic,ours_rotated
s64__request_atomic__ours_rotated,bounded,attention_sum/phase/18,5,0,16384,12508,12571,13024,12643,15706,16194,3686,3686,0,0,s64,request_atomic,ours_rotated
s64__request_atomic__ours_rotated,bounded,attention_sum/phase/22,8,0,16384,12508,12571,13024,13225,16273,17632,5124,5124,0,0,s64,request_atomic,ours_rotated
s64__request_atomic__ours_rotated,bounded,attention_sum/phase/26,6,0,16384,12508,12571,13024,12657,15769,16257,3749,3749,0,0,s64,request_atomic,ours_rotated
s64__request_atomic__ours_rotated,bounded,attention_sum/phase/32,0,3,16384,22520,22583,25100,22743,25260,25323,2803,2803,0,0,s64,request_atomic,ours_rotated
s64__request_atomic__ours_rotated,bounded,attention_sum/phase/35,0,1,16384,22520,25164,25617,25248,25708,25764,3244,3244,0,0,s64,request_atomic,ours_rotated
s64__request_atomic__ours_rotated,bounded,attention_sum/phase/38,0,4,16384,22520,25681,26134,25849,26302,26365,3845,3845,0,0,s64,request_atomic,ours_rotated
s64__request_atomic__ours_rotated,bounded,attention_sum/phase/41,0,2,16384,22520,26198,26651,26290,26743,26806,4286,4286,0,0,s64,request_atomic,ours_rotated
s64__request_atomic__ours_rotated,bounded,attention_sum/phase/44,0,5,16384,22520,26715,28320,26787,28387,28455,5935,5935,0,0,s64,request_atomic,ours_rotated
s64__request_atomic__ours_rotated,bounded,attention_sum/phase/47,0,8,16384,22520,28384,28837,28542,28995,29062,6542,6542,0,0,s64,request_atomic,ours_rotated
s64__request_atomic__ours_rotated,bounded,attention_sum/phase/50,0,6,16384,22520,28901,29610,28987,29695,29759,7239,7239,0,0,s64,request_atomic,ours_rotated
s64__request_atomic__ours_rotated,bounded,ffn_sum/phase/2,3,0,16384,38755,38818,39271,39346,42583,44403,5648,5648,0,0,s64,request_atomic,ours_rotated
s64__request_atomic__ours_rotated,bounded,ffn_sum/phase/6,1,0,16384,38755,38818,39271,38902,42142,42579,3824,3824,0,0,s64,request_atomic,ours_rotated
s64__request_atomic__ours_rotated,bounded,ffn_sum/phase/10,4,0,16384,38755,38818,39271,39409,42595,44927,6172,6172,0,0,s64,request_atomic,ours_rotated
s64__request_atomic__ours_rotated,bounded,ffn_sum/phase/14,2,0,16384,38755,38818,39271,38910,42205,42591,3836,3836,0,0,s64,request_atomic,ours_rotated
s64__request_atomic__ours_rotated,bounded,ffn_sum/phase/18,5,0,16384,38755,38818,39271,38890,41953,42441,3686,3686,0,0,s64,request_atomic,ours_rotated
s64__request_atomic__ours_rotated,bounded,ffn_sum/phase/22,8,0,16384,38755,38818,39271,39472,42520,43879,5124,5124,0,0,s64,request_atomic,ours_rotated
s64__request_atomic__ours_rotated,bounded,ffn_sum/phase/26,6,0,16384,38755,38818,39271,38904,42016,42504,3749,3749,0,0,s64,request_atomic,ours_rotated
s64__request_atomic__ours_rotated,bounded,ffn_sum/phase/32,0,3,16384,48767,48830,50819,48990,50979,51046,2279,2279,0,0,s64,request_atomic,ours_rotated
s64__request_atomic__ours_rotated,bounded,ffn_sum/phase/35,0,1,16384,48767,50883,51336,50967,51427,51483,2716,2716,0,0,s64,request_atomic,ours_rotated
s64__request_atomic__ours_rotated,bounded,ffn_sum/phase/38,0,4,16384,48767,51400,51853,51568,52021,52084,3317,3317,0,0,s64,request_atomic,ours_rotated
s64__request_atomic__ours_rotated,bounded,ffn_sum/phase/41,0,2,16384,48767,51917,52370,52009,52462,52525,3758,3758,0,0,s64,request_atomic,ours_rotated
s64__request_atomic__ours_rotated,bounded,ffn_sum/phase/44,0,5,16384,48767,52434,52887,52506,52954,53022,4255,4255,0,0,s64,request_atomic,ours_rotated
s64__request_atomic__ours_rotated,bounded,ffn_sum/phase/47,0,8,16384,48767,52951,53404,53109,53562,53629,4862,4862,0,0,s64,request_atomic,ours_rotated
s64__request_atomic__ours_rotated,bounded,ffn_sum/phase/50,0,6,16384,48767,53468,53921,53554,54006,54070,5303,5303,0,0,s64,request_atomic,ours_rotated
s16__burst_256__baseline,serial,attention_sum/phase/2,1,0,4096,2419,2547,2547,2615,2623,3359,940,642,298,298,s16,burst_256,baseline
s16__burst_256__baseline,serial,attention_sum/phase/6,2,0,4096,2419,2547,2547,2683,2687,3535,1116,1133,-17,-17,s16,burst_256,baseline
s16__burst_256__baseline,serial,attention_sum/phase/10,3,0,4096,2419,2547,2547,2733,2737,3615,1196,1219,-23,-23,s16,burst_256,baseline
s16__burst_256__baseline,serial,attention_sum/phase/14,4,0,4096,2419,2547,2547,2783,2787,3679,1260,1298,-38,-38,s16,burst_256,baseline
s16__burst_256__baseline,serial,attention_sum/phase/18,5,0,4096,2419,2547,2547,2617,2625,3375,956,657,299,299,s16,burst_256,baseline
s16__burst_256__baseline,serial,attention_sum/phase/22,6,0,4096,2419,2547,2547,2627,2631,3383,964,754,210,210,s16,burst_256,baseline
s16__burst_256__baseline,serial,attention_sum/phase/26,7,0,4096,2419,2547,2547,2674,2678,3519,1100,1046,54,54,s16,burst_256,baseline
s16__burst_256__baseline,serial,attention_sum/phase/32,0,1,4096,4991,5959,5959,6027,6031,6159,1168,380,788,854,s16,burst_256,baseline
s16__burst_256__baseline,serial,attention_sum/phase/35,0,2,4096,4991,5967,5967,6087,6103,6231,1240,713,527,593,s16,burst_256,baseline
s16__burst_256__baseline,serial,attention_sum/phase/38,0,3,4096,4991,5975,5975,6161,6165,6293,1302,965,337,403,s16,burst_256,baseline
s16__burst_256__baseline,serial,attention_sum/phase/41,0,4,4096,4991,5983,5983,6219,6223,6351,1360,1280,80,146,s16,burst_256,baseline
s16__burst_256__baseline,serial,attention_sum/phase/44,0,5,4096,4991,5991,5991,6061,6065,6193,1202,1307,-105,-39,s16,burst_256,baseline
s16__burst_256__baseline,serial,attention_sum/phase/47,0,6,4096,4991,5999,5999,6076,6080,6208,1217,1444,-227,-161,s16,burst_256,baseline
s16__burst_256__baseline,serial,attention_sum/phase/50,0,7,4096,4991,6007,6007,6134,6138,6266,1275,1624,-349,-283,s16,burst_256,baseline
s16__burst_256__baseline,serial,ffn_sum/phase/2,1,0,4096,8804,8932,8932,9000,9008,9744,940,642,298,100,s16,burst_256,baseline
s16__burst_256__baseline,serial,ffn_sum/phase/6,2,0,4096,8804,8932,8932,9068,9072,9920,1116,1133,-17,-215,s16,burst_256,baseline
s16__burst_256__baseline,serial,ffn_sum/phase/10,3,0,4096,8804,8932,8932,9118,9122,10000,1196,1219,-23,-221,s16,burst_256,baseline
s16__burst_256__baseline,serial,ffn_sum/phase/14,4,0,4096,8804,8932,8932,9168,9172,10064,1260,1298,-38,-236,s16,burst_256,baseline
s16__burst_256__baseline,serial,ffn_sum/phase/18,5,0,4096,8804,8932,8932,9002,9010,9760,956,657,299,101,s16,burst_256,baseline
s16__burst_256__baseline,serial,ffn_sum/phase/22,6,0,4096,8804,8932,8932,9012,9016,9768,964,754,210,12,s16,burst_256,baseline
s16__burst_256__baseline,serial,ffn_sum/phase/26,7,0,4096,8804,8932,8932,9059,9063,9904,1100,1046,54,-144,s16,burst_256,baseline
s16__burst_256__baseline,serial,ffn_sum/phase/32,0,1,4096,11376,12344,12344,12412,12416,12544,1168,380,788,656,s16,burst_256,baseline
s16__burst_256__baseline,serial,ffn_sum/phase/35,0,2,4096,11376,12352,12352,12472,12488,12616,1240,713,527,395,s16,burst_256,baseline
s16__burst_256__baseline,serial,ffn_sum/phase/38,0,3,4096,11376,12360,12360,12546,12550,12678,1302,965,337,205,s16,burst_256,baseline
s16__burst_256__baseline,serial,ffn_sum/phase/41,0,4,4096,11376,12368,12368,12604,12608,12736,1360,1200,160,28,s16,burst_256,baseline
s16__burst_256__baseline,serial,ffn_sum/phase/44,0,5,4096,11376,12376,12376,12446,12450,12578,1202,1164,38,-94,s16,burst_256,baseline
s16__burst_256__baseline,serial,ffn_sum/phase/47,0,6,4096,11376,12384,12384,12461,12465,12593,1217,1301,-84,-216,s16,burst_256,baseline
s16__burst_256__baseline,serial,ffn_sum/phase/50,0,7,4096,11376,12392,12392,12519,12523,12651,1275,1481,-206,-338,s16,burst_256,baseline
s16__burst_256__baseline,pipeline,attention_sum/phase/2,1,0,4096,2419,2482,2548,2550,2617,3326,907,642,265,265,s16,burst_256,baseline
s16__burst_256__baseline,pipeline,attention_sum/phase/6,2,0,4096,2419,2482,2548,2621,2684,3440,1021,1133,-112,-112,s16,burst_256,baseline
s16__burst_256__baseline,pipeline,attention_sum/phase/10,3,0,4096,2419,2482,2548,2668,2734,3478,1059,1219,-160,-160,s16,burst_256,baseline
s16__burst_256__baseline,pipeline,attention_sum/phase/14,4,0,4096,2419,2482,2548,2718,2784,3509,1090,1298,-208,-208,s16,burst_256,baseline
s16__burst_256__baseline,pipeline,attention_sum/phase/18,5,0,4096,2419,2482,2548,2552,2619,3341,922,657,265,265,s16,burst_256,baseline
s16__burst_256__baseline,pipeline,attention_sum/phase/22,6,0,4096,2419,2482,2548,2559,2625,3387,968,754,214,214,s16,burst_256,baseline
s16__burst_256__baseline,pipeline,attention_sum/phase/26,7,0,4096,2419,2482,2548,2609,2675,3433,1014,1046,-32,-32,s16,burst_256,baseline
s16__burst_256__baseline,pipeline,attention_sum/phase/32,0,1,4096,4925,5044,5182,5112,5250,5305,380,380,0,0,s16,burst_256,baseline
s16__burst_256__baseline,pipeline,attention_sum/phase/35,0,2,4096,4925,5309,5439,5445,5575,5638,713,713,0,0,s16,burst_256,baseline
s16__burst_256__baseline,pipeline,attention_sum/phase/38,0,3,4096,4925,5511,5649,5697,5835,5890,965,965,0,0,s16,burst_256,baseline
s16__burst_256__baseline,pipeline,attention_sum/phase/41,0,4,4096,4925,5776,5914,6012,6150,6205,1280,1280,0,0,s16,burst_256,baseline
s16__burst_256__baseline,pipeline,attention_sum/phase/44,0,5,4096,4925,6033,6099,6103,6169,6232,1307,1307,0,0,s16,burst_256,baseline
s16__burst_256__baseline,pipeline,attention_sum/phase/47,0,6,4096,4925,6163,6229,6240,6306,6369,1444,1444,0,0,s16,burst_256,baseline
s16__burst_256__baseline,pipeline,attention_sum/phase/50,0,7,4096,4925,6293,6359,6420,6486,6549,1624,1624,0,0,s16,burst_256,baseline
s16__burst_256__baseline,pipeline,ffn_sum/phase/2,1,0,4096,9002,9065,9131,9133,9200,9909,907,642,265,265,s16,burst_256,baseline
s16__burst_256__baseline,pipeline,ffn_sum/phase/6,2,0,4096,9002,9065,9131,9204,9267,10023,1021,1133,-112,-112,s16,burst_256,baseline
s16__burst_256__baseline,pipeline,ffn_sum/phase/10,3,0,4096,9002,9065,9131,9251,9317,10061,1059,1219,-160,-160,s16,burst_256,baseline
s16__burst_256__baseline,pipeline,ffn_sum/phase/14,4,0,4096,9002,9065,9131,9301,9367,10092,1090,1298,-208,-208,s16,burst_256,baseline
s16__burst_256__baseline,pipeline,ffn_sum/phase/18,5,0,4096,9002,9065,9131,9135,9202,9924,922,657,265,265,s16,burst_256,baseline
s16__burst_256__baseline,pipeline,ffn_sum/phase/22,6,0,4096,9002,9065,9131,9142,9208,9970,968,754,214,214,s16,burst_256,baseline
s16__burst_256__baseline,pipeline,ffn_sum/phase/26,7,0,4096,9002,9065,9131,9192,9258,10016,1014,1046,-32,-32,s16,burst_256,baseline
s16__burst_256__baseline,pipeline,ffn_sum/phase/32,0,1,4096,11508,11627,11765,11695,11833,11888,380,380,0,0,s16,burst_256,baseline
s16__burst_256__baseline,pipeline,ffn_sum/phase/35,0,2,4096,11508,11892,12022,12028,12158,12221,713,713,0,0,s16,burst_256,baseline
s16__burst_256__baseline,pipeline,ffn_sum/phase/38,0,3,4096,11508,12094,12232,12280,12418,12473,965,965,0,0,s16,burst_256,baseline
s16__burst_256__baseline,pipeline,ffn_sum/phase/41,0,4,4096,11508,12343,12409,12579,12645,12708,1200,1200,0,0,s16,burst_256,baseline
s16__burst_256__baseline,pipeline,ffn_sum/phase/44,0,5,4096,11508,12473,12539,12543,12609,12672,1164,1164,0,0,s16,burst_256,baseline
s16__burst_256__baseline,pipeline,ffn_sum/phase/47,0,6,4096,11508,12603,12669,12680,12746,12809,1301,1301,0,0,s16,burst_256,baseline
s16__burst_256__baseline,pipeline,ffn_sum/phase/50,0,7,4096,11508,12733,12799,12860,12926,12989,1481,1481,0,0,s16,burst_256,baseline
s16__burst_256__baseline,bounded,attention_sum/phase/2,1,0,4096,2419,2482,2548,2550,2617,3061,642,642,0,0,s16,burst_256,baseline
s16__burst_256__baseline,bounded,attention_sum/phase/6,2,0,4096,2419,2482,2548,2681,3070,3552,1133,1133,0,0,s16,burst_256,baseline
s16__burst_256__baseline,bounded,attention_sum/phase/10,3,0,4096,2419,2482,2548,2914,3143,3638,1219,1219,0,0,s16,burst_256,baseline
s16__burst_256__baseline,bounded,attention_sum/phase/14,4,0,4096,2419,2482,2548,3077,3189,3717,1298,1298,0,0,s16,burst_256,baseline
s16__burst_256__baseline,bounded,attention_sum/phase/18,5,0,4096,2419,2482,2548,2552,2619,3076,657,657,0,0,s16,burst_256,baseline
s16__burst_256__baseline,bounded,attention_sum/phase/22,6,0,4096,2419,2482,2548,2559,2867,3173,754,754,0,0,s16,burst_256,baseline
s16__burst_256__baseline,bounded,attention_sum/phase/26,7,0,4096,2419,2482,2548,2609,2948,3465,1046,1046,0,0,s16,burst_256,baseline
s16__burst_256__baseline,bounded,attention_sum/phase/32,0,1,4096,4925,5044,5182,5112,5250,5305,380,380,0,0,s16,burst_256,baseline
s16__burst_256__baseline,bounded,attention_sum/phase/35,0,2,4096,4925,5309,5439,5445,5575,5638,713,713,0,0,s16,burst_256,baseline
s16__burst_256__baseline,bounded,attention_sum/phase/38,0,3,4096,4925,5511,5649,5697,5835,5890,965,965,0,0,s16,burst_256,baseline
s16__burst_256__baseline,bounded,attention_sum/phase/41,0,4,4096,4925,5776,5914,6012,6150,6205,1280,1280,0,0,s16,burst_256,baseline
s16__burst_256__baseline,bounded,attention_sum/phase/44,0,5,4096,4925,6033,6099,6103,6169,6232,1307,1307,0,0,s16,burst_256,baseline
s16__burst_256__baseline,bounded,attention_sum/phase/47,0,6,4096,4925,6163,6229,6240,6306,6369,1444,1444,0,0,s16,burst_256,baseline
s16__burst_256__baseline,bounded,attention_sum/phase/50,0,7,4096,4925,6293,6359,6420,6486,6549,1624,1624,0,0,s16,burst_256,baseline
s16__burst_256__baseline,bounded,ffn_sum/phase/2,1,0,4096,9002,9065,9131,9133,9200,9644,642,642,0,0,s16,burst_256,baseline
s16__burst_256__baseline,bounded,ffn_sum/phase/6,2,0,4096,9002,9065,9131,9264,9653,10135,1133,1133,0,0,s16,burst_256,baseline
s16__burst_256__baseline,bounded,ffn_sum/phase/10,3,0,4096,9002,9065,9131,9497,9726,10221,1219,1219,0,0,s16,burst_256,baseline
s16__burst_256__baseline,bounded,ffn_sum/phase/14,4,0,4096,9002,9065,9131,9660,9772,10300,1298,1298,0,0,s16,burst_256,baseline
s16__burst_256__baseline,bounded,ffn_sum/phase/18,5,0,4096,9002,9065,9131,9135,9202,9659,657,657,0,0,s16,burst_256,baseline
s16__burst_256__baseline,bounded,ffn_sum/phase/22,6,0,4096,9002,9065,9131,9142,9450,9756,754,754,0,0,s16,burst_256,baseline
s16__burst_256__baseline,bounded,ffn_sum/phase/26,7,0,4096,9002,9065,9131,9192,9531,10048,1046,1046,0,0,s16,burst_256,baseline
s16__burst_256__baseline,bounded,ffn_sum/phase/32,0,1,4096,11508,11627,11765,11695,11833,11888,380,380,0,0,s16,burst_256,baseline
s16__burst_256__baseline,bounded,ffn_sum/phase/35,0,2,4096,11508,11892,12022,12028,12158,12221,713,713,0,0,s16,burst_256,baseline
s16__burst_256__baseline,bounded,ffn_sum/phase/38,0,3,4096,11508,12094,12232,12280,12418,12473,965,965,0,0,s16,burst_256,baseline
s16__burst_256__baseline,bounded,ffn_sum/phase/41,0,4,4096,11508,12343,12409,12579,12645,12708,1200,1200,0,0,s16,burst_256,baseline
s16__burst_256__baseline,bounded,ffn_sum/phase/44,0,5,4096,11508,12473,12539,12543,12609,12672,1164,1164,0,0,s16,burst_256,baseline
s16__burst_256__baseline,bounded,ffn_sum/phase/47,0,6,4096,11508,12603,12669,12680,12746,12809,1301,1301,0,0,s16,burst_256,baseline
s16__burst_256__baseline,bounded,ffn_sum/phase/50,0,7,4096,11508,12733,12799,12860,12926,12989,1481,1481,0,0,s16,burst_256,baseline
s16__burst_256__ours_rotated,serial,attention_sum/phase/2,3,0,4096,2419,2547,2547,2710,2720,3607,1188,1207,-19,-19,s16,burst_256,ours_rotated
s16__burst_256__ours_rotated,serial,attention_sum/phase/6,1,0,4096,2419,2547,2547,2631,2639,3415,996,661,335,335,s16,burst_256,ours_rotated
s16__burst_256__ours_rotated,serial,attention_sum/phase/10,4,0,4096,2419,2547,2547,2718,2724,3615,1196,1294,-98,-98,s16,burst_256,ours_rotated
s16__burst_256__ours_rotated,serial,attention_sum/phase/14,2,0,4096,2419,2547,2547,2643,2647,3463,1044,1098,-54,-54,s16,burst_256,ours_rotated
s16__burst_256__ours_rotated,serial,attention_sum/phase/18,5,0,4096,2419,2547,2547,2619,2623,3319,900,638,262,262,s16,burst_256,ours_rotated
s16__burst_256__ours_rotated,serial,attention_sum/phase/22,8,0,4096,2419,2547,2547,2708,2716,3591,1172,1176,-4,-4,s16,burst_256,ours_rotated
s16__burst_256__ours_rotated,serial,attention_sum/phase/26,6,0,4096,2419,2547,2547,2633,2641,3455,1036,684,352,352,s16,burst_256,ours_rotated
s16__burst_256__ours_rotated,serial,attention_sum/phase/32,0,3,4096,4991,5959,5959,6119,6123,6251,1260,472,788,850,s16,burst_256,ours_rotated
s16__burst_256__ours_rotated,serial,attention_sum/phase/35,0,1,4096,4991,5967,5967,6051,6055,6183,1192,661,531,593,s16,burst_256,ours_rotated
s16__burst_256__ours_rotated,serial,attention_sum/phase/38,0,4,4096,4991,5975,5975,6143,6147,6275,1284,947,337,399,s16,burst_256,ours_rotated
s16__burst_256__ours_rotated,serial,attention_sum/phase/41,0,2,4096,4991,5983,5983,6075,6079,6207,1216,1136,80,142,s16,burst_256,ours_rotated
s16__burst_256__ours_rotated,serial,attention_sum/phase/44,0,5,4096,4991,5991,5991,6058,6062,6190,1199,1309,-110,-48,s16,burst_256,ours_rotated
s16__burst_256__ours_rotated,serial,attention_sum/phase/47,0,8,4096,4991,5999,5999,6160,6164,6292,1301,1529,-228,-166,s16,burst_256,ours_rotated
s16__burst_256__ours_rotated,serial,attention_sum/phase/50,0,6,4096,4991,6007,6007,6092,6096,6224,1233,1583,-350,-288,s16,burst_256,ours_rotated
s16__burst_256__ours_rotated,serial,ffn_sum/phase/2,3,0,4096,8745,8873,8873,9036,9046,9933,1188,1207,-19,-239,s16,burst_256,ours_rotated
s16__burst_256__ours_rotated,serial,ffn_sum/phase/6,1,0,4096,8745,8873,8873,8957,8965,9741,996,661,335,115,s16,burst_256,ours_rotated
s16__burst_256__ours_rotated,serial,ffn_sum/phase/10,4,0,4096,8745,8873,8873,9044,9050,9941,1196,1294,-98,-318,s16,burst_256,ours_rotated
s16__burst_256__ours_rotated,serial,ffn_sum/phase/14,2,0,4096,8745,8873,8873,8969,8973,9789,1044,1098,-54,-274,s16,burst_256,ours_rotated
s16__burst_256__ours_rotated,serial,ffn_sum/phase/18,5,0,4096,8745,8873,8873,8945,8949,9645,900,638,262,42,s16,burst_256,ours_rotated
s16__burst_256__ours_rotated,serial,ffn_sum/phase/22,8,0,4096,8745,8873,8873,9034,9042,9917,1172,1176,-4,-224,s16,burst_256,ours_rotated
s16__burst_256__ours_rotated,serial,ffn_sum/phase/26,6,0,4096,8745,8873,8873,8959,8967,9781,1036,684,352,132,s16,burst_256,ours_rotated
s16__burst_256__ours_rotated,serial,ffn_sum/phase/32,0,3,4096,11317,12285,12285,12445,12449,12577,1260,472,788,630,s16,burst_256,ours_rotated
s16__burst_256__ours_rotated,serial,ffn_sum/phase/35,0,1,4096,11317,12293,12293,12377,12381,12509,1192,661,531,373,s16,burst_256,ours_rotated
s16__burst_256__ours_rotated,serial,ffn_sum/phase/38,0,4,4096,11317,12301,12301,12469,12473,12601,1284,947,337,179,s16,burst_256,ours_rotated
s16__burst_256__ours_rotated,serial,ffn_sum/phase/41,0,2,4096,11317,12309,12309,12401,12405,12533,1216,1056,160,2,s16,burst_256,ours_rotated
s16__burst_256__ours_rotated,serial,ffn_sum/phase/44,0,5,4096,11317,12317,12317,12384,12388,12516,1199,1166,33,-125,s16,burst_256,ours_rotated
s16__burst_256__ours_rotated,serial,ffn_sum/phase/47,0,8,4096,11317,12325,12325,12486,12490,12618,1301,1386,-85,-243,s16,burst_256,ours_rotated
s16__burst_256__ours_rotated,serial,ffn_sum/phase/50,0,6,4096,11317,12333,12333,12418,12422,12550,1233,1440,-207,-365,s16,burst_256,ours_rotated
s16__burst_256__ours_rotated,pipeline,attention_sum/phase/2,3,0,4096,2419,2482,2548,2642,2709,3474,1055,1207,-152,-152,s16,burst_256,ours_rotated
s16__burst_256__ours_rotated,pipeline,attention_sum/phase/6,1,0,4096,2419,2482,2548,2566,2633,3377,958,661,297,297,s16,burst_256,ours_rotated
s16__burst_256__ours_rotated,pipeline,attention_sum/phase/10,4,0,4096,2419,2482,2548,2650,2716,3489,1070,1294,-224,-224,s16,burst_256,ours_rotated
s16__burst_256__ours_rotated,pipeline,attention_sum/phase/14,2,0,4096,2419,2482,2548,2574,2640,3407,988,1098,-110,-110,s16,burst_256,ours_rotated
s16__burst_256__ours_rotated,pipeline,attention_sum/phase/18,5,0,4096,2419,2482,2548,2554,2620,3370,951,638,313,313,s16,burst_256,ours_rotated
s16__burst_256__ours_rotated,pipeline,attention_sum/phase/22,8,0,4096,2419,2482,2548,2644,2707,3467,1048,1176,-128,-128,s16,burst_256,ours_rotated
s16__burst_256__ours_rotated,pipeline,attention_sum/phase/26,6,0,4096,2419,2482,2548,2568,2635,3384,965,684,281,281,s16,burst_256,ours_rotated
s16__burst_256__ours_rotated,pipeline,attention_sum/phase/32,0,3,4096,4929,5048,5186,5208,5346,5401,472,472,0,0,s16,burst_256,ours_rotated
s16__burst_256__ours_rotated,pipeline,attention_sum/phase/35,0,1,4096,4929,5313,5443,5397,5527,5590,661,661,0,0,s16,burst_256,ours_rotated
s16__burst_256__ours_rotated,pipeline,attention_sum/phase/38,0,4,4096,4929,5515,5653,5683,5821,5876,947,947,0,0,s16,burst_256,ours_rotated
s16__burst_256__ours_rotated,pipeline,attention_sum/phase/41,0,2,4096,4929,5780,5918,5872,6010,6065,1136,1136,0,0,s16,burst_256,ours_rotated
s16__burst_256__ours_rotated,pipeline,attention_sum/phase/44,0,5,4096,4929,6037,6103,6109,6175,6238,1309,1309,0,0,s16,burst_256,ours_rotated
s16__burst_256__ours_rotated,pipeline,attention_sum/phase/47,0,8,4096,4929,6167,6233,6325,6395,6458,1529,1529,0,0,s16,burst_256,ours_rotated
s16__burst_256__ours_rotated,pipeline,attention_sum/phase/50,0,6,4096,4929,6297,6363,6383,6449,6512,1583,1583,0,0,s16,burst_256,ours_rotated
s16__burst_256__ours_rotated,pipeline,ffn_sum/phase/2,3,0,4096,8965,9028,9094,9188,9255,10020,1055,1207,-152,-152,s16,burst_256,ours_rotated
s16__burst_256__ours_rotated,pipeline,ffn_sum/phase/6,1,0,4096,8965,9028,9094,9112,9179,9923,958,661,297,297,s16,burst_256,ours_rotated
s16__burst_256__ours_rotated,pipeline,ffn_sum/phase/10,4,0,4096,8965,9028,9094,9196,9262,10035,1070,1294,-224,-224,s16,burst_256,ours_rotated
s16__burst_256__ours_rotated,pipeline,ffn_sum/phase/14,2,0,4096,8965,9028,9094,9120,9186,9953,988,1098,-110,-110,s16,burst_256,ours_rotated
s16__burst_256__ours_rotated,pipeline,ffn_sum/phase/18,5,0,4096,8965,9028,9094,9100,9166,9916,951,638,313,313,s16,burst_256,ours_rotated
s16__burst_256__ours_rotated,pipeline,ffn_sum/phase/22,8,0,4096,8965,9028,9094,9190,9253,10013,1048,1176,-128,-128,s16,burst_256,ours_rotated
s16__burst_256__ours_rotated,pipeline,ffn_sum/phase/26,6,0,4096,8965,9028,9094,9114,9181,9930,965,684,281,281,s16,burst_256,ours_rotated
s16__burst_256__ours_rotated,pipeline,ffn_sum/phase/32,0,3,4096,11475,11594,11732,11754,11892,11947,472,472,0,0,s16,burst_256,ours_rotated
s16__burst_256__ours_rotated,pipeline,ffn_sum/phase/35,0,1,4096,11475,11859,11989,11943,12073,12136,661,661,0,0,s16,burst_256,ours_rotated
s16__burst_256__ours_rotated,pipeline,ffn_sum/phase/38,0,4,4096,11475,12061,12199,12229,12367,12422,947,947,0,0,s16,burst_256,ours_rotated
s16__burst_256__ours_rotated,pipeline,ffn_sum/phase/41,0,2,4096,11475,12310,12376,12402,12468,12531,1056,1056,0,0,s16,burst_256,ours_rotated
s16__burst_256__ours_rotated,pipeline,ffn_sum/phase/44,0,5,4096,11475,12440,12506,12512,12578,12641,1166,1166,0,0,s16,burst_256,ours_rotated
s16__burst_256__ours_rotated,pipeline,ffn_sum/phase/47,0,8,4096,11475,12570,12636,12728,12798,12861,1386,1386,0,0,s16,burst_256,ours_rotated
s16__burst_256__ours_rotated,pipeline,ffn_sum/phase/50,0,6,4096,11475,12700,12766,12786,12852,12915,1440,1440,0,0,s16,burst_256,ours_rotated
s16__burst_256__ours_rotated,bounded,attention_sum/phase/2,3,0,4096,2419,2482,2548,2858,3119,3626,1207,1207,0,0,s16,burst_256,ours_rotated
s16__burst_256__ours_rotated,bounded,attention_sum/phase/6,1,0,4096,2419,2482,2548,2566,2677,3080,661,661,0,0,s16,burst_256,ours_rotated
s16__burst_256__ours_rotated,bounded,attention_sum/phase/10,4,0,4096,2419,2482,2548,3015,3205,3713,1294,1294,0,0,s16,burst_256,ours_rotated
s16__burst_256__ours_rotated,bounded,attention_sum/phase/14,2,0,4096,2419,2482,2548,2574,2976,3517,1098,1098,0,0,s16,burst_256,ours_rotated
s16__burst_256__ours_rotated,bounded,attention_sum/phase/18,5,0,4096,2419,2482,2548,2554,2620,3057,638,638,0,0,s16,burst_256,ours_rotated
s16__burst_256__ours_rotated,bounded,attention_sum/phase/22,8,0,4096,2419,2482,2548,2811,3096,3595,1176,1176,0,0,s16,burst_256,ours_rotated
s16__burst_256__ours_rotated,bounded,attention_sum/phase/26,6,0,4096,2419,2482,2548,2568,2744,3103,684,684,0,0,s16,burst_256,ours_rotated
s16__burst_256__ours_rotated,bounded,attention_sum/phase/32,0,3,4096,4929,5048,5186,5208,5346,5401,472,472,0,0,s16,burst_256,ours_rotated
s16__burst_256__ours_rotated,bounded,attention_sum/phase/35,0,1,4096,4929,5313,5443,5397,5527,5590,661,661,0,0,s16,burst_256,ours_rotated
s16__burst_256__ours_rotated,bounded,attention_sum/phase/38,0,4,4096,4929,5515,5653,5683,5821,5876,947,947,0,0,s16,burst_256,ours_rotated
s16__burst_256__ours_rotated,bounded,attention_sum/phase/41,0,2,4096,4929,5780,5918,5872,6010,6065,1136,1136,0,0,s16,burst_256,ours_rotated
s16__burst_256__ours_rotated,bounded,attention_sum/phase/44,0,5,4096,4929,6037,6103,6109,6175,6238,1309,1309,0,0,s16,burst_256,ours_rotated
s16__burst_256__ours_rotated,bounded,attention_sum/phase/47,0,8,4096,4929,6167,6233,6325,6395,6458,1529,1529,0,0,s16,burst_256,ours_rotated
s16__burst_256__ours_rotated,bounded,attention_sum/phase/50,0,6,4096,4929,6297,6363,6383,6449,6512,1583,1583,0,0,s16,burst_256,ours_rotated
s16__burst_256__ours_rotated,bounded,ffn_sum/phase/2,3,0,4096,8965,9028,9094,9404,9665,10172,1207,1207,0,0,s16,burst_256,ours_rotated
s16__burst_256__ours_rotated,bounded,ffn_sum/phase/6,1,0,4096,8965,9028,9094,9112,9223,9626,661,661,0,0,s16,burst_256,ours_rotated
s16__burst_256__ours_rotated,bounded,ffn_sum/phase/10,4,0,4096,8965,9028,9094,9561,9751,10259,1294,1294,0,0,s16,burst_256,ours_rotated
s16__burst_256__ours_rotated,bounded,ffn_sum/phase/14,2,0,4096,8965,9028,9094,9120,9522,10063,1098,1098,0,0,s16,burst_256,ours_rotated
s16__burst_256__ours_rotated,bounded,ffn_sum/phase/18,5,0,4096,8965,9028,9094,9100,9166,9603,638,638,0,0,s16,burst_256,ours_rotated
s16__burst_256__ours_rotated,bounded,ffn_sum/phase/22,8,0,4096,8965,9028,9094,9357,9642,10141,1176,1176,0,0,s16,burst_256,ours_rotated
s16__burst_256__ours_rotated,bounded,ffn_sum/phase/26,6,0,4096,8965,9028,9094,9114,9290,9649,684,684,0,0,s16,burst_256,ours_rotated
s16__burst_256__ours_rotated,bounded,ffn_sum/phase/32,0,3,4096,11475,11594,11732,11754,11892,11947,472,472,0,0,s16,burst_256,ours_rotated
s16__burst_256__ours_rotated,bounded,ffn_sum/phase/35,0,1,4096,11475,11859,11989,11943,12073,12136,661,661,0,0,s16,burst_256,ours_rotated
s16__burst_256__ours_rotated,bounded,ffn_sum/phase/38,0,4,4096,11475,12061,12199,12229,12367,12422,947,947,0,0,s16,burst_256,ours_rotated
s16__burst_256__ours_rotated,bounded,ffn_sum/phase/41,0,2,4096,11475,12310,12376,12402,12468,12531,1056,1056,0,0,s16,burst_256,ours_rotated
s16__burst_256__ours_rotated,bounded,ffn_sum/phase/44,0,5,4096,11475,12440,12506,12512,12578,12641,1166,1166,0,0,s16,burst_256,ours_rotated
s16__burst_256__ours_rotated,bounded,ffn_sum/phase/47,0,8,4096,11475,12570,12636,12728,12798,12861,1386,1386,0,0,s16,burst_256,ours_rotated
s16__burst_256__ours_rotated,bounded,ffn_sum/phase/50,0,6,4096,11475,12700,12766,12786,12852,12915,1440,1440,0,0,s16,burst_256,ours_rotated
s64__burst_256__baseline,serial,attention_sum/phase/2,1,0,16384,13516,14028,14028,14096,14140,17588,4072,3418,654,654,s64,burst_256,baseline
s64__burst_256__baseline,serial,attention_sum/phase/6,2,0,16384,13516,14028,14028,14165,14189,17732,4216,4215,1,1,s64,burst_256,baseline
s64__burst_256__baseline,serial,attention_sum/phase/10,3,0,16384,13516,14028,14028,14214,14230,17796,4280,4349,-69,-69,s64,burst_256,baseline
s64__burst_256__baseline,serial,attention_sum/phase/14,4,0,16384,13516,14028,14028,14264,14280,17860,4344,4476,-132,-132,s64,burst_256,baseline
s64__burst_256__baseline,serial,attention_sum/phase/18,5,0,16384,13516,14028,14028,14098,14142,17604,4088,3545,543,543,s64,burst_256,baseline
s64__burst_256__baseline,serial,attention_sum/phase/22,6,0,16384,13516,14028,14028,14108,14148,17612,4096,3951,145,145,s64,burst_256,baseline
s64__burst_256__baseline,serial,attention_sum/phase/26,7,0,16384,13516,14028,14028,14155,14179,17708,4192,4208,-16,-16,s64,burst_256,baseline
s64__burst_256__baseline,serial,attention_sum/phase/32,0,1,16384,23612,27652,27652,27720,27736,28248,4636,1151,3485,3569,s64,burst_256,baseline
s64__burst_256__baseline,serial,attention_sum/phase/35,0,2,16384,23612,27660,27660,27788,27804,28316,4704,2249,2455,2539,s64,burst_256,baseline
s64__burst_256__baseline,serial,attention_sum/phase/38,0,3,16384,23612,27668,27668,27858,27874,28386,4774,3102,1672,1756,s64,burst_256,baseline
s64__burst_256__baseline,serial,attention_sum/phase/41,0,4,16384,23612,27676,27676,27928,27944,28456,4844,4196,648,732,s64,burst_256,baseline
s64__burst_256__baseline,serial,attention_sum/phase/44,0,5,16384,23612,27684,27684,27794,27810,28322,4710,4778,-68,16,s64,burst_256,baseline
s64__burst_256__baseline,serial,attention_sum/phase/47,0,6,16384,23612,27692,27692,27819,27835,28347,4735,5302,-567,-483,s64,burst_256,baseline
s64__burst_256__baseline,serial,attention_sum/phase/50,0,7,16384,23612,27700,27700,27887,27903,28415,4803,5869,-1066,-982,s64,burst_256,baseline
s64__burst_256__baseline,serial,ffn_sum/phase/2,1,0,16384,37452,37964,37964,38032,38076,41524,4072,3418,654,-287,s64,burst_256,baseline
s64__burst_256__baseline,serial,ffn_sum/phase/6,2,0,16384,37452,37964,37964,38101,38125,41668,4216,4215,1,-940,s64,burst_256,baseline
s64__burst_256__baseline,serial,ffn_sum/phase/10,3,0,16384,37452,37964,37964,38150,38166,41732,4280,4349,-69,-1010,s64,burst_256,baseline
s64__burst_256__baseline,serial,ffn_sum/phase/14,4,0,16384,37452,37964,37964,38200,38216,41796,4344,4476,-132,-1073,s64,burst_256,baseline
s64__burst_256__baseline,serial,ffn_sum/phase/18,5,0,16384,37452,37964,37964,38034,38078,41540,4088,3545,543,-398,s64,burst_256,baseline
s64__burst_256__baseline,serial,ffn_sum/phase/22,6,0,16384,37452,37964,37964,38044,38084,41548,4096,3951,145,-796,s64,burst_256,baseline
s64__burst_256__baseline,serial,ffn_sum/phase/26,7,0,16384,37452,37964,37964,38091,38115,41644,4192,4208,-16,-957,s64,burst_256,baseline
s64__burst_256__baseline,serial,ffn_sum/phase/32,0,1,16384,47548,51588,51588,51656,51672,52184,4636,1151,3485,2628,s64,burst_256,baseline
s64__burst_256__baseline,serial,ffn_sum/phase/35,0,2,16384,47548,51596,51596,51724,51740,52252,4704,2249,2455,1598,s64,burst_256,baseline
s64__burst_256__baseline,serial,ffn_sum/phase/38,0,3,16384,47548,51604,51604,51794,51810,52322,4774,3102,1672,815,s64,burst_256,baseline
s64__burst_256__baseline,serial,ffn_sum/phase/41,0,4,16384,47548,51612,51612,51864,51880,52392,4844,3900,944,87,s64,burst_256,baseline
s64__burst_256__baseline,serial,ffn_sum/phase/44,0,5,16384,47548,51620,51620,51730,51746,52258,4710,4251,459,-398,s64,burst_256,baseline
s64__burst_256__baseline,serial,ffn_sum/phase/47,0,6,16384,47548,51628,51628,51755,51771,52283,4735,4775,-40,-897,s64,burst_256,baseline
s64__burst_256__baseline,serial,ffn_sum/phase/50,0,7,16384,47548,51636,51636,51823,51839,52351,4803,5342,-539,-1396,s64,burst_256,baseline
s64__burst_256__baseline,pipeline,attention_sum/phase/2,1,0,16384,13516,13579,14032,13647,14100,17298,3782,3418,364,364,s64,burst_256,baseline
s64__burst_256__baseline,pipeline,attention_sum/phase/6,2,0,16384,13516,13579,14032,13715,14156,17347,3831,4215,-384,-384,s64,burst_256,baseline
s64__burst_256__baseline,pipeline,attention_sum/phase/10,3,0,16384,13516,13579,14032,13765,14218,17369,3853,4349,-496,-496,s64,burst_256,baseline
s64__burst_256__baseline,pipeline,attention_sum/phase/14,4,0,16384,13516,13579,14032,13815,14268,17376,3860,4476,-616,-616,s64,burst_256,baseline
s64__burst_256__baseline,pipeline,attention_sum/phase/18,5,0,16384,13516,13579,14032,13649,14102,17305,3789,3545,244,244,s64,burst_256,baseline
s64__burst_256__baseline,pipeline,attention_sum/phase/22,6,0,16384,13516,13579,14032,13656,14109,17319,3803,3951,-148,-148,s64,burst_256,baseline
s64__burst_256__baseline,pipeline,attention_sum/phase/26,7,0,16384,13516,13579,14032,13706,14159,17340,3824,4208,-384,-384,s64,burst_256,baseline
s64__burst_256__baseline,pipeline,attention_sum/phase/32,0,1,16384,23528,23647,24564,23715,24632,24679,1151,1151,0,0,s64,burst_256,baseline
s64__burst_256__baseline,pipeline,attention_sum/phase/35,0,2,16384,23528,24691,25584,24827,25708,25777,2249,2249,0,0,s64,burst_256,baseline
s64__burst_256__baseline,pipeline,attention_sum/phase/38,0,3,16384,23528,25648,26397,25834,26583,26630,3102,3102,0,0,s64,burst_256,baseline
s64__burst_256__baseline,pipeline,attention_sum/phase/41,0,4,16384,23528,26524,27441,26760,27677,27724,4196,4196,0,0,s64,burst_256,baseline
s64__burst_256__baseline,pipeline,attention_sum/phase/44,0,5,16384,23528,27568,28173,27638,28243,28306,4778,4778,0,0,s64,burst_256,baseline
s64__burst_256__baseline,pipeline,attention_sum/phase/47,0,6,16384,23528,28237,28690,28314,28767,28830,5302,5302,0,0,s64,burst_256,baseline
s64__burst_256__baseline,pipeline,attention_sum/phase/50,0,7,16384,23528,28754,29207,28881,29334,29397,5869,5869,0,0,s64,burst_256,baseline
s64__burst_256__baseline,pipeline,ffn_sum/phase/2,1,0,16384,38393,38456,38909,38524,38977,42175,3782,3418,364,364,s64,burst_256,baseline
s64__burst_256__baseline,pipeline,ffn_sum/phase/6,2,0,16384,38393,38456,38909,38592,39033,42224,3831,4215,-384,-384,s64,burst_256,baseline
s64__burst_256__baseline,pipeline,ffn_sum/phase/10,3,0,16384,38393,38456,38909,38642,39095,42246,3853,4349,-496,-496,s64,burst_256,baseline
s64__burst_256__baseline,pipeline,ffn_sum/phase/14,4,0,16384,38393,38456,38909,38692,39145,42253,3860,4476,-616,-616,s64,burst_256,baseline
s64__burst_256__baseline,pipeline,ffn_sum/phase/18,5,0,16384,38393,38456,38909,38526,38979,42182,3789,3545,244,244,s64,burst_256,baseline
s64__burst_256__baseline,pipeline,ffn_sum/phase/22,6,0,16384,38393,38456,38909,38533,38986,42196,3803,3951,-148,-148,s64,burst_256,baseline
s64__burst_256__baseline,pipeline,ffn_sum/phase/26,7,0,16384,38393,38456,38909,38583,39036,42217,3824,4208,-384,-384,s64,burst_256,baseline
s64__burst_256__baseline,pipeline,ffn_sum/phase/32,0,1,16384,48405,48524,49441,48592,49509,49556,1151,1151,0,0,s64,burst_256,baseline
s64__burst_256__baseline,pipeline,ffn_sum/phase/35,0,2,16384,48405,49568,50461,49704,50585,50654,2249,2249,0,0,s64,burst_256,baseline
s64__burst_256__baseline,pipeline,ffn_sum/phase/38,0,3,16384,48405,50525,51274,50711,51460,51507,3102,3102,0,0,s64,burst_256,baseline
s64__burst_256__baseline,pipeline,ffn_sum/phase/41,0,4,16384,48405,51401,52006,51637,52242,52305,3900,3900,0,0,s64,burst_256,baseline
s64__burst_256__baseline,pipeline,ffn_sum/phase/44,0,5,16384,48405,52070,52523,52140,52593,52656,4251,4251,0,0,s64,burst_256,baseline
s64__burst_256__baseline,pipeline,ffn_sum/phase/47,0,6,16384,48405,52587,53040,52664,53117,53180,4775,4775,0,0,s64,burst_256,baseline
s64__burst_256__baseline,pipeline,ffn_sum/phase/50,0,7,16384,48405,53104,53557,53231,53684,53747,5342,5342,0,0,s64,burst_256,baseline
s64__burst_256__baseline,bounded,attention_sum/phase/2,1,0,16384,13516,13579,14032,13647,16394,16934,3418,3418,0,0,s64,burst_256,baseline
s64__burst_256__baseline,bounded,attention_sum/phase/6,2,0,16384,13516,13579,14032,13715,17103,17731,4215,4215,0,0,s64,burst_256,baseline
s64__burst_256__baseline,bounded,attention_sum/phase/10,3,0,16384,13516,13579,14032,14099,17280,17865,4349,4349,0,0,s64,burst_256,baseline
s64__burst_256__baseline,bounded,attention_sum/phase/14,4,0,16384,13516,13579,14032,14288,17483,17992,4476,4476,0,0,s64,burst_256,baseline
s64__burst_256__baseline,bounded,attention_sum/phase/18,5,0,16384,13516,13579,14032,13649,16521,17061,3545,3545,0,0,s64,burst_256,baseline
s64__burst_256__baseline,bounded,attention_sum/phase/22,6,0,16384,13516,13579,14032,13656,16950,17467,3951,3951,0,0,s64,burst_256,baseline
s64__burst_256__baseline,bounded,attention_sum/phase/26,7,0,16384,13516,13579,14032,13706,17126,17724,4208,4208,0,0,s64,burst_256,baseline
s64__burst_256__baseline,bounded,attention_sum/phase/32,0,1,16384,23528,23647,24564,23715,24632,24679,1151,1151,0,0,s64,burst_256,baseline
s64__burst_256__baseline,bounded,attention_sum/phase/35,0,2,16384,23528,24691,25584,24827,25708,25777,2249,2249,0,0,s64,burst_256,baseline
s64__burst_256__baseline,bounded,attention_sum/phase/38,0,3,16384,23528,25648,26397,25834,26583,26630,3102,3102,0,0,s64,burst_256,baseline
s64__burst_256__baseline,bounded,attention_sum/phase/41,0,4,16384,23528,26524,27441,26760,27677,27724,4196,4196,0,0,s64,burst_256,baseline
s64__burst_256__baseline,bounded,attention_sum/phase/44,0,5,16384,23528,27568,28173,27638,28243,28306,4778,4778,0,0,s64,burst_256,baseline
s64__burst_256__baseline,bounded,attention_sum/phase/47,0,6,16384,23528,28237,28690,28314,28767,28830,5302,5302,0,0,s64,burst_256,baseline
s64__burst_256__baseline,bounded,attention_sum/phase/50,0,7,16384,23528,28754,29207,28881,29334,29397,5869,5869,0,0,s64,burst_256,baseline
s64__burst_256__baseline,bounded,ffn_sum/phase/2,1,0,16384,38393,38456,38909,38524,41271,41811,3418,3418,0,0,s64,burst_256,baseline
s64__burst_256__baseline,bounded,ffn_sum/phase/6,2,0,16384,38393,38456,38909,38592,41980,42608,4215,4215,0,0,s64,burst_256,baseline
s64__burst_256__baseline,bounded,ffn_sum/phase/10,3,0,16384,38393,38456,38909,38976,42157,42742,4349,4349,0,0,s64,burst_256,baseline
s64__burst_256__baseline,bounded,ffn_sum/phase/14,4,0,16384,38393,38456,38909,39165,42360,42869,4476,4476,0,0,s64,burst_256,baseline
s64__burst_256__baseline,bounded,ffn_sum/phase/18,5,0,16384,38393,38456,38909,38526,41398,41938,3545,3545,0,0,s64,burst_256,baseline
s64__burst_256__baseline,bounded,ffn_sum/phase/22,6,0,16384,38393,38456,38909,38533,41827,42344,3951,3951,0,0,s64,burst_256,baseline
s64__burst_256__baseline,bounded,ffn_sum/phase/26,7,0,16384,38393,38456,38909,38583,42003,42601,4208,4208,0,0,s64,burst_256,baseline
s64__burst_256__baseline,bounded,ffn_sum/phase/32,0,1,16384,48405,48524,49441,48592,49509,49556,1151,1151,0,0,s64,burst_256,baseline
s64__burst_256__baseline,bounded,ffn_sum/phase/35,0,2,16384,48405,49568,50461,49704,50585,50654,2249,2249,0,0,s64,burst_256,baseline
s64__burst_256__baseline,bounded,ffn_sum/phase/38,0,3,16384,48405,50525,51274,50711,51460,51507,3102,3102,0,0,s64,burst_256,baseline
s64__burst_256__baseline,bounded,ffn_sum/phase/41,0,4,16384,48405,51401,52006,51637,52242,52305,3900,3900,0,0,s64,burst_256,baseline
s64__burst_256__baseline,bounded,ffn_sum/phase/44,0,5,16384,48405,52070,52523,52140,52593,52656,4251,4251,0,0,s64,burst_256,baseline
s64__burst_256__baseline,bounded,ffn_sum/phase/47,0,6,16384,48405,52587,53040,52664,53117,53180,4775,4775,0,0,s64,burst_256,baseline
s64__burst_256__baseline,bounded,ffn_sum/phase/50,0,7,16384,48405,53104,53557,53231,53684,53747,5342,5342,0,0,s64,burst_256,baseline
s64__burst_256__ours_rotated,serial,attention_sum/phase/2,3,0,16384,13516,14028,14028,14191,14241,17818,4302,4261,41,41,s64,burst_256,ours_rotated
s64__burst_256__ours_rotated,serial,attention_sum/phase/6,1,0,16384,13516,14028,14028,14112,14144,17578,4062,3685,377,377,s64,burst_256,ours_rotated
s64__burst_256__ours_rotated,serial,attention_sum/phase/10,4,0,16384,13516,14028,14028,14197,14229,17794,4278,4356,-78,-78,s64,burst_256,ours_rotated
s64__burst_256__ours_rotated,serial,attention_sum/phase/14,2,0,16384,13516,14028,14028,14134,14170,17674,4158,3996,162,162,s64,burst_256,ours_rotated
s64__burst_256__ours_rotated,serial,attention_sum/phase/18,5,0,16384,13516,14028,14028,14100,14130,17490,3974,3950,24,24,s64,burst_256,ours_rotated
s64__burst_256__ours_rotated,serial,attention_sum/phase/22,8,0,16384,13516,14028,14028,14189,14239,17810,4294,4238,56,56,s64,burst_256,ours_rotated
s64__burst_256__ours_rotated,serial,attention_sum/phase/26,6,0,16384,13516,14028,14028,14118,14166,17666,4150,3981,169,169,s64,burst_256,ours_rotated
s64__burst_256__ours_rotated,serial,attention_sum/phase/32,0,3,16384,23602,27642,27642,27802,27818,28330,4728,1243,3485,3559,s64,burst_256,ours_rotated
s64__burst_256__ours_rotated,serial,attention_sum/phase/35,0,1,16384,23602,27650,27650,27744,27760,28272,4670,2203,2467,2541,s64,burst_256,ours_rotated
s64__burst_256__ours_rotated,serial,attention_sum/phase/38,0,4,16384,23602,27658,27658,27846,27862,28374,4772,3084,1688,1762,s64,burst_256,ours_rotated
s64__burst_256__ours_rotated,serial,attention_sum/phase/41,0,2,16384,23602,27666,27666,27788,27804,28316,4714,4052,662,736,s64,burst_256,ours_rotated
s64__burst_256__ours_rotated,serial,attention_sum/phase/44,0,5,16384,23602,27674,27674,27781,27797,28309,4707,4780,-73,1,s64,burst_256,ours_rotated
s64__burst_256__ours_rotated,serial,attention_sum/phase/47,0,8,16384,23602,27682,27682,27893,27909,28421,4819,5387,-568,-494,s64,burst_256,ours_rotated
s64__burst_256__ours_rotated,serial,attention_sum/phase/50,0,6,16384,23602,27690,27690,27835,27851,28363,4761,5828,-1067,-993,s64,burst_256,ours_rotated
s64__burst_256__ours_rotated,serial,ffn_sum/phase/2,3,0,16384,37417,37929,37929,38092,38142,41719,4302,4261,41,-894,s64,burst_256,ours_rotated
s64__burst_256__ours_rotated,serial,ffn_sum/phase/6,1,0,16384,37417,37929,37929,38013,38045,41479,4062,3685,377,-558,s64,burst_256,ours_rotated
s64__burst_256__ours_rotated,serial,ffn_sum/phase/10,4,0,16384,37417,37929,37929,38098,38130,41695,4278,4356,-78,-1013,s64,burst_256,ours_rotated
s64__burst_256__ours_rotated,serial,ffn_sum/phase/14,2,0,16384,37417,37929,37929,38035,38071,41575,4158,3996,162,-773,s64,burst_256,ours_rotated
s64__burst_256__ours_rotated,serial,ffn_sum/phase/18,5,0,16384,37417,37929,37929,38001,38031,41391,3974,3950,24,-911,s64,burst_256,ours_rotated
s64__burst_256__ours_rotated,serial,ffn_sum/phase/22,8,0,16384,37417,37929,37929,38090,38140,41711,4294,4238,56,-879,s64,burst_256,ours_rotated
s64__burst_256__ours_rotated,serial,ffn_sum/phase/26,6,0,16384,37417,37929,37929,38019,38067,41567,4150,3981,169,-766,s64,burst_256,ours_rotated
s64__burst_256__ours_rotated,serial,ffn_sum/phase/32,0,3,16384,47503,51543,51543,51703,51719,52231,4728,1243,3485,2624,s64,burst_256,ours_rotated
s64__burst_256__ours_rotated,serial,ffn_sum/phase/35,0,1,16384,47503,51551,51551,51645,51661,52173,4670,2203,2467,1606,s64,burst_256,ours_rotated
s64__burst_256__ours_rotated,serial,ffn_sum/phase/38,0,4,16384,47503,51559,51559,51747,51763,52275,4772,3084,1688,827,s64,burst_256,ours_rotated
s64__burst_256__ours_rotated,serial,ffn_sum/phase/41,0,2,16384,47503,51567,51567,51689,51705,52217,4714,3756,958,97,s64,burst_256,ours_rotated
s64__burst_256__ours_rotated,serial,ffn_sum/phase/44,0,5,16384,47503,51575,51575,51682,51698,52210,4707,4253,454,-407,s64,burst_256,ours_rotated
s64__burst_256__ours_rotated,serial,ffn_sum/phase/47,0,8,16384,47503,51583,51583,51794,51810,52322,4819,4860,-41,-902,s64,burst_256,ours_rotated
s64__burst_256__ours_rotated,serial,ffn_sum/phase/50,0,6,16384,47503,51591,51591,51736,51752,52264,4761,5301,-540,-1401,s64,burst_256,ours_rotated
s64__burst_256__ours_rotated,pipeline,attention_sum/phase/2,3,0,16384,13516,13579,14032,13739,14199,17361,3845,4261,-416,-416,s64,burst_256,ours_rotated
s64__burst_256__ours_rotated,pipeline,attention_sum/phase/6,1,0,16384,13516,13579,14032,13663,14124,17312,3796,3685,111,111,s64,burst_256,ours_rotated
s64__burst_256__ours_rotated,pipeline,attention_sum/phase/10,4,0,16384,13516,13579,14032,13747,14201,17368,3852,4356,-504,-504,s64,burst_256,ours_rotated
s64__burst_256__ours_rotated,pipeline,attention_sum/phase/14,2,0,16384,13516,13579,14032,13671,14126,17326,3810,3996,-186,-186,s64,burst_256,ours_rotated
s64__burst_256__ours_rotated,pipeline,attention_sum/phase/18,5,0,16384,13516,13579,14032,13651,14099,17305,3789,3950,-161,-161,s64,burst_256,ours_rotated
s64__burst_256__ours_rotated,pipeline,attention_sum/phase/22,8,0,16384,13516,13579,14032,13741,14193,17354,3838,4238,-400,-400,s64,burst_256,ours_rotated
s64__burst_256__ours_rotated,pipeline,attention_sum/phase/26,6,0,16384,13516,13579,14032,13665,14117,17319,3803,3981,-178,-178,s64,burst_256,ours_rotated
s64__burst_256__ours_rotated,pipeline,attention_sum/phase/32,0,3,16384,23528,23647,24564,23807,24724,24771,1243,1243,0,0,s64,burst_256,ours_rotated
s64__burst_256__ours_rotated,pipeline,attention_sum/phase/35,0,1,16384,23528,24691,25584,24775,25675,25731,2203,2203,0,0,s64,burst_256,ours_rotated
s64__burst_256__ours_rotated,pipeline,attention_sum/phase/38,0,4,16384,23528,25648,26397,25816,26565,26612,3084,3084,0,0,s64,burst_256,ours_rotated
s64__burst_256__ours_rotated,pipeline,attention_sum/phase/41,0,2,16384,23528,26524,27441,26616,27533,27580,4052,4052,0,0,s64,burst_256,ours_rotated
s64__burst_256__ours_rotated,pipeline,attention_sum/phase/44,0,5,16384,23528,27568,28173,27640,28240,28308,4780,4780,0,0,s64,burst_256,ours_rotated
s64__burst_256__ours_rotated,pipeline,attention_sum/phase/47,0,8,16384,23528,28237,28690,28395,28848,28915,5387,5387,0,0,s64,burst_256,ours_rotated
s64__burst_256__ours_rotated,pipeline,attention_sum/phase/50,0,6,16384,23528,28754,29207,28840,29292,29356,5828,5828,0,0,s64,burst_256,ours_rotated
s64__burst_256__ours_rotated,pipeline,ffn_sum/phase/2,3,0,16384,38352,38415,38868,38575,39035,42197,3845,4261,-416,-416,s64,burst_256,ours_rotated
s64__burst_256__ours_rotated,pipeline,ffn_sum/phase/6,1,0,16384,38352,38415,38868,38499,38960,42148,3796,3685,111,111,s64,burst_256,ours_rotated
s64__burst_256__ours_rotated,pipeline,ffn_sum/phase/10,4,0,16384,38352,38415,38868,38583,39037,42204,3852,4356,-504,-504,s64,burst_256,ours_rotated
s64__burst_256__ours_rotated,pipeline,ffn_sum/phase/14,2,0,16384,38352,38415,38868,38507,38962,42162,3810,3996,-186,-186,s64,burst_256,ours_rotated
s64__burst_256__ours_rotated,pipeline,ffn_sum/phase/18,5,0,16384,38352,38415,38868,38487,38935,42141,3789,3950,-161,-161,s64,burst_256,ours_rotated
s64__burst_256__ours_rotated,pipeline,ffn_sum/phase/22,8,0,16384,38352,38415,38868,38577,39029,42190,3838,4238,-400,-400,s64,burst_256,ours_rotated
s64__burst_256__ours_rotated,pipeline,ffn_sum/phase/26,6,0,16384,38352,38415,38868,38501,38953,42155,3803,3981,-178,-178,s64,burst_256,ours_rotated
s64__burst_256__ours_rotated,pipeline,ffn_sum/phase/32,0,3,16384,48364,48483,49400,48643,49560,49607,1243,1243,0,0,s64,burst_256,ours_rotated
s64__burst_256__ours_rotated,pipeline,ffn_sum/phase/35,0,1,16384,48364,49527,50420,49611,50511,50567,2203,2203,0,0,s64,burst_256,ours_rotated
s64__burst_256__ours_rotated,pipeline,ffn_sum/phase/38,0,4,16384,48364,50484,51233,50652,51401,51448,3084,3084,0,0,s64,burst_256,ours_rotated
s64__burst_256__ours_rotated,pipeline,ffn_sum/phase/41,0,2,16384,48364,51360,51965,51452,52057,52120,3756,3756,0,0,s64,burst_256,ours_rotated
s64__burst_256__ours_rotated,pipeline,ffn_sum/phase/44,0,5,16384,48364,52029,52482,52101,52549,52617,4253,4253,0,0,s64,burst_256,ours_rotated
s64__burst_256__ours_rotated,pipeline,ffn_sum/phase/47,0,8,16384,48364,52546,52999,52704,53157,53224,4860,4860,0,0,s64,burst_256,ours_rotated
s64__burst_256__ours_rotated,pipeline,ffn_sum/phase/50,0,6,16384,48364,53063,53516,53149,53601,53665,5301,5301,0,0,s64,burst_256,ours_rotated
s64__burst_256__ours_rotated,bounded,attention_sum/phase/2,3,0,16384,13516,13579,14032,14067,17482,17777,4261,4261,0,0,s64,burst_256,ours_rotated
s64__burst_256__ours_rotated,bounded,attention_sum/phase/6,1,0,16384,13516,13579,14032,13663,17087,17201,3685,3685,0,0,s64,burst_256,ours_rotated
s64__burst_256__ours_rotated,bounded,attention_sum/phase/10,4,0,16384,13516,13579,14032,14138,17513,17872,4356,4356,0,0,s64,burst_256,ours_rotated
s64__burst_256__ours_rotated,bounded,attention_sum/phase/14,2,0,16384,13516,13579,14032,13671,17102,17512,3996,3996,0,0,s64,burst_256,ours_rotated
s64__burst_256__ours_rotated,bounded,attention_sum/phase/18,5,0,16384,13516,13579,14032,13651,16962,17466,3950,3950,0,0,s64,burst_256,ours_rotated
s64__burst_256__ours_rotated,bounded,attention_sum/phase/22,8,0,16384,13516,13579,14032,14169,17395,17754,4238,4238,0,0,s64,burst_256,ours_rotated
s64__burst_256__ours_rotated,bounded,attention_sum/phase/26,6,0,16384,13516,13579,14032,13665,16985,17497,3981,3981,0,0,s64,burst_256,ours_rotated
s64__burst_256__ours_rotated,bounded,attention_sum/phase/32,0,3,16384,23528,23647,24564,23807,24724,24771,1243,1243,0,0,s64,burst_256,ours_rotated
s64__burst_256__ours_rotated,bounded,attention_sum/phase/35,0,1,16384,23528,24691,25584,24775,25675,25731,2203,2203,0,0,s64,burst_256,ours_rotated
s64__burst_256__ours_rotated,bounded,attention_sum/phase/38,0,4,16384,23528,25648,26397,25816,26565,26612,3084,3084,0,0,s64,burst_256,ours_rotated
s64__burst_256__ours_rotated,bounded,attention_sum/phase/41,0,2,16384,23528,26524,27441,26616,27533,27580,4052,4052,0,0,s64,burst_256,ours_rotated
s64__burst_256__ours_rotated,bounded,attention_sum/phase/44,0,5,16384,23528,27568,28173,27640,28240,28308,4780,4780,0,0,s64,burst_256,ours_rotated
s64__burst_256__ours_rotated,bounded,attention_sum/phase/47,0,8,16384,23528,28237,28690,28395,28848,28915,5387,5387,0,0,s64,burst_256,ours_rotated
s64__burst_256__ours_rotated,bounded,attention_sum/phase/50,0,6,16384,23528,28754,29207,28840,29292,29356,5828,5828,0,0,s64,burst_256,ours_rotated
s64__burst_256__ours_rotated,bounded,ffn_sum/phase/2,3,0,16384,38352,38415,38868,38903,42318,42613,4261,4261,0,0,s64,burst_256,ours_rotated
s64__burst_256__ours_rotated,bounded,ffn_sum/phase/6,1,0,16384,38352,38415,38868,38499,41923,42037,3685,3685,0,0,s64,burst_256,ours_rotated
s64__burst_256__ours_rotated,bounded,ffn_sum/phase/10,4,0,16384,38352,38415,38868,38974,42349,42708,4356,4356,0,0,s64,burst_256,ours_rotated
s64__burst_256__ours_rotated,bounded,ffn_sum/phase/14,2,0,16384,38352,38415,38868,38507,41938,42348,3996,3996,0,0,s64,burst_256,ours_rotated
s64__burst_256__ours_rotated,bounded,ffn_sum/phase/18,5,0,16384,38352,38415,38868,38487,41798,42302,3950,3950,0,0,s64,burst_256,ours_rotated
s64__burst_256__ours_rotated,bounded,ffn_sum/phase/22,8,0,16384,38352,38415,38868,39005,42231,42590,4238,4238,0,0,s64,burst_256,ours_rotated
s64__burst_256__ours_rotated,bounded,ffn_sum/phase/26,6,0,16384,38352,38415,38868,38501,41821,42333,3981,3981,0,0,s64,burst_256,ours_rotated
s64__burst_256__ours_rotated,bounded,ffn_sum/phase/32,0,3,16384,48364,48483,49400,48643,49560,49607,1243,1243,0,0,s64,burst_256,ours_rotated
s64__burst_256__ours_rotated,bounded,ffn_sum/phase/35,0,1,16384,48364,49527,50420,49611,50511,50567,2203,2203,0,0,s64,burst_256,ours_rotated
s64__burst_256__ours_rotated,bounded,ffn_sum/phase/38,0,4,16384,48364,50484,51233,50652,51401,51448,3084,3084,0,0,s64,burst_256,ours_rotated
s64__burst_256__ours_rotated,bounded,ffn_sum/phase/41,0,2,16384,48364,51360,51965,51452,52057,52120,3756,3756,0,0,s64,burst_256,ours_rotated
s64__burst_256__ours_rotated,bounded,ffn_sum/phase/44,0,5,16384,48364,52029,52482,52101,52549,52617,4253,4253,0,0,s64,burst_256,ours_rotated
s64__burst_256__ours_rotated,bounded,ffn_sum/phase/47,0,8,16384,48364,52546,52999,52704,53157,53224,4860,4860,0,0,s64,burst_256,ours_rotated
s64__burst_256__ours_rotated,bounded,ffn_sum/phase/50,0,6,16384,48364,53063,53516,53149,53601,53665,5301,5301,0,0,s64,burst_256,ours_rotated
