shape,contract,mode,token,bytes,baseline_service,rotated_service,reference_service_gap,service_gap_error,any_observed_critical,baseline_ready,baseline_commit,baseline_source_memory_queue,baseline_destination_memory_queue,baseline_source_memory_service,baseline_destination_memory_service,baseline_paths,rotated_ready,rotated_commit,rotated_source_memory_queue,rotated_destination_memory_queue,rotated_source_memory_service,rotated_destination_memory_service,rotated_paths
s16,request_atomic,serial,attention_sum/phase/10,4096,972,1100,-198,70,True,2179,3151,0,526,128,128,"[(3, 43, 40, 7, 33, 32, 6, 21, 22, 0)]",2179,3279,0,667,128,128,"[(4, 34, 33, 2, 26, 25, 0)]"
s16,request_atomic,serial,attention_sum/phase/14,4096,1228,716,513,-1,True,2179,3407,0,732,128,128,"[(4, 51, 48, 8, 41, 40, 7, 33, 32, 6, 21, 22, 0)]",2179,2895,0,360,128,128,"[(2, 26, 25, 0)]"
s16,request_atomic,serial,attention_sum/phase/18,4096,460,332,62,66,True,2179,2639,0,126,128,128,"[(5, 20, 22, 0)]",2179,2511,0,0,128,128,"[(5, 25, 0)]"
s16,request_atomic,serial,attention_sum/phase/2,4096,332,972,-844,204,True,2179,2511,0,0,128,128,"[(1, 23, 22, 0)]",2179,3151,0,543,128,128,"[(3, 30, 29, 1, 22, 20, 0), (3, 30, 29, 1, 42, 40, 0)]"
s16,request_atomic,serial,attention_sum/phase/22,4096,588,844,-709,453,True,2179,2767,0,248,128,128,"[(6, 21, 22, 0)]",2179,3023,0,419,128,128,"[(8, 30, 29, 1, 22, 20, 0), (8, 30, 29, 1, 42, 40, 0)]"
s16,request_atomic,serial,attention_sum/phase/26,4096,716,588,444,-316,True,2179,2895,0,329,128,128,"[(7, 33, 32, 6, 21, 22, 0)]",2179,2767,0,238,128,128,"[(6, 27, 25, 0)]"
s16,request_atomic,serial,attention_sum/phase/32,4096,328,420,-92,0,True,4751,5079,0,0,128,128,"[(0, 22, 23, 1)]",4751,5171,0,0,128,128,"[(0, 25, 26, 2, 28, 30, 3)]"
s16,request_atomic,serial,attention_sum/phase/35,4096,524,472,52,0,True,4751,5275,128,0,128,128,"[(0, 22, 21, 6, 32, 35, 2)]",4751,5223,128,0,128,128,"[(0, 20, 22, 1)]"
s16,request_atomic,serial,attention_sum/phase/38,4096,702,684,18,0,True,4751,5453,256,0,128,128,"[(0, 22, 21, 6, 32, 33, 7, 40, 43, 3)]",4751,5435,256,0,128,128,"[(0, 25, 26, 2, 33, 34, 4)]"
s16,request_atomic,serial,attention_sum/phase/41,4096,880,736,144,0,True,4751,5631,384,0,128,128,"[(0, 22, 21, 6, 32, 33, 7, 40, 41, 8, 48, 51, 4)]",4751,5487,384,0,128,128,"[(0, 25, 26, 2)]"
s16,request_atomic,serial,attention_sum/phase/44,4096,842,844,-2,0,True,4751,5593,512,0,128,128,"[(0, 22, 20, 5)]",4751,5595,512,0,128,128,"[(0, 25, 5)]"
s16,request_atomic,serial,attention_sum/phase/47,4096,977,1058,-81,0,True,4751,5728,640,0,128,128,"[(0, 22, 21, 6)]",4751,5809,640,0,128,128,"[(0, 25, 26, 2, 28, 30, 8)]"
s16,request_atomic,serial,attention_sum/phase/50,4096,1155,1114,41,0,True,4751,5906,768,0,128,128,"[(0, 22, 21, 6, 32, 33, 7)]",4751,5865,768,0,128,128,"[(0, 25, 27, 6)]"
s16,request_atomic,serial,attention_sum/phase/6,4096,844,460,513,-129,True,2179,3023,0,448,128,128,"[(2, 35, 32, 6, 21, 22, 0)]",2179,2639,0,112,128,128,"[(1, 22, 20, 0)]"
s16,request_atomic,serial,ffn_sum/phase/10,4096,972,1100,-198,70,True,8359,9331,0,526,128,128,"[(3, 43, 40, 7, 33, 32, 6, 21, 22, 0)]",8318,9418,0,667,128,128,"[(4, 34, 33, 2, 26, 25, 0)]"
s16,request_atomic,serial,ffn_sum/phase/14,4096,1228,716,513,-1,True,8359,9587,0,732,128,128,"[(4, 51, 48, 8, 41, 40, 7, 33, 32, 6, 21, 22, 0)]",8318,9034,0,360,128,128,"[(2, 26, 25, 0)]"
s16,request_atomic,serial,ffn_sum/phase/18,4096,460,332,62,66,True,8359,8819,0,126,128,128,"[(5, 20, 22, 0)]",8318,8650,0,0,128,128,"[(5, 25, 0)]"
s16,request_atomic,serial,ffn_sum/phase/2,4096,332,972,-844,204,True,8359,8691,0,0,128,128,"[(1, 23, 22, 0)]",8318,9290,0,543,128,128,"[(3, 30, 29, 1, 22, 20, 0), (3, 30, 29, 1, 42, 40, 0)]"
s16,request_atomic,serial,ffn_sum/phase/22,4096,588,844,-709,453,True,8359,8947,0,248,128,128,"[(6, 21, 22, 0)]",8318,9162,0,419,128,128,"[(8, 30, 29, 1, 22, 20, 0), (8, 30, 29, 1, 42, 40, 0)]"
s16,request_atomic,serial,ffn_sum/phase/26,4096,716,588,444,-316,True,8359,9075,0,329,128,128,"[(7, 33, 32, 6, 21, 22, 0)]",8318,8906,0,238,128,128,"[(6, 27, 25, 0)]"
s16,request_atomic,serial,ffn_sum/phase/32,4096,328,420,-92,0,True,10931,11259,0,0,128,128,"[(0, 22, 23, 1)]",10890,11310,0,0,128,128,"[(0, 25, 26, 2, 28, 30, 3)]"
s16,request_atomic,serial,ffn_sum/phase/35,4096,524,472,52,0,True,10931,11455,128,0,128,128,"[(0, 22, 21, 6, 32, 35, 2)]",10890,11362,128,0,128,128,"[(0, 20, 22, 1)]"
s16,request_atomic,serial,ffn_sum/phase/38,4096,702,684,18,0,True,10931,11633,256,0,128,128,"[(0, 22, 21, 6, 32, 33, 7, 40, 43, 3)]",10890,11574,256,0,128,128,"[(0, 25, 26, 2, 33, 34, 4)]"
s16,request_atomic,serial,ffn_sum/phase/41,4096,880,736,144,0,True,10931,11811,384,0,128,128,"[(0, 22, 21, 6, 32, 33, 7, 40, 41, 8, 48, 51, 4)]",10890,11626,384,0,128,128,"[(0, 25, 26, 2)]"
s16,request_atomic,serial,ffn_sum/phase/44,4096,842,844,-2,0,True,10931,11773,512,0,128,128,"[(0, 22, 20, 5)]",10890,11734,512,0,128,128,"[(0, 25, 5)]"
s16,request_atomic,serial,ffn_sum/phase/47,4096,977,1058,-85,4,True,10931,11908,640,0,128,128,"[(0, 22, 21, 6)]",10890,11948,640,0,128,128,"[(0, 25, 26, 2, 28, 30, 8)]"
s16,request_atomic,serial,ffn_sum/phase/50,4096,1155,1114,41,0,True,10931,12086,768,0,128,128,"[(0, 22, 21, 6, 32, 33, 7)]",10890,12004,768,0,128,128,"[(0, 25, 27, 6)]"
s16,request_atomic,serial,ffn_sum/phase/6,4096,844,460,513,-129,True,8359,9203,0,448,128,128,"[(2, 35, 32, 6, 21, 22, 0)]",8318,8778,0,112,128,128,"[(1, 22, 20, 0)]"
s16,request_atomic,pipeline,attention_sum/phase/10,4096,968,1038,-198,128,True,2179,3147,0,1635,129,129,"[(3, 43, 40, 7, 33, 32, 6, 21, 22, 0)]",2179,3217,0,1962,129,129,"[(4, 34, 33, 2, 26, 25, 0)]"
s16,request_atomic,pipeline,attention_sum/phase/14,4096,1034,651,513,-130,True,2179,3213,0,1812,129,129,"[(4, 51, 48, 8, 41, 40, 7, 33, 32, 6, 21, 22, 0)]",2179,2830,0,963,129,129,"[(2, 26, 25, 0)]"
s16,request_atomic,pipeline,attention_sum/phase/18,4096,515,453,62,0,True,2179,2694,0,623,129,129,"[(5, 20, 22, 0)]",2179,2632,0,438,129,129,"[(5, 25, 0)]"
s16,request_atomic,pipeline,attention_sum/phase/2,4096,512,972,-844,384,True,2179,2691,0,500,129,129,"[(1, 23, 22, 0)]",2179,3151,0,1724,129,129,"[(3, 30, 28, 2, 26, 25, 0), (3, 30, 29, 1, 22, 20, 0)]"
s16,request_atomic,pipeline,attention_sum/phase/22,4096,644,969,-709,384,True,2179,2823,0,926,129,129,"[(6, 21, 22, 0)]",2179,3148,0,1723,129,129,"[(8, 30, 28, 2, 26, 25, 0), (8, 30, 29, 1, 42, 40, 0)]"
s16,request_atomic,pipeline,attention_sum/phase/26,4096,773,585,444,-256,True,2179,2952,0,1098,129,129,"[(7, 33, 32, 6, 21, 22, 0)]",2179,2764,0,782,129,129,"[(6, 27, 25, 0)]"
s16,request_atomic,pipeline,attention_sum/phase/32,4096,516,608,-92,0,False,4685,5201,256,60,129,129,"[(0, 22, 23, 1)]",4689,5297,256,60,129,129,"[(0, 25, 26, 2, 28, 30, 3)]"
s16,request_atomic,pipeline,attention_sum/phase/35,4096,985,933,52,0,False,4685,5670,271,60,129,129,"[(0, 22, 21, 6, 32, 35, 2)]",4689,5622,271,60,129,129,"[(0, 20, 22, 1)]"
s16,request_atomic,pipeline,attention_sum/phase/38,4096,1165,1147,18,0,False,4685,5850,0,60,129,129,"[(0, 22, 21, 6, 32, 33, 7, 40, 43, 3)]",4689,5836,0,60,129,129,"[(0, 25, 26, 2, 33, 34, 4), (0, 25, 26, 2, 53, 54, 4)]"
s16,request_atomic,pipeline,attention_sum/phase/41,4096,1345,1201,144,0,False,4685,6030,0,60,129,129,"[(0, 22, 21, 6, 32, 33, 7, 40, 41, 8, 48, 51, 4)]",4689,5890,0,60,129,129,"[(0, 25, 26, 2)]"
s16,request_atomic,pipeline,attention_sum/phase/44,4096,1309,1311,-2,0,False,4685,5994,0,60,129,129,"[(0, 22, 20, 5)]",4689,6000,0,60,129,129,"[(0, 25, 5)]"
s16,request_atomic,pipeline,attention_sum/phase/47,4096,1829,1910,-81,0,False,4685,6514,383,60,129,129,"[(0, 22, 21, 6)]",4689,6599,383,60,129,129,"[(0, 25, 26, 2, 28, 30, 8)]"
s16,request_atomic,pipeline,attention_sum/phase/50,4096,2009,1968,41,0,True,4685,6694,0,60,129,129,"[(0, 22, 21, 6, 32, 33, 7)]",4689,6657,0,60,129,129,"[(0, 25, 27, 6)]"
s16,request_atomic,pipeline,attention_sum/phase/6,4096,839,582,513,-256,True,2179,3018,0,1395,129,129,"[(2, 35, 32, 6, 21, 22, 0)]",2179,2761,0,659,129,129,"[(1, 22, 20, 0)]"
s16,request_atomic,pipeline,ffn_sum/phase/10,4096,968,1038,-198,128,True,9147,10115,0,1635,129,129,"[(3, 43, 40, 7, 33, 32, 6, 21, 22, 0)]",9110,10148,0,1962,129,129,"[(4, 34, 33, 2, 26, 25, 0)]"
s16,request_atomic,pipeline,ffn_sum/phase/14,4096,1034,651,513,-130,True,9147,10181,0,1812,129,129,"[(4, 51, 48, 8, 41, 40, 7, 33, 32, 6, 21, 22, 0)]",9110,9761,0,963,129,129,"[(2, 26, 25, 0)]"
s16,request_atomic,pipeline,ffn_sum/phase/18,4096,515,453,62,0,True,9147,9662,0,623,129,129,"[(5, 20, 22, 0)]",9110,9563,0,438,129,129,"[(5, 25, 0)]"
s16,request_atomic,pipeline,ffn_sum/phase/2,4096,512,972,-844,384,True,9147,9659,0,500,129,129,"[(1, 23, 22, 0)]",9110,10082,0,1724,129,129,"[(3, 30, 28, 2, 26, 25, 0), (3, 30, 29, 1, 22, 20, 0)]"
s16,request_atomic,pipeline,ffn_sum/phase/22,4096,644,969,-709,384,True,9147,9791,0,926,129,129,"[(6, 21, 22, 0)]",9110,10079,0,1723,129,129,"[(8, 30, 28, 2, 26, 25, 0), (8, 30, 29, 1, 42, 40, 0)]"
s16,request_atomic,pipeline,ffn_sum/phase/26,4096,773,585,444,-256,True,9147,9920,0,1098,129,129,"[(7, 33, 32, 6, 21, 22, 0)]",9110,9695,0,782,129,129,"[(6, 27, 25, 0)]"
s16,request_atomic,pipeline,ffn_sum/phase/32,4096,516,608,-92,0,False,11653,12169,256,60,129,129,"[(0, 22, 23, 1)]",11620,12228,256,60,129,129,"[(0, 25, 26, 2, 28, 30, 3)]"
s16,request_atomic,pipeline,ffn_sum/phase/35,4096,841,789,52,0,False,11653,12494,127,60,129,129,"[(0, 22, 21, 6, 32, 35, 2)]",11620,12409,127,60,129,129,"[(0, 20, 22, 1)]"
s16,request_atomic,pipeline,ffn_sum/phase/38,4096,1021,1003,18,0,False,11653,12674,0,60,129,129,"[(0, 22, 21, 6, 32, 33, 7, 40, 43, 3)]",11620,12623,0,60,129,129,"[(0, 25, 26, 2, 33, 34, 4), (0, 25, 26, 2, 53, 54, 4)]"
s16,request_atomic,pipeline,ffn_sum/phase/41,4096,1201,1057,144,0,False,11653,12854,0,60,129,129,"[(0, 22, 21, 6, 32, 33, 7, 40, 41, 8, 48, 51, 4)]",11620,12677,0,60,129,129,"[(0, 25, 26, 2)]"
s16,request_atomic,pipeline,ffn_sum/phase/44,4096,1165,1167,-2,0,False,11653,12818,0,60,129,129,"[(0, 22, 20, 5)]",11620,12787,0,60,129,129,"[(0, 25, 5)]"
s16,request_atomic,pipeline,ffn_sum/phase/47,4096,1302,1387,-85,0,False,11653,12955,0,60,129,129,"[(0, 22, 21, 6)]",11620,13007,0,60,129,129,"[(0, 25, 26, 2, 28, 30, 8), (0, 25, 27, 6, 29, 30, 8)]"
s16,request_atomic,pipeline,ffn_sum/phase/50,4096,1482,1441,41,0,True,11653,13135,0,60,129,129,"[(0, 22, 21, 6, 32, 33, 7)]",11620,13061,0,60,129,129,"[(0, 25, 27, 6)]"
s16,request_atomic,pipeline,ffn_sum/phase/6,4096,839,582,513,-256,True,9147,9986,0,1395,129,129,"[(2, 35, 32, 6, 21, 22, 0)]",9110,9692,0,659,129,129,"[(1, 22, 20, 0)]"
s16,request_atomic,bounded,attention_sum/phase/10,4096,1352,1550,-198,0,True,2179,3531,0,1563,129,129,"[(3, 43, 40, 7, 33, 32, 6, 21, 22, 0)]",2179,3729,0,1631,129,129,"[(4, 34, 33, 2, 26, 25, 0)]"
s16,request_atomic,bounded,attention_sum/phase/14,4096,1418,905,513,0,True,2179,3597,0,1759,129,129,"[(4, 51, 48, 8, 41, 40, 7, 33, 32, 6, 21, 22, 0)]",2179,3084,0,975,129,129,"[(2, 26, 25, 0)]"
s16,request_atomic,bounded,attention_sum/phase/18,4096,515,453,62,0,True,2179,2694,0,623,129,129,"[(5, 20, 22, 0)]",2179,2632,0,438,129,129,"[(5, 25, 0)]"
s16,request_atomic,bounded,attention_sum/phase/2,4096,512,1356,-844,0,True,2179,2691,0,500,129,129,"[(1, 23, 22, 0)]",2179,3535,0,1623,129,129,"[(3, 30, 28, 2, 26, 25, 0), (3, 30, 29, 1, 22, 20, 0)]"
s16,request_atomic,bounded,attention_sum/phase/22,4096,644,1353,-709,0,True,2179,2823,0,727,129,129,"[(6, 21, 22, 0)]",2179,3532,0,1623,129,129,"[(8, 30, 28, 2, 26, 25, 0), (8, 30, 29, 1, 42, 40, 0)]"
s16,request_atomic,bounded,attention_sum/phase/26,4096,1029,585,444,0,True,2179,3208,0,876,129,129,"[(7, 33, 32, 6, 21, 22, 0)]",2179,2764,0,721,129,129,"[(6, 27, 25, 0)]"
s16,request_atomic,bounded,attention_sum/phase/32,4096,516,608,-92,0,False,4685,5201,256,60,129,129,"[(0, 22, 23, 1)]",4689,5297,256,60,129,129,"[(0, 25, 26, 2, 28, 30, 3)]"
s16,request_atomic,bounded,attention_sum/phase/35,4096,985,933,52,0,False,4685,5670,271,60,129,129,"[(0, 22, 21, 6, 32, 35, 2)]",4689,5622,271,60,129,129,"[(0, 20, 22, 1)]"
s16,request_atomic,bounded,attention_sum/phase/38,4096,1165,1147,18,0,False,4685,5850,0,60,129,129,"[(0, 22, 21, 6, 32, 33, 7, 40, 43, 3)]",4689,5836,0,60,129,129,"[(0, 25, 26, 2, 33, 34, 4), (0, 25, 26, 2, 53, 54, 4)]"
s16,request_atomic,bounded,attention_sum/phase/41,4096,1345,1201,144,0,False,4685,6030,0,60,129,129,"[(0, 22, 21, 6, 32, 33, 7, 40, 41, 8, 48, 51, 4)]",4689,5890,0,60,129,129,"[(0, 25, 26, 2)]"
s16,request_atomic,bounded,attention_sum/phase/44,4096,1309,1311,-2,0,False,4685,5994,0,60,129,129,"[(0, 22, 20, 5)]",4689,6000,0,60,129,129,"[(0, 25, 5)]"
s16,request_atomic,bounded,attention_sum/phase/47,4096,1829,1910,-81,0,False,4685,6514,383,60,129,129,"[(0, 22, 21, 6)]",4689,6599,383,60,129,129,"[(0, 25, 26, 2, 28, 30, 8)]"
s16,request_atomic,bounded,attention_sum/phase/50,4096,2009,1968,41,0,True,4685,6694,0,60,129,129,"[(0, 22, 21, 6, 32, 33, 7)]",4689,6657,0,60,129,129,"[(0, 25, 27, 6)]"
s16,request_atomic,bounded,attention_sum/phase/6,4096,1095,582,513,0,True,2179,3274,0,1367,129,129,"[(2, 35, 32, 6, 21, 22, 0)]",2179,2761,0,659,129,129,"[(1, 22, 20, 0)]"
s16,request_atomic,bounded,ffn_sum/phase/10,4096,1352,1550,-198,0,True,9147,10499,0,1563,129,129,"[(3, 43, 40, 7, 33, 32, 6, 21, 22, 0)]",9110,10660,0,1631,129,129,"[(4, 34, 33, 2, 26, 25, 0)]"
s16,request_atomic,bounded,ffn_sum/phase/14,4096,1418,905,513,0,True,9147,10565,0,1759,129,129,"[(4, 51, 48, 8, 41, 40, 7, 33, 32, 6, 21, 22, 0)]",9110,10015,0,975,129,129,"[(2, 26, 25, 0)]"
s16,request_atomic,bounded,ffn_sum/phase/18,4096,515,453,62,0,True,9147,9662,0,623,129,129,"[(5, 20, 22, 0)]",9110,9563,0,438,129,129,"[(5, 25, 0)]"
s16,request_atomic,bounded,ffn_sum/phase/2,4096,512,1356,-844,0,True,9147,9659,0,500,129,129,"[(1, 23, 22, 0)]",9110,10466,0,1623,129,129,"[(3, 30, 28, 2, 26, 25, 0), (3, 30, 29, 1, 22, 20, 0)]"
s16,request_atomic,bounded,ffn_sum/phase/22,4096,644,1353,-709,0,True,9147,9791,0,727,129,129,"[(6, 21, 22, 0)]",9110,10463,0,1623,129,129,"[(8, 30, 28, 2, 26, 25, 0), (8, 30, 29, 1, 42, 40, 0)]"
s16,request_atomic,bounded,ffn_sum/phase/26,4096,1029,585,444,0,True,9147,10176,0,876,129,129,"[(7, 33, 32, 6, 21, 22, 0)]",9110,9695,0,721,129,129,"[(6, 27, 25, 0)]"
s16,request_atomic,bounded,ffn_sum/phase/32,4096,516,608,-92,0,False,11653,12169,256,60,129,129,"[(0, 22, 23, 1)]",11620,12228,256,60,129,129,"[(0, 25, 26, 2, 28, 30, 3)]"
s16,request_atomic,bounded,ffn_sum/phase/35,4096,841,789,52,0,False,11653,12494,127,60,129,129,"[(0, 22, 21, 6, 32, 35, 2)]",11620,12409,127,60,129,129,"[(0, 20, 22, 1)]"
s16,request_atomic,bounded,ffn_sum/phase/38,4096,1021,1003,18,0,False,11653,12674,0,60,129,129,"[(0, 22, 21, 6, 32, 33, 7, 40, 43, 3)]",11620,12623,0,60,129,129,"[(0, 25, 26, 2, 33, 34, 4), (0, 25, 26, 2, 53, 54, 4)]"
s16,request_atomic,bounded,ffn_sum/phase/41,4096,1201,1057,144,0,False,11653,12854,0,60,129,129,"[(0, 22, 21, 6, 32, 33, 7, 40, 41, 8, 48, 51, 4)]",11620,12677,0,60,129,129,"[(0, 25, 26, 2)]"
s16,request_atomic,bounded,ffn_sum/phase/44,4096,1165,1167,-2,0,False,11653,12818,0,60,129,129,"[(0, 22, 20, 5)]",11620,12787,0,60,129,129,"[(0, 25, 5)]"
s16,request_atomic,bounded,ffn_sum/phase/47,4096,1302,1387,-85,0,False,11653,12955,0,60,129,129,"[(0, 22, 21, 6)]",11620,13007,0,60,129,129,"[(0, 25, 26, 2, 28, 30, 8), (0, 25, 27, 6, 29, 30, 8)]"
s16,request_atomic,bounded,ffn_sum/phase/50,4096,1482,1441,41,0,True,11653,13135,0,60,129,129,"[(0, 22, 21, 6, 32, 33, 7)]",11620,13061,0,60,129,129,"[(0, 25, 27, 6)]"
s16,request_atomic,bounded,ffn_sum/phase/6,4096,1095,582,513,0,True,9147,10242,0,1367,129,129,"[(2, 35, 32, 6, 21, 22, 0)]",9110,9692,0,659,129,129,"[(1, 22, 20, 0)]"
s16,burst_256,serial,attention_sum/phase/10,4096,1196,1196,-75,75,True,2419,3615,0,750,128,128,"[(3, 43, 40, 7, 33, 32, 6, 21, 22, 0)]",2419,3615,0,763,128,128,"[(4, 34, 33, 2, 26, 25, 0)]"
s16,burst_256,serial,attention_sum/phase/14,4096,1260,1044,200,16,True,2419,3679,0,764,128,128,"[(4, 51, 48, 8, 41, 40, 7, 33, 32, 6, 21, 22, 0)]",2419,3463,0,688,128,128,"[(2, 26, 25, 0)]"
s16,burst_256,serial,attention_sum/phase/18,4096,956,900,19,37,True,2419,3375,0,622,128,128,"[(5, 20, 22, 0)]",2419,3319,0,568,128,128,"[(5, 25, 0)]"
s16,burst_256,serial,attention_sum/phase/2,4096,940,1188,-565,317,True,2419,3359,0,608,128,128,"[(1, 23, 22, 0)]",2419,3607,0,759,128,128,"[(3, 30, 29, 1, 22, 20, 0), (3, 30, 29, 1, 42, 40, 0)]"
s16,burst_256,serial,attention_sum/phase/22,4096,964,1172,-422,214,True,2419,3383,0,624,128,128,"[(6, 21, 22, 0)]",2419,3591,0,747,128,128,"[(8, 30, 29, 1, 22, 20, 0), (8, 30, 29, 1, 42, 40, 0)]"
s16,burst_256,serial,attention_sum/phase/26,4096,1100,1036,362,-298,True,2419,3519,0,713,128,128,"[(7, 33, 32, 6, 21, 22, 0)]",2419,3455,0,686,128,128,"[(6, 27, 25, 0)]"
s16,burst_256,serial,attention_sum/phase/32,4096,1168,1260,-92,0,True,4991,6159,840,0,128,128,"[(0, 22, 23, 1)]",4991,6251,840,0,128,128,"[(0, 25, 26, 2, 28, 30, 3)]"
s16,burst_256,serial,attention_sum/phase/35,4096,1240,1192,52,-4,True,4991,6231,848,0,128,128,"[(0, 22, 21, 6, 32, 35, 2), (0, 28, 29, 1, 34, 35, 2)]",4991,6183,848,0,128,128,"[(0, 20, 22, 1)]"
s16,burst_256,serial,attention_sum/phase/38,4096,1302,1284,18,0,True,4991,6293,856,0,128,128,"[(0, 28, 29, 1, 34, 33, 7, 40, 43, 3)]",4991,6275,856,0,128,128,"[(0, 25, 26, 2, 33, 34, 4)]"
s16,burst_256,serial,attention_sum/phase/41,4096,1360,1216,144,0,True,4991,6351,864,0,128,128,"[(0, 28, 29, 1, 34, 33, 7, 40, 41, 8, 48, 51, 4)]",4991,6207,864,0,128,128,"[(0, 25, 26, 2)]"
s16,burst_256,serial,attention_sum/phase/44,4096,1202,1199,-2,5,True,4991,6193,872,0,128,128,"[(0, 27, 25, 5)]",4991,6190,872,0,128,128,"[(0, 40, 5)]"
s16,burst_256,serial,attention_sum/phase/47,4096,1217,1301,-85,1,True,4991,6208,880,0,128,128,"[(0, 22, 21, 6)]",4991,6292,880,0,128,128,"[(0, 40, 42, 1, 29, 30, 8)]"
s16,burst_256,serial,attention_sum/phase/50,4096,1275,1233,41,1,True,4991,6266,888,0,128,128,"[(0, 22, 23, 1, 34, 33, 7)]",4991,6224,888,0,128,128,"[(0, 40, 42, 6)]"
s16,burst_256,serial,attention_sum/phase/6,4096,1116,996,472,-352,True,2419,3535,0,720,128,128,"[(2, 35, 32, 6, 21, 22, 0)]",2419,3415,0,648,128,128,"[(1, 22, 20, 0)]"
s16,burst_256,serial,ffn_sum/phase/10,4096,1196,1196,-75,75,True,8804,10000,0,750,128,128,"[(3, 43, 40, 7, 33, 32, 6, 21, 22, 0)]",8745,9941,0,763,128,128,"[(4, 34, 33, 2, 26, 25, 0)]"
s16,burst_256,serial,ffn_sum/phase/14,4096,1260,1044,200,16,True,8804,10064,0,764,128,128,"[(4, 51, 48, 8, 41, 40, 7, 33, 32, 6, 21, 22, 0)]",8745,9789,0,688,128,128,"[(2, 26, 25, 0)]"
s16,burst_256,serial,ffn_sum/phase/18,4096,956,900,19,37,True,8804,9760,0,622,128,128,"[(5, 20, 22, 0)]",8745,9645,0,568,128,128,"[(5, 25, 0)]"
s16,burst_256,serial,ffn_sum/phase/2,4096,940,1188,-565,317,True,8804,9744,0,608,128,128,"[(1, 23, 22, 0)]",8745,9933,0,759,128,128,"[(3, 30, 29, 1, 22, 20, 0), (3, 30, 29, 1, 42, 40, 0)]"
s16,burst_256,serial,ffn_sum/phase/22,4096,964,1172,-422,214,True,8804,9768,0,624,128,128,"[(6, 21, 22, 0)]",8745,9917,0,747,128,128,"[(8, 30, 29, 1, 22, 20, 0), (8, 30, 29, 1, 42, 40, 0)]"
s16,burst_256,serial,ffn_sum/phase/26,4096,1100,1036,362,-298,True,8804,9904,0,713,128,128,"[(7, 33, 32, 6, 21, 22, 0)]",8745,9781,0,686,128,128,"[(6, 27, 25, 0)]"
s16,burst_256,serial,ffn_sum/phase/32,4096,1168,1260,-92,0,True,11376,12544,840,0,128,128,"[(0, 22, 23, 1)]",11317,12577,840,0,128,128,"[(0, 25, 26, 2, 28, 30, 3)]"
s16,burst_256,serial,ffn_sum/phase/35,4096,1240,1192,52,-4,True,11376,12616,848,0,128,128,"[(0, 22, 21, 6, 32, 35, 2), (0, 28, 29, 1, 34, 35, 2)]",11317,12509,848,0,128,128,"[(0, 20, 22, 1)]"
s16,burst_256,serial,ffn_sum/phase/38,4096,1302,1284,18,0,True,11376,12678,856,0,128,128,"[(0, 28, 29, 1, 34, 33, 7, 40, 43, 3)]",11317,12601,856,0,128,128,"[(0, 25, 26, 2, 33, 34, 4)]"
s16,burst_256,serial,ffn_sum/phase/41,4096,1360,1216,144,0,True,11376,12736,864,0,128,128,"[(0, 28, 29, 1, 34, 33, 7, 40, 41, 8, 48, 51, 4)]",11317,12533,864,0,128,128,"[(0, 25, 26, 2)]"
s16,burst_256,serial,ffn_sum/phase/44,4096,1202,1199,-2,5,True,11376,12578,872,0,128,128,"[(0, 27, 25, 5)]",11317,12516,872,0,128,128,"[(0, 40, 5)]"
s16,burst_256,serial,ffn_sum/phase/47,4096,1217,1301,-85,1,True,11376,12593,880,0,128,128,"[(0, 22, 21, 6)]",11317,12618,880,0,128,128,"[(0, 40, 42, 1, 29, 30, 8)]"
s16,burst_256,serial,ffn_sum/phase/50,4096,1275,1233,41,1,True,11376,12651,888,0,128,128,"[(0, 22, 23, 1, 34, 33, 7)]",11317,12550,888,0,128,128,"[(0, 40, 42, 6)]"
s16,burst_256,serial,ffn_sum/phase/6,4096,1116,996,472,-352,True,8804,9920,0,720,128,128,"[(2, 35, 32, 6, 21, 22, 0)]",8745,9741,0,648,128,128,"[(1, 22, 20, 0)]"
s16,burst_256,pipeline,attention_sum/phase/10,4096,1059,1070,-75,64,True,2419,3478,0,1482,129,129,"[(3, 43, 40, 7, 33, 32, 6, 21, 22, 0)]",2419,3489,0,1548,129,129,"[(4, 34, 33, 2, 26, 25, 0)]"
s16,burst_256,pipeline,attention_sum/phase/14,4096,1090,988,200,-98,True,2419,3509,0,1459,129,129,"[(4, 51, 48, 8, 41, 40, 7, 33, 32, 6, 21, 22, 0)]",2419,3407,0,1364,129,129,"[(2, 26, 25, 0)]"
s16,burst_256,pipeline,attention_sum/phase/18,4096,922,951,19,-48,True,2419,3341,0,1151,129,129,"[(5, 20, 22, 0)]",2419,3370,0,1109,129,129,"[(5, 25, 0)]"
s16,burst_256,pipeline,attention_sum/phase/2,4096,907,1055,-565,417,True,2419,3326,0,1092,129,129,"[(1, 23, 22, 0)]",2419,3474,0,1531,129,129,"[(3, 30, 28, 2, 26, 25, 0), (3, 30, 29, 1, 22, 20, 0)]"
s16,burst_256,pipeline,attention_sum/phase/22,4096,968,1048,-422,342,True,2419,3387,0,1274,129,129,"[(6, 21, 22, 0)]",2419,3467,0,1522,129,129,"[(8, 30, 28, 2, 26, 25, 0), (8, 30, 29, 1, 42, 40, 0)]"
s16,burst_256,pipeline,attention_sum/phase/26,4096,1014,965,362,-313,True,2419,3433,0,1413,129,129,"[(7, 33, 32, 6, 21, 22, 0)]",2419,3384,0,1324,129,129,"[(6, 27, 25, 0)]"
s16,burst_256,pipeline,attention_sum/phase/32,4096,380,472,-92,0,False,4925,5305,128,8,129,129,"[(0, 22, 23, 1), (0, 28, 29, 1)]",4929,5401,128,8,129,129,"[(0, 20, 22, 1, 29, 30, 3), (0, 25, 26, 2, 28, 30, 3)]"
s16,burst_256,pipeline,attention_sum/phase/35,4096,713,661,52,0,False,4925,5638,127,8,129,129,"[(0, 22, 21, 6, 32, 35, 2)]",4929,5590,127,8,129,129,"[(0, 20, 22, 1)]"
s16,burst_256,pipeline,attention_sum/phase/38,4096,965,947,18,0,False,4925,5890,80,8,129,129,"[(0, 22, 21, 6, 32, 33, 7, 40, 43, 3), (0, 28, 29, 1, 34, 33, 7, 40, 43, 3)]",4929,5876,80,8,129,129,"[(0, 25, 26, 2, 33, 34, 4)]"
s16,burst_256,pipeline,attention_sum/phase/41,4096,1280,1136,144,0,False,4925,6205,135,8,129,129,"[(0, 22, 21, 6, 32, 33, 7, 40, 41, 8, 48, 51, 4), (0, 28, 29, 1, 34, 33, 7, 40, 41, 8, 48, 51, 4)]",4929,6065,135,8,129,129,"[(0, 25, 26, 2)]"
s16,burst_256,pipeline,attention_sum/phase/44,4096,1307,1309,-2,0,False,4925,6232,55,8,129,129,"[(0, 22, 20, 5)]",4929,6238,55,8,129,129,"[(0, 25, 5)]"
s16,burst_256,pipeline,attention_sum/phase/47,4096,1444,1529,-85,0,False,4925,6369,0,8,129,129,"[(0, 22, 21, 6)]",4929,6458,0,8,129,129,"[(0, 25, 26, 2, 28, 30, 8), (0, 25, 27, 6, 29, 30, 8)]"
s16,burst_256,pipeline,attention_sum/phase/50,4096,1624,1583,41,0,True,4925,6549,0,8,129,129,"[(0, 22, 21, 6, 32, 33, 7)]",4929,6512,0,8,129,129,"[(0, 25, 27, 6)]"
s16,burst_256,pipeline,attention_sum/phase/6,4096,1021,958,472,-409,True,2419,3440,0,1462,129,129,"[(2, 35, 32, 6, 21, 22, 0)]",2419,3377,0,1281,129,129,"[(1, 22, 20, 0)]"
s16,burst_256,pipeline,ffn_sum/phase/10,4096,1059,1070,-75,64,True,9002,10061,0,1482,129,129,"[(3, 43, 40, 7, 33, 32, 6, 21, 22, 0)]",8965,10035,0,1548,129,129,"[(4, 34, 33, 2, 26, 25, 0)]"
s16,burst_256,pipeline,ffn_sum/phase/14,4096,1090,988,200,-98,True,9002,10092,0,1459,129,129,"[(4, 51, 48, 8, 41, 40, 7, 33, 32, 6, 21, 22, 0)]",8965,9953,0,1364,129,129,"[(2, 26, 25, 0)]"
s16,burst_256,pipeline,ffn_sum/phase/18,4096,922,951,19,-48,True,9002,9924,0,1151,129,129,"[(5, 20, 22, 0)]",8965,9916,0,1109,129,129,"[(5, 25, 0)]"
s16,burst_256,pipeline,ffn_sum/phase/2,4096,907,1055,-565,417,True,9002,9909,0,1092,129,129,"[(1, 23, 22, 0)]",8965,10020,0,1531,129,129,"[(3, 30, 28, 2, 26, 25, 0), (3, 30, 29, 1, 22, 20, 0)]"
s16,burst_256,pipeline,ffn_sum/phase/22,4096,968,1048,-422,342,True,9002,9970,0,1274,129,129,"[(6, 21, 22, 0)]",8965,10013,0,1522,129,129,"[(8, 30, 28, 2, 26, 25, 0), (8, 30, 29, 1, 42, 40, 0)]"
s16,burst_256,pipeline,ffn_sum/phase/26,4096,1014,965,362,-313,True,9002,10016,0,1413,129,129,"[(7, 33, 32, 6, 21, 22, 0)]",8965,9930,0,1324,129,129,"[(6, 27, 25, 0)]"
s16,burst_256,pipeline,ffn_sum/phase/32,4096,380,472,-92,0,False,11508,11888,128,8,129,129,"[(0, 22, 23, 1), (0, 28, 29, 1)]",11475,11947,128,8,129,129,"[(0, 20, 22, 1, 29, 30, 3), (0, 25, 26, 2, 28, 30, 3)]"
s16,burst_256,pipeline,ffn_sum/phase/35,4096,713,661,52,0,False,11508,12221,127,8,129,129,"[(0, 22, 21, 6, 32, 35, 2)]",11475,12136,127,8,129,129,"[(0, 20, 22, 1)]"
s16,burst_256,pipeline,ffn_sum/phase/38,4096,965,947,18,0,False,11508,12473,80,8,129,129,"[(0, 22, 21, 6, 32, 33, 7, 40, 43, 3), (0, 28, 29, 1, 34, 33, 7, 40, 43, 3)]",11475,12422,80,8,129,129,"[(0, 25, 26, 2, 33, 34, 4)]"
s16,burst_256,pipeline,ffn_sum/phase/41,4096,1200,1056,144,0,False,11508,12708,47,8,129,129,"[(0, 22, 21, 6, 32, 33, 7, 40, 41, 8, 48, 51, 4)]",11475,12531,47,8,129,129,"[(0, 25, 26, 2)]"
s16,burst_256,pipeline,ffn_sum/phase/44,4096,1164,1166,-2,0,False,11508,12672,0,8,129,129,"[(0, 22, 20, 5)]",11475,12641,0,8,129,129,"[(0, 25, 5)]"
s16,burst_256,pipeline,ffn_sum/phase/47,4096,1301,1386,-85,0,False,11508,12809,0,8,129,129,"[(0, 22, 21, 6)]",11475,12861,0,8,129,129,"[(0, 25, 26, 2, 28, 30, 8), (0, 25, 27, 6, 29, 30, 8)]"
s16,burst_256,pipeline,ffn_sum/phase/50,4096,1481,1440,41,0,True,11508,12989,0,8,129,129,"[(0, 22, 21, 6, 32, 33, 7)]",11475,12915,0,8,129,129,"[(0, 25, 27, 6)]"
s16,burst_256,pipeline,ffn_sum/phase/6,4096,1021,958,472,-409,True,9002,10023,0,1462,129,129,"[(2, 35, 32, 6, 21, 22, 0)]",8965,9923,0,1281,129,129,"[(1, 22, 20, 0)]"
s16,burst_256,bounded,attention_sum/phase/10,4096,1219,1294,-75,0,True,2419,3638,0,1010,129,129,"[(3, 43, 40, 7, 33, 32, 6, 21, 22, 0)]",2419,3713,0,1030,129,129,"[(4, 34, 33, 2, 26, 25, 0)]"
s16,burst_256,bounded,attention_sum/phase/14,4096,1298,1098,200,0,True,2419,3717,0,1030,129,129,"[(4, 51, 48, 8, 41, 40, 7, 33, 32, 6, 21, 22, 0)]",2419,3517,0,902,129,129,"[(2, 26, 25, 0)]"
s16,burst_256,bounded,attention_sum/phase/18,4096,657,638,19,0,True,2419,3076,0,727,129,129,"[(5, 20, 22, 0)]",2419,3057,0,640,129,129,"[(5, 25, 0)]"
s16,burst_256,bounded,attention_sum/phase/2,4096,642,1207,-565,0,True,2419,3061,0,668,129,129,"[(1, 23, 22, 0)]",2419,3626,0,1034,129,129,"[(3, 30, 28, 2, 26, 25, 0), (3, 30, 29, 1, 22, 20, 0)]"
s16,burst_256,bounded,attention_sum/phase/22,4096,754,1176,-422,0,True,2419,3173,0,783,129,129,"[(6, 21, 22, 0)]",2419,3595,0,1030,129,129,"[(8, 30, 28, 2, 26, 25, 0), (8, 30, 29, 1, 42, 40, 0)]"
s16,burst_256,bounded,attention_sum/phase/26,4096,1046,684,362,0,True,2419,3465,0,899,129,129,"[(7, 33, 32, 6, 21, 22, 0)]",2419,3103,0,786,129,129,"[(6, 27, 25, 0)]"
s16,burst_256,bounded,attention_sum/phase/32,4096,380,472,-92,0,False,4925,5305,128,8,129,129,"[(0, 22, 23, 1), (0, 28, 29, 1)]",4929,5401,128,8,129,129,"[(0, 20, 22, 1, 29, 30, 3), (0, 25, 26, 2, 28, 30, 3)]"
s16,burst_256,bounded,attention_sum/phase/35,4096,713,661,52,0,False,4925,5638,127,8,129,129,"[(0, 22, 21, 6, 32, 35, 2)]",4929,5590,127,8,129,129,"[(0, 20, 22, 1)]"
s16,burst_256,bounded,attention_sum/phase/38,4096,965,947,18,0,False,4925,5890,80,8,129,129,"[(0, 22, 21, 6, 32, 33, 7, 40, 43, 3), (0, 28, 29, 1, 34, 33, 7, 40, 43, 3)]",4929,5876,80,8,129,129,"[(0, 25, 26, 2, 33, 34, 4)]"
s16,burst_256,bounded,attention_sum/phase/41,4096,1280,1136,144,0,False,4925,6205,135,8,129,129,"[(0, 22, 21, 6, 32, 33, 7, 40, 41, 8, 48, 51, 4), (0, 28, 29, 1, 34, 33, 7, 40, 41, 8, 48, 51, 4)]",4929,6065,135,8,129,129,"[(0, 25, 26, 2)]"
s16,burst_256,bounded,attention_sum/phase/44,4096,1307,1309,-2,0,False,4925,6232,55,8,129,129,"[(0, 22, 20, 5)]",4929,6238,55,8,129,129,"[(0, 25, 5)]"
s16,burst_256,bounded,attention_sum/phase/47,4096,1444,1529,-85,0,False,4925,6369,0,8,129,129,"[(0, 22, 21, 6)]",4929,6458,0,8,129,129,"[(0, 25, 26, 2, 28, 30, 8), (0, 25, 27, 6, 29, 30, 8)]"
s16,burst_256,bounded,attention_sum/phase/50,4096,1624,1583,41,0,True,4925,6549,0,8,129,129,"[(0, 22, 21, 6, 32, 33, 7)]",4929,6512,0,8,129,129,"[(0, 25, 27, 6)]"
s16,burst_256,bounded,attention_sum/phase/6,4096,1133,661,472,0,True,2419,3552,0,950,129,129,"[(2, 35, 32, 6, 21, 22, 0)]",2419,3080,0,752,129,129,"[(1, 22, 20, 0)]"
s16,burst_256,bounded,ffn_sum/phase/10,4096,1219,1294,-75,0,True,9002,10221,0,1010,129,129,"[(3, 43, 40, 7, 33, 32, 6, 21, 22, 0)]",8965,10259,0,1030,129,129,"[(4, 34, 33, 2, 26, 25, 0)]"
s16,burst_256,bounded,ffn_sum/phase/14,4096,1298,1098,200,0,True,9002,10300,0,1030,129,129,"[(4, 51, 48, 8, 41, 40, 7, 33, 32, 6, 21, 22, 0)]",8965,10063,0,902,129,129,"[(2, 26, 25, 0)]"
s16,burst_256,bounded,ffn_sum/phase/18,4096,657,638,19,0,True,9002,9659,0,727,129,129,"[(5, 20, 22, 0)]",8965,9603,0,640,129,129,"[(5, 25, 0)]"
s16,burst_256,bounded,ffn_sum/phase/2,4096,642,1207,-565,0,True,9002,9644,0,668,129,129,"[(1, 23, 22, 0)]",8965,10172,0,1034,129,129,"[(3, 30, 28, 2, 26, 25, 0), (3, 30, 29, 1, 22, 20, 0)]"
s16,burst_256,bounded,ffn_sum/phase/22,4096,754,1176,-422,0,True,9002,9756,0,783,129,129,"[(6, 21, 22, 0)]",8965,10141,0,1030,129,129,"[(8, 30, 28, 2, 26, 25, 0), (8, 30, 29, 1, 42, 40, 0)]"
s16,burst_256,bounded,ffn_sum/phase/26,4096,1046,684,362,0,True,9002,10048,0,899,129,129,"[(7, 33, 32, 6, 21, 22, 0)]",8965,9649,0,786,129,129,"[(6, 27, 25, 0)]"
s16,burst_256,bounded,ffn_sum/phase/32,4096,380,472,-92,0,False,11508,11888,128,8,129,129,"[(0, 22, 23, 1), (0, 28, 29, 1)]",11475,11947,128,8,129,129,"[(0, 20, 22, 1, 29, 30, 3), (0, 25, 26, 2, 28, 30, 3)]"
s16,burst_256,bounded,ffn_sum/phase/35,4096,713,661,52,0,False,11508,12221,127,8,129,129,"[(0, 22, 21, 6, 32, 35, 2)]",11475,12136,127,8,129,129,"[(0, 20, 22, 1)]"
s16,burst_256,bounded,ffn_sum/phase/38,4096,965,947,18,0,False,11508,12473,80,8,129,129,"[(0, 22, 21, 6, 32, 33, 7, 40, 43, 3), (0, 28, 29, 1, 34, 33, 7, 40, 43, 3)]",11475,12422,80,8,129,129,"[(0, 25, 26, 2, 33, 34, 4)]"
s16,burst_256,bounded,ffn_sum/phase/41,4096,1200,1056,144,0,False,11508,12708,47,8,129,129,"[(0, 22, 21, 6, 32, 33, 7, 40, 41, 8, 48, 51, 4)]",11475,12531,47,8,129,129,"[(0, 25, 26, 2)]"
s16,burst_256,bounded,ffn_sum/phase/44,4096,1164,1166,-2,0,False,11508,12672,0,8,129,129,"[(0, 22, 20, 5)]",11475,12641,0,8,129,129,"[(0, 25, 5)]"
s16,burst_256,bounded,ffn_sum/phase/47,4096,1301,1386,-85,0,False,11508,12809,0,8,129,129,"[(0, 22, 21, 6)]",11475,12861,0,8,129,129,"[(0, 25, 26, 2, 28, 30, 8), (0, 25, 27, 6, 29, 30, 8)]"
s16,burst_256,bounded,ffn_sum/phase/50,4096,1481,1440,41,0,True,11508,12989,0,8,129,129,"[(0, 22, 21, 6, 32, 33, 7)]",11475,12915,0,8,129,129,"[(0, 25, 27, 6)]"
s16,burst_256,bounded,ffn_sum/phase/6,4096,1133,661,472,0,True,9002,10135,0,950,129,129,"[(2, 35, 32, 6, 21, 22, 0)]",8965,9626,0,752,129,129,"[(1, 22, 20, 0)]"
s64,request_atomic,serial,attention_sum/phase/10,16384,3696,3174,-587,1109,True,12508,16204,0,2470,512,512,"[(3, 43, 40, 7, 33, 32, 6, 21, 22, 0), (3, 43, 40, 7, 33, 34, 1, 23, 22, 0)]",12508,15682,0,1949,512,512,"[(4, 34, 33, 2, 26, 25, 0)]"
s64,request_atomic,serial,attention_sum/phase/14,16384,4208,2662,1824,-278,True,12508,16716,0,2932,512,512,"[(4, 51, 48, 8, 41, 40, 7, 33, 32, 6, 21, 22, 0)]",12508,15170,0,1496,512,512,"[(2, 26, 25, 0)]"
s64,request_atomic,serial,attention_sum/phase/18,16384,1648,1126,-441,963,True,12508,14156,0,510,512,512,"[(5, 20, 22, 0)]",12508,13634,0,0,512,512,"[(5, 25, 0)]"
s64,request_atomic,serial,attention_sum/phase/2,16384,1136,4198,-2466,-596,True,12508,13644,0,0,512,512,"[(1, 23, 22, 0)]",12508,16706,0,2961,512,512,"[(3, 30, 29, 1, 22, 20, 0), (3, 30, 29, 1, 42, 40, 0), (3, 30, 29, 6, 27, 25, 0)]"
s64,request_atomic,serial,attention_sum/phase/22,16384,2160,3686,-453,-1073,True,12508,14668,0,1016,512,512,"[(6, 21, 22, 0)]",12508,16194,0,2451,512,512,"[(8, 30, 29, 1, 22, 20, 0), (8, 30, 29, 1, 42, 40, 0), (8, 30, 29, 6, 27, 25, 0)]"
s64,request_atomic,serial,attention_sum/phase/26,16384,2672,2150,1186,-664,True,12508,15180,0,1497,512,512,"[(7, 33, 32, 6, 21, 22, 0)]",12508,14658,0,988,512,512,"[(6, 27, 25, 0)]"
s64,request_atomic,serial,attention_sum/phase/32,16384,1108,1200,-92,0,True,22604,23712,0,0,512,512,"[(0, 22, 23, 1)]",22594,23794,0,0,512,512,"[(0, 25, 26, 2, 28, 30, 3)]"
s64,request_atomic,serial,attention_sum/phase/35,16384,1688,1636,52,0,True,22604,24292,512,0,512,512,"[(0, 22, 21, 6, 32, 35, 2)]",22594,24230,512,0,512,512,"[(0, 20, 22, 1)]"
s64,request_atomic,serial,attention_sum/phase/38,16384,2250,2232,18,0,True,22604,24854,1024,0,512,512,"[(0, 22, 21, 6, 32, 33, 7, 40, 43, 3)]",22594,24826,1024,0,512,512,"[(0, 25, 26, 2, 33, 34, 4)]"
s64,request_atomic,serial,attention_sum/phase/41,16384,2812,2668,144,0,True,22604,25416,1536,0,512,512,"[(0, 22, 21, 6, 32, 33, 7, 40, 41, 8, 48, 51, 4)]",22594,25262,1536,0,512,512,"[(0, 25, 26, 2)]"
s64,request_atomic,serial,attention_sum/phase/44,16384,3158,3160,-2,0,True,22604,25762,2048,0,512,512,"[(0, 22, 20, 5)]",22594,25754,2048,0,512,512,"[(0, 25, 5)]"
s64,request_atomic,serial,attention_sum/phase/47,16384,3677,3758,-85,4,True,22604,26281,2560,0,512,512,"[(0, 22, 21, 6)]",22594,26352,2560,0,512,512,"[(0, 25, 26, 2, 28, 30, 8)]"
s64,request_atomic,serial,attention_sum/phase/50,16384,4239,4198,41,0,True,22604,26843,3072,0,512,512,"[(0, 22, 21, 6, 32, 33, 7)]",22594,26792,3072,0,512,512,"[(0, 25, 27, 6)]"
s64,request_atomic,serial,attention_sum/phase/6,16384,3184,1638,1099,447,True,12508,15692,0,1999,512,512,"[(2, 35, 32, 6, 21, 22, 0)]",12508,14146,0,498,512,512,"[(1, 22, 20, 0)]"
s64,request_atomic,serial,ffn_sum/phase/10,16384,3696,3174,-587,1109,True,35839,39535,0,2470,512,512,"[(3, 43, 40, 7, 33, 32, 6, 21, 22, 0), (3, 43, 40, 7, 33, 34, 1, 23, 22, 0)]",35788,38962,0,1949,512,512,"[(4, 34, 33, 2, 26, 25, 0)]"
s64,request_atomic,serial,ffn_sum/phase/14,16384,4208,2662,1824,-278,True,35839,40047,0,2932,512,512,"[(4, 51, 48, 8, 41, 40, 7, 33, 32, 6, 21, 22, 0)]",35788,38450,0,1496,512,512,"[(2, 26, 25, 0)]"
s64,request_atomic,serial,ffn_sum/phase/18,16384,1648,1126,-441,963,True,35839,37487,0,510,512,512,"[(5, 20, 22, 0)]",35788,36914,0,0,512,512,"[(5, 25, 0)]"
s64,request_atomic,serial,ffn_sum/phase/2,16384,1136,4198,-2466,-596,True,35839,36975,0,0,512,512,"[(1, 23, 22, 0)]",35788,39986,0,2961,512,512,"[(3, 30, 29, 1, 22, 20, 0), (3, 30, 29, 1, 42, 40, 0), (3, 30, 29, 6, 27, 25, 0)]"
s64,request_atomic,serial,ffn_sum/phase/22,16384,2160,3686,-453,-1073,True,35839,37999,0,1016,512,512,"[(6, 21, 22, 0)]",35788,39474,0,2451,512,512,"[(8, 30, 29, 1, 22, 20, 0), (8, 30, 29, 1, 42, 40, 0), (8, 30, 29, 6, 27, 25, 0)]"
s64,request_atomic,serial,ffn_sum/phase/26,16384,2672,2150,1186,-664,True,35839,38511,0,1497,512,512,"[(7, 33, 32, 6, 21, 22, 0)]",35788,37938,0,988,512,512,"[(6, 27, 25, 0)]"
s64,request_atomic,serial,ffn_sum/phase/32,16384,1108,1200,-96,4,True,45935,47043,0,0,512,512,"[(0, 22, 23, 1)]",45874,47074,0,0,512,512,"[(0, 25, 26, 2, 28, 30, 3)]"
s64,request_atomic,serial,ffn_sum/phase/35,16384,1688,1636,52,0,True,45935,47623,512,0,512,512,"[(0, 22, 21, 6, 32, 35, 2)]",45874,47510,512,0,512,512,"[(0, 20, 22, 1)]"
s64,request_atomic,serial,ffn_sum/phase/38,16384,2250,2232,18,0,True,45935,48185,1024,0,512,512,"[(0, 22, 21, 6, 32, 33, 7, 40, 43, 3)]",45874,48106,1024,0,512,512,"[(0, 25, 26, 2, 33, 34, 4)]"
s64,request_atomic,serial,ffn_sum/phase/41,16384,2812,2668,144,0,True,45935,48747,1536,0,512,512,"[(0, 22, 21, 6, 32, 33, 7, 40, 41, 8, 48, 51, 4)]",45874,48542,1536,0,512,512,"[(0, 25, 26, 2)]"
s64,request_atomic,serial,ffn_sum/phase/44,16384,3158,3160,-2,0,True,45935,49093,2048,0,512,512,"[(0, 22, 20, 5)]",45874,49034,2048,0,512,512,"[(0, 25, 5)]"
s64,request_atomic,serial,ffn_sum/phase/47,16384,3677,3758,-85,4,True,45935,49612,2560,0,512,512,"[(0, 22, 21, 6)]",45874,49632,2560,0,512,512,"[(0, 25, 26, 2, 28, 30, 8)]"
s64,request_atomic,serial,ffn_sum/phase/50,16384,4239,4198,41,0,True,45935,50174,3072,0,512,512,"[(0, 22, 21, 6, 32, 33, 7)]",45874,50072,3072,0,512,512,"[(0, 25, 27, 6)]"
s64,request_atomic,serial,ffn_sum/phase/6,16384,3184,1638,1099,447,True,35839,39023,0,1999,512,512,"[(2, 35, 32, 6, 21, 22, 0)]",35788,37426,0,498,512,512,"[(1, 22, 20, 0)]"
s64,request_atomic,pipeline,attention_sum/phase/10,16384,4049,4124,-587,512,True,12508,16557,0,19962,516,516,"[(3, 43, 40, 7, 33, 32, 6, 21, 22, 0), (3, 45, 44, 2, 35, 32, 6, 21, 22, 0)]",12508,16632,0,21140,516,516,"[(4, 34, 33, 2, 26, 25, 0), (4, 54, 53, 2, 26, 25, 0)]"
s64,request_atomic,pipeline,attention_sum/phase/14,16384,4124,3836,1824,-1536,True,12508,16632,0,22179,516,516,"[(4, 51, 48, 8, 41, 40, 7, 33, 32, 6, 21, 22, 0), (4, 53, 52, 3, 43, 40, 7, 33, 32, 6, 21, 22, 0)]",12508,16344,0,16852,516,516,"[(2, 26, 25, 0)]"
s64,request_atomic,pipeline,attention_sum/phase/18,16384,3623,3485,-441,579,True,12508,16131,0,15444,516,516,"[(5, 20, 22, 0), (5, 25, 27, 0)]",12508,15993,0,15167,516,516,"[(5, 25, 0), (5, 40, 0)]"
s64,request_atomic,pipeline,attention_sum/phase/2,16384,3611,4112,-2466,1965,True,12508,16119,0,14946,516,516,"[(1, 23, 22, 0), (1, 29, 28, 0)]",12508,16620,0,20604,516,516,"[(3, 30, 28, 2, 26, 25, 0), (3, 30, 29, 1, 22, 20, 0), (3, 32, 33, 2, 26, 25, 0)]"
s64,request_atomic,pipeline,attention_sum/phase/22,16384,3635,4100,-453,-12,True,12508,16143,0,16338,516,516,"[(6, 21, 22, 0)]",12508,16608,0,20222,516,516,"[(8, 30, 28, 2, 26, 25, 0), (8, 30, 29, 1, 22, 20, 0), (8, 30, 29, 1, 42, 40, 0), (8, 50, 48, 2, 26, 25, 0)]"
s64,request_atomic,pipeline,attention_sum/phase/26,16384,3911,3749,1186,-1024,True,12508,16419,0,17523,516,516,"[(7, 33, 32, 6, 21, 22, 0), (7, 71, 70, 6, 21, 22, 0)]",12508,16257,0,16132,516,516,"[(6, 27, 25, 0), (6, 42, 40, 0)]"
s64,request_atomic,pipeline,attention_sum/phase/32,16384,2711,2803,-92,0,False,22520,25231,2064,51,516,516,"[(0, 22, 23, 1), (0, 28, 29, 1)]",22520,25323,2064,59,516,516,"[(0, 20, 22, 1, 29, 30, 3), (0, 25, 26, 2, 28, 30, 3), (0, 25, 27, 6, 29, 30, 3)]"
s64,request_atomic,pipeline,attention_sum/phase/35,16384,3296,3244,52,0,False,22520,25816,0,18,516,516,"[(0, 22, 21, 6, 32, 35, 2), (0, 28, 29, 1, 34, 35, 2)]",22520,25764,0,44,516,516,"[(0, 20, 22, 1), (0, 25, 24, 1)]"
s64,request_atomic,pipeline,attention_sum/phase/38,16384,3863,3845,18,0,False,22520,26383,0,51,516,516,"[(0, 22, 21, 6, 32, 33, 7, 40, 43, 3), (0, 28, 29, 1, 34, 33, 7, 40, 43, 3)]",22520,26365,0,51,516,516,"[(0, 25, 26, 2, 33, 34, 4), (0, 25, 26, 2, 53, 54, 4)]"
s64,request_atomic,pipeline,attention_sum/phase/41,16384,4430,4286,144,0,False,22520,26950,0,51,516,516,"[(0, 22, 21, 6, 32, 33, 7, 40, 41, 8, 48, 51, 4), (0, 28, 29, 1, 34, 33, 7, 40, 41, 8, 48, 51, 4)]",22520,26806,0,51,516,516,"[(0, 25, 26, 2)]"
s64,request_atomic,pipeline,attention_sum/phase/44,16384,5933,5935,-2,0,False,22520,28453,1152,51,516,516,"[(0, 22, 20, 5), (0, 27, 25, 5)]",22520,28455,1152,56,516,516,"[(0, 25, 5), (0, 40, 5)]"
s64,request_atomic,pipeline,attention_sum/phase/47,16384,6457,6542,-85,0,False,22520,28977,0,51,516,516,"[(0, 22, 21, 6)]",22520,29062,0,67,516,516,"[(0, 20, 22, 1, 29, 30, 8), (0, 25, 26, 2, 28, 30, 8), (0, 25, 27, 6, 29, 30, 8)]"
s64,request_atomic,pipeline,attention_sum/phase/50,16384,7280,7239,41,0,True,22520,29800,256,51,516,516,"[(0, 22, 21, 6, 32, 33, 7), (0, 28, 29, 1, 34, 33, 7)]",22520,29759,256,52,516,516,"[(0, 25, 27, 6), (0, 40, 42, 6)]"
s64,request_atomic,pipeline,attention_sum/phase/6,16384,3899,3824,1099,-1024,True,12508,16407,0,18783,516,516,"[(2, 35, 32, 6, 21, 22, 0), (2, 37, 36, 1, 23, 22, 0)]",12508,16332,0,16069,516,516,"[(1, 22, 20, 0), (1, 24, 25, 0)]"
s64,request_atomic,pipeline,ffn_sum/phase/10,16384,4049,4124,-587,512,True,38796,42845,0,19962,516,516,"[(3, 43, 40, 7, 33, 32, 6, 21, 22, 0), (3, 45, 44, 2, 35, 32, 6, 21, 22, 0)]",38755,42879,0,21140,516,516,"[(4, 34, 33, 2, 26, 25, 0), (4, 54, 53, 2, 26, 25, 0)]"
s64,request_atomic,pipeline,ffn_sum/phase/14,16384,4124,3836,1824,-1536,True,38796,42920,0,22179,516,516,"[(4, 51, 48, 8, 41, 40, 7, 33, 32, 6, 21, 22, 0), (4, 53, 52, 3, 43, 40, 7, 33, 32, 6, 21, 22, 0)]",38755,42591,0,16852,516,516,"[(2, 26, 25, 0)]"
s64,request_atomic,pipeline,ffn_sum/phase/18,16384,3623,3485,-441,579,True,38796,42419,0,15444,516,516,"[(5, 20, 22, 0), (5, 25, 27, 0)]",38755,42240,0,15167,516,516,"[(5, 25, 0), (5, 40, 0)]"
s64,request_atomic,pipeline,ffn_sum/phase/2,16384,3611,4112,-2466,1965,True,38796,42407,0,14946,516,516,"[(1, 23, 22, 0), (1, 29, 28, 0)]",38755,42867,0,20604,516,516,"[(3, 30, 28, 2, 26, 25, 0), (3, 30, 29, 1, 22, 20, 0), (3, 32, 33, 2, 26, 25, 0)]"
s64,request_atomic,pipeline,ffn_sum/phase/22,16384,3635,4100,-453,-12,True,38796,42431,0,16338,516,516,"[(6, 21, 22, 0)]",38755,42855,0,20222,516,516,"[(8, 30, 28, 2, 26, 25, 0), (8, 30, 29, 1, 22, 20, 0), (8, 30, 29, 1, 42, 40, 0), (8, 50, 48, 2, 26, 25, 0)]"
s64,request_atomic,pipeline,ffn_sum/phase/26,16384,3911,3749,1186,-1024,True,38796,42707,0,17523,516,516,"[(7, 33, 32, 6, 21, 22, 0), (7, 71, 70, 6, 21, 22, 0)]",38755,42504,0,16132,516,516,"[(6, 27, 25, 0), (6, 42, 40, 0)]"
s64,request_atomic,pipeline,ffn_sum/phase/32,16384,2183,2279,-96,0,False,48808,50991,1536,51,516,516,"[(0, 22, 23, 1), (0, 28, 29, 1)]",48767,51046,1536,63,516,516,"[(0, 20, 22, 1, 29, 30, 3), (0, 25, 26, 2, 28, 30, 3), (0, 25, 27, 6, 29, 30, 3)]"
s64,request_atomic,pipeline,ffn_sum/phase/35,16384,2768,2716,52,0,False,48808,51576,0,18,516,516,"[(0, 22, 21, 6, 32, 35, 2), (0, 28, 29, 1, 34, 35, 2)]",48767,51483,0,44,516,516,"[(0, 20, 22, 1), (0, 25, 24, 1)]"
s64,request_atomic,pipeline,ffn_sum/phase/38,16384,3335,3317,18,0,False,48808,52143,0,51,516,516,"[(0, 22, 21, 6, 32, 33, 7, 40, 43, 3), (0, 28, 29, 1, 34, 33, 7, 40, 43, 3)]",48767,52084,0,51,516,516,"[(0, 25, 26, 2, 33, 34, 4), (0, 25, 26, 2, 53, 54, 4)]"
s64,request_atomic,pipeline,ffn_sum/phase/41,16384,3902,3758,144,0,False,48808,52710,0,51,516,516,"[(0, 22, 21, 6, 32, 33, 7, 40, 41, 8, 48, 51, 4), (0, 28, 29, 1, 34, 33, 7, 40, 41, 8, 48, 51, 4)]",48767,52525,0,51,516,516,"[(0, 25, 26, 2)]"
s64,request_atomic,pipeline,ffn_sum/phase/44,16384,4253,4255,-2,0,False,48808,53061,0,51,516,516,"[(0, 22, 20, 5), (0, 27, 25, 5)]",48767,53022,0,56,516,516,"[(0, 25, 5), (0, 40, 5)]"
s64,request_atomic,pipeline,ffn_sum/phase/47,16384,4777,4862,-85,0,False,48808,53585,0,51,516,516,"[(0, 22, 21, 6)]",48767,53629,0,67,516,516,"[(0, 20, 22, 1, 29, 30, 8), (0, 25, 26, 2, 28, 30, 8), (0, 25, 27, 6, 29, 30, 8)]"
s64,request_atomic,pipeline,ffn_sum/phase/50,16384,5344,5303,41,0,True,48808,54152,0,51,516,516,"[(0, 22, 21, 6, 32, 33, 7), (0, 28, 29, 1, 34, 33, 7)]",48767,54070,0,52,516,516,"[(0, 25, 27, 6), (0, 40, 42, 6)]"
s64,request_atomic,pipeline,ffn_sum/phase/6,16384,3899,3824,1099,-1024,True,38796,42695,0,18783,516,516,"[(2, 35, 32, 6, 21, 22, 0), (2, 37, 36, 1, 23, 22, 0)]",38755,42579,0,16069,516,516,"[(1, 22, 20, 0), (1, 24, 25, 0)]"
s64,request_atomic,bounded,attention_sum/phase/10,16384,5585,6172,-587,0,True,12508,18093,0,5567,516,516,"[(3, 43, 40, 7, 33, 32, 6, 21, 22, 0), (3, 45, 44, 2, 35, 32, 6, 21, 22, 0)]",12508,18680,0,6028,516,516,"[(4, 34, 33, 2, 26, 25, 0), (4, 54, 53, 2, 26, 25, 0)]"
s64,request_atomic,bounded,attention_sum/phase/14,16384,5660,3836,1824,0,True,12508,18168,0,6336,516,516,"[(4, 51, 48, 8, 41, 40, 7, 33, 32, 6, 21, 22, 0), (4, 53, 52, 3, 43, 40, 7, 33, 32, 6, 21, 22, 0)]",12508,16344,0,4103,516,516,"[(2, 26, 25, 0)]"
s64,request_atomic,bounded,attention_sum/phase/18,16384,3245,3686,-441,0,True,12508,15753,0,3946,516,516,"[(5, 20, 22, 0), (5, 25, 27, 0)]",12508,16194,0,3918,516,516,"[(5, 25, 0), (5, 40, 0)]"
s64,request_atomic,bounded,attention_sum/phase/2,16384,3182,5648,-2466,0,True,12508,15690,0,3773,516,516,"[(1, 23, 22, 0), (1, 29, 28, 0)]",12508,18156,0,4953,516,516,"[(3, 30, 28, 2, 26, 25, 0), (3, 30, 29, 1, 22, 20, 0), (3, 32, 33, 2, 26, 25, 0)]"
s64,request_atomic,bounded,attention_sum/phase/22,16384,4671,5124,-453,0,True,12508,17179,0,5555,516,516,"[(6, 21, 22, 0)]",12508,17632,0,4492,516,516,"[(8, 30, 28, 2, 26, 25, 0), (8, 30, 29, 1, 22, 20, 0), (8, 30, 29, 1, 42, 40, 0), (8, 50, 48, 2, 26, 25, 0)]"
s64,request_atomic,bounded,attention_sum/phase/26,16384,4935,3749,1186,0,True,12508,17443,0,5704,516,516,"[(7, 33, 32, 6, 21, 22, 0), (7, 71, 70, 6, 21, 22, 0)]",12508,16257,0,4040,516,516,"[(6, 27, 25, 0), (6, 42, 40, 0)]"
s64,request_atomic,bounded,attention_sum/phase/32,16384,2711,2803,-92,0,False,22520,25231,2064,51,516,516,"[(0, 22, 23, 1), (0, 28, 29, 1)]",22520,25323,2064,59,516,516,"[(0, 20, 22, 1, 29, 30, 3), (0, 25, 26, 2, 28, 30, 3), (0, 25, 27, 6, 29, 30, 3)]"
s64,request_atomic,bounded,attention_sum/phase/35,16384,3296,3244,52,0,False,22520,25816,0,18,516,516,"[(0, 22, 21, 6, 32, 35, 2), (0, 28, 29, 1, 34, 35, 2)]",22520,25764,0,44,516,516,"[(0, 20, 22, 1), (0, 25, 24, 1)]"
s64,request_atomic,bounded,attention_sum/phase/38,16384,3863,3845,18,0,False,22520,26383,0,51,516,516,"[(0, 22, 21, 6, 32, 33, 7, 40, 43, 3), (0, 28, 29, 1, 34, 33, 7, 40, 43, 3)]",22520,26365,0,51,516,516,"[(0, 25, 26, 2, 33, 34, 4), (0, 25, 26, 2, 53, 54, 4)]"
s64,request_atomic,bounded,attention_sum/phase/41,16384,4430,4286,144,0,False,22520,26950,0,51,516,516,"[(0, 22, 21, 6, 32, 33, 7, 40, 41, 8, 48, 51, 4), (0, 28, 29, 1, 34, 33, 7, 40, 41, 8, 48, 51, 4)]",22520,26806,0,51,516,516,"[(0, 25, 26, 2)]"
s64,request_atomic,bounded,attention_sum/phase/44,16384,5933,5935,-2,0,False,22520,28453,1152,51,516,516,"[(0, 22, 20, 5), (0, 27, 25, 5)]",22520,28455,1152,56,516,516,"[(0, 25, 5), (0, 40, 5)]"
s64,request_atomic,bounded,attention_sum/phase/47,16384,6457,6542,-85,0,False,22520,28977,0,51,516,516,"[(0, 22, 21, 6)]",22520,29062,0,67,516,516,"[(0, 20, 22, 1, 29, 30, 8), (0, 25, 26, 2, 28, 30, 8), (0, 25, 27, 6, 29, 30, 8)]"
s64,request_atomic,bounded,attention_sum/phase/50,16384,7280,7239,41,0,True,22520,29800,256,51,516,516,"[(0, 22, 21, 6, 32, 33, 7), (0, 28, 29, 1, 34, 33, 7)]",22520,29759,256,52,516,516,"[(0, 25, 27, 6), (0, 40, 42, 6)]"
s64,request_atomic,bounded,attention_sum/phase/6,16384,4923,3824,1099,0,True,12508,17431,0,4911,516,516,"[(2, 35, 32, 6, 21, 22, 0), (2, 37, 36, 1, 23, 22, 0)]",12508,16332,0,3816,516,516,"[(1, 22, 20, 0), (1, 24, 25, 0)]"
s64,request_atomic,bounded,ffn_sum/phase/10,16384,5585,6172,-587,0,True,38796,44381,0,5567,516,516,"[(3, 43, 40, 7, 33, 32, 6, 21, 22, 0), (3, 45, 44, 2, 35, 32, 6, 21, 22, 0)]",38755,44927,0,6028,516,516,"[(4, 34, 33, 2, 26, 25, 0), (4, 54, 53, 2, 26, 25, 0)]"
s64,request_atomic,bounded,ffn_sum/phase/14,16384,5660,3836,1824,0,True,38796,44456,0,6336,516,516,"[(4, 51, 48, 8, 41, 40, 7, 33, 32, 6, 21, 22, 0), (4, 53, 52, 3, 43, 40, 7, 33, 32, 6, 21, 22, 0)]",38755,42591,0,4103,516,516,"[(2, 26, 25, 0)]"
s64,request_atomic,bounded,ffn_sum/phase/18,16384,3245,3686,-441,0,True,38796,42041,0,3946,516,516,"[(5, 20, 22, 0), (5, 25, 27, 0)]",38755,42441,0,3918,516,516,"[(5, 25, 0), (5, 40, 0)]"
s64,request_atomic,bounded,ffn_sum/phase/2,16384,3182,5648,-2466,0,True,38796,41978,0,3773,516,516,"[(1, 23, 22, 0), (1, 29, 28, 0)]",38755,44403,0,4953,516,516,"[(3, 30, 28, 2, 26, 25, 0), (3, 30, 29, 1, 22, 20, 0), (3, 32, 33, 2, 26, 25, 0)]"
s64,request_atomic,bounded,ffn_sum/phase/22,16384,4671,5124,-453,0,True,38796,43467,0,5555,516,516,"[(6, 21, 22, 0)]",38755,43879,0,4492,516,516,"[(8, 30, 28, 2, 26, 25, 0), (8, 30, 29, 1, 22, 20, 0), (8, 30, 29, 1, 42, 40, 0), (8, 50, 48, 2, 26, 25, 0)]"
s64,request_atomic,bounded,ffn_sum/phase/26,16384,4935,3749,1186,0,True,38796,43731,0,5704,516,516,"[(7, 33, 32, 6, 21, 22, 0), (7, 71, 70, 6, 21, 22, 0)]",38755,42504,0,4040,516,516,"[(6, 27, 25, 0), (6, 42, 40, 0)]"
s64,request_atomic,bounded,ffn_sum/phase/32,16384,2183,2279,-96,0,False,48808,50991,1536,51,516,516,"[(0, 22, 23, 1), (0, 28, 29, 1)]",48767,51046,1536,63,516,516,"[(0, 20, 22, 1, 29, 30, 3), (0, 25, 26, 2, 28, 30, 3), (0, 25, 27, 6, 29, 30, 3)]"
s64,request_atomic,bounded,ffn_sum/phase/35,16384,2768,2716,52,0,False,48808,51576,0,18,516,516,"[(0, 22, 21, 6, 32, 35, 2), (0, 28, 29, 1, 34, 35, 2)]",48767,51483,0,44,516,516,"[(0, 20, 22, 1), (0, 25, 24, 1)]"
s64,request_atomic,bounded,ffn_sum/phase/38,16384,3335,3317,18,0,False,48808,52143,0,51,516,516,"[(0, 22, 21, 6, 32, 33, 7, 40, 43, 3), (0, 28, 29, 1, 34, 33, 7, 40, 43, 3)]",48767,52084,0,51,516,516,"[(0, 25, 26, 2, 33, 34, 4), (0, 25, 26, 2, 53, 54, 4)]"
s64,request_atomic,bounded,ffn_sum/phase/41,16384,3902,3758,144,0,False,48808,52710,0,51,516,516,"[(0, 22, 21, 6, 32, 33, 7, 40, 41, 8, 48, 51, 4), (0, 28, 29, 1, 34, 33, 7, 40, 41, 8, 48, 51, 4)]",48767,52525,0,51,516,516,"[(0, 25, 26, 2)]"
s64,request_atomic,bounded,ffn_sum/phase/44,16384,4253,4255,-2,0,False,48808,53061,0,51,516,516,"[(0, 22, 20, 5), (0, 27, 25, 5)]",48767,53022,0,56,516,516,"[(0, 25, 5), (0, 40, 5)]"
s64,request_atomic,bounded,ffn_sum/phase/47,16384,4777,4862,-85,0,False,48808,53585,0,51,516,516,"[(0, 22, 21, 6)]",48767,53629,0,67,516,516,"[(0, 20, 22, 1, 29, 30, 8), (0, 25, 26, 2, 28, 30, 8), (0, 25, 27, 6, 29, 30, 8)]"
s64,request_atomic,bounded,ffn_sum/phase/50,16384,5344,5303,41,0,True,48808,54152,0,51,516,516,"[(0, 22, 21, 6, 32, 33, 7), (0, 28, 29, 1, 34, 33, 7)]",48767,54070,0,52,516,516,"[(0, 25, 27, 6), (0, 40, 42, 6)]"
s64,request_atomic,bounded,ffn_sum/phase/6,16384,4923,3824,1099,0,True,38796,43719,0,4911,516,516,"[(2, 35, 32, 6, 21, 22, 0), (2, 37, 36, 1, 23, 22, 0)]",38755,42579,0,3816,516,516,"[(1, 22, 20, 0), (1, 24, 25, 0)]"
s64,burst_256,serial,attention_sum/phase/10,16384,4280,4278,-7,9,True,13516,17796,0,3054,512,512,"[(3, 43, 40, 7, 33, 32, 6, 21, 22, 0), (3, 43, 40, 7, 33, 34, 1, 23, 22, 0)]",13516,17794,0,3053,512,512,"[(4, 34, 33, 2, 26, 25, 0)]"
s64,burst_256,serial,attention_sum/phase/14,16384,4344,4158,480,-294,True,13516,17860,0,3068,512,512,"[(4, 51, 48, 8, 41, 40, 7, 33, 32, 6, 21, 22, 0)]",13516,17674,0,2992,512,512,"[(2, 26, 25, 0)]"
s64,burst_256,serial,attention_sum/phase/18,16384,4088,3974,-405,519,True,13516,17604,0,2950,512,512,"[(5, 20, 22, 0)]",13516,17490,0,2848,512,512,"[(5, 25, 0)]"
s64,burst_256,serial,attention_sum/phase/2,16384,4072,4302,-843,613,True,13516,17588,0,2936,512,512,"[(1, 23, 22, 0)]",13516,17818,0,3065,512,512,"[(3, 30, 29, 1, 22, 20, 0), (3, 30, 29, 1, 42, 40, 0), (3, 30, 29, 6, 27, 25, 0)]"
s64,burst_256,serial,attention_sum/phase/22,16384,4096,4294,-287,89,True,13516,17612,0,2952,512,512,"[(6, 21, 22, 0)]",13516,17810,0,3059,512,512,"[(8, 30, 29, 1, 22, 20, 0), (8, 30, 29, 1, 42, 40, 0), (8, 30, 29, 6, 27, 25, 0)]"
s64,burst_256,serial,attention_sum/phase/26,16384,4192,4150,227,-185,True,13516,17708,0,3017,512,512,"[(7, 33, 32, 6, 21, 22, 0)]",13516,17666,0,2988,512,512,"[(6, 27, 25, 0)]"
s64,burst_256,serial,attention_sum/phase/32,16384,4636,4728,-92,0,True,23612,28248,3528,0,512,512,"[(0, 22, 23, 1)]",23602,28330,3528,0,512,512,"[(0, 25, 26, 2, 28, 30, 3)]"
s64,burst_256,serial,attention_sum/phase/35,16384,4704,4670,46,-12,True,23612,28316,3536,0,512,512,"[(0, 28, 29, 1, 34, 35, 2)]",23602,28272,3536,0,512,512,"[(0, 20, 22, 1)]"
s64,burst_256,serial,attention_sum/phase/38,16384,4774,4772,18,-16,True,23612,28386,3544,0,512,512,"[(0, 28, 29, 1, 34, 33, 7, 40, 43, 3), (0, 28, 29, 1, 36, 37, 2, 42, 43, 3)]",23602,28374,3544,0,512,512,"[(0, 25, 26, 2, 33, 34, 4)]"
s64,burst_256,serial,attention_sum/phase/41,16384,4844,4714,144,-14,True,23612,28456,3552,0,512,512,"[(0, 28, 29, 1, 36, 37, 2, 42, 41, 8, 48, 51, 4), (0, 28, 29, 1, 36, 37, 2, 44, 45, 3, 50, 51, 4)]",23602,28316,3552,0,512,512,"[(0, 25, 26, 2)]"
s64,burst_256,serial,attention_sum/phase/44,16384,4710,4707,-2,5,True,23612,28322,3560,0,512,512,"[(0, 27, 25, 5)]",23602,28309,3560,0,512,512,"[(0, 40, 5)]"
s64,burst_256,serial,attention_sum/phase/47,16384,4735,4819,-85,1,True,23612,28347,3568,0,512,512,"[(0, 22, 21, 6)]",23602,28421,3568,0,512,512,"[(0, 40, 42, 1, 29, 30, 8)]"
s64,burst_256,serial,attention_sum/phase/50,16384,4803,4761,41,1,True,23612,28415,3576,0,512,512,"[(0, 22, 21, 6, 32, 33, 7), (0, 22, 23, 1, 34, 33, 7)]",23602,28363,3576,0,512,512,"[(0, 40, 42, 6)]"
s64,burst_256,serial,attention_sum/phase/6,16384,4216,4062,530,-376,True,13516,17732,0,3031,512,512,"[(2, 35, 32, 6, 21, 22, 0)]",13516,17578,0,2922,512,512,"[(1, 22, 20, 0)]"
s64,burst_256,serial,ffn_sum/phase/10,16384,4280,4278,-7,9,True,37452,41732,0,3054,512,512,"[(3, 43, 40, 7, 33, 32, 6, 21, 22, 0), (3, 43, 40, 7, 33, 34, 1, 23, 22, 0)]",37417,41695,0,3053,512,512,"[(4, 34, 33, 2, 26, 25, 0)]"
s64,burst_256,serial,ffn_sum/phase/14,16384,4344,4158,480,-294,True,37452,41796,0,3068,512,512,"[(4, 51, 48, 8, 41, 40, 7, 33, 32, 6, 21, 22, 0)]",37417,41575,0,2992,512,512,"[(2, 26, 25, 0)]"
s64,burst_256,serial,ffn_sum/phase/18,16384,4088,3974,-405,519,True,37452,41540,0,2950,512,512,"[(5, 20, 22, 0)]",37417,41391,0,2848,512,512,"[(5, 25, 0)]"
s64,burst_256,serial,ffn_sum/phase/2,16384,4072,4302,-843,613,True,37452,41524,0,2936,512,512,"[(1, 23, 22, 0)]",37417,41719,0,3065,512,512,"[(3, 30, 29, 1, 22, 20, 0), (3, 30, 29, 1, 42, 40, 0), (3, 30, 29, 6, 27, 25, 0)]"
s64,burst_256,serial,ffn_sum/phase/22,16384,4096,4294,-287,89,True,37452,41548,0,2952,512,512,"[(6, 21, 22, 0)]",37417,41711,0,3059,512,512,"[(8, 30, 29, 1, 22, 20, 0), (8, 30, 29, 1, 42, 40, 0), (8, 30, 29, 6, 27, 25, 0)]"
s64,burst_256,serial,ffn_sum/phase/26,16384,4192,4150,227,-185,True,37452,41644,0,3017,512,512,"[(7, 33, 32, 6, 21, 22, 0)]",37417,41567,0,2988,512,512,"[(6, 27, 25, 0)]"
s64,burst_256,serial,ffn_sum/phase/32,16384,4636,4728,-92,0,True,47548,52184,3528,0,512,512,"[(0, 22, 23, 1)]",47503,52231,3528,0,512,512,"[(0, 25, 26, 2, 28, 30, 3)]"
s64,burst_256,serial,ffn_sum/phase/35,16384,4704,4670,46,-12,True,47548,52252,3536,0,512,512,"[(0, 28, 29, 1, 34, 35, 2)]",47503,52173,3536,0,512,512,"[(0, 20, 22, 1)]"
s64,burst_256,serial,ffn_sum/phase/38,16384,4774,4772,18,-16,True,47548,52322,3544,0,512,512,"[(0, 28, 29, 1, 34, 33, 7, 40, 43, 3), (0, 28, 29, 1, 36, 37, 2, 42, 43, 3)]",47503,52275,3544,0,512,512,"[(0, 25, 26, 2, 33, 34, 4)]"
s64,burst_256,serial,ffn_sum/phase/41,16384,4844,4714,144,-14,True,47548,52392,3552,0,512,512,"[(0, 28, 29, 1, 36, 37, 2, 42, 41, 8, 48, 51, 4), (0, 28, 29, 1, 36, 37, 2, 44, 45, 3, 50, 51, 4)]",47503,52217,3552,0,512,512,"[(0, 25, 26, 2)]"
s64,burst_256,serial,ffn_sum/phase/44,16384,4710,4707,-2,5,True,47548,52258,3560,0,512,512,"[(0, 27, 25, 5)]",47503,52210,3560,0,512,512,"[(0, 40, 5)]"
s64,burst_256,serial,ffn_sum/phase/47,16384,4735,4819,-85,1,True,47548,52283,3568,0,512,512,"[(0, 22, 21, 6)]",47503,52322,3568,0,512,512,"[(0, 40, 42, 1, 29, 30, 8)]"
s64,burst_256,serial,ffn_sum/phase/50,16384,4803,4761,41,1,True,47548,52351,3576,0,512,512,"[(0, 22, 21, 6, 32, 33, 7), (0, 22, 23, 1, 34, 33, 7)]",47503,52264,3576,0,512,512,"[(0, 40, 42, 6)]"
s64,burst_256,serial,ffn_sum/phase/6,16384,4216,4062,530,-376,True,37452,41668,0,3031,512,512,"[(2, 35, 32, 6, 21, 22, 0)]",37417,41479,0,2922,512,512,"[(1, 22, 20, 0)]"
s64,burst_256,pipeline,attention_sum/phase/10,16384,3853,3852,-7,8,True,13516,17369,0,25423,516,516,"[(3, 43, 40, 7, 33, 32, 6, 21, 22, 0), (3, 45, 44, 2, 35, 32, 6, 21, 22, 0)]",13516,17368,0,25715,516,516,"[(4, 34, 33, 2, 26, 25, 0), (4, 54, 53, 2, 26, 25, 0)]"
s64,burst_256,pipeline,attention_sum/phase/14,16384,3860,3810,480,-430,True,13516,17376,0,25729,516,516,"[(4, 51, 48, 8, 41, 40, 7, 33, 32, 6, 21, 22, 0), (4, 53, 52, 3, 43, 40, 7, 33, 32, 6, 21, 22, 0)]",13516,17326,0,24363,516,516,"[(2, 26, 25, 0)]"
s64,burst_256,pipeline,attention_sum/phase/18,16384,3789,3789,-405,405,True,13516,17305,0,23137,516,516,"[(5, 20, 22, 0), (5, 25, 27, 0)]",13516,17305,0,23041,516,516,"[(5, 25, 0), (5, 40, 0)]"
s64,burst_256,pipeline,attention_sum/phase/2,16384,3782,3845,-843,780,True,13516,17298,0,23035,516,516,"[(1, 23, 22, 0), (1, 29, 28, 0)]",13516,17361,0,25659,516,516,"[(3, 30, 28, 2, 26, 25, 0), (3, 30, 29, 1, 22, 20, 0), (3, 32, 33, 2, 26, 25, 0)]"
s64,burst_256,pipeline,attention_sum/phase/22,16384,3803,3838,-287,252,True,13516,17319,0,23875,516,516,"[(6, 21, 22, 0)]",13516,17354,0,25625,516,516,"[(8, 30, 28, 2, 26, 25, 0), (8, 30, 29, 1, 22, 20, 0), (8, 30, 29, 1, 42, 40, 0), (8, 50, 48, 2, 26, 25, 0)]"
s64,burst_256,pipeline,attention_sum/phase/26,16384,3824,3803,227,-206,True,13516,17340,0,24698,516,516,"[(7, 33, 32, 6, 21, 22, 0), (7, 71, 70, 6, 21, 22, 0)]",13516,17319,0,23874,516,516,"[(6, 27, 25, 0), (6, 42, 40, 0)]"
s64,burst_256,pipeline,attention_sum/phase/32,16384,1151,1243,-92,0,False,23528,24679,520,24,516,516,"[(0, 22, 23, 1), (0, 28, 29, 1)]",23528,24771,520,24,516,516,"[(0, 20, 22, 1, 29, 30, 3), (0, 25, 26, 2, 28, 30, 3)]"
s64,burst_256,pipeline,attention_sum/phase/35,16384,2249,2203,46,0,False,23528,25777,503,14,516,516,"[(0, 22, 21, 6, 32, 35, 2), (0, 28, 29, 1, 34, 35, 2)]",23528,25731,503,25,516,516,"[(0, 20, 22, 1), (0, 25, 24, 1)]"
s64,burst_256,pipeline,attention_sum/phase/38,16384,3102,3084,18,0,False,23528,26630,296,24,516,516,"[(0, 22, 21, 6, 32, 33, 7, 40, 43, 3), (0, 28, 29, 1, 34, 33, 7, 40, 43, 3)]",23528,26612,296,24,516,516,"[(0, 25, 26, 2, 33, 34, 4), (0, 25, 26, 2, 53, 54, 4)]"
s64,burst_256,pipeline,attention_sum/phase/41,16384,4196,4052,144,0,False,23528,27724,527,24,516,516,"[(0, 22, 21, 6, 32, 33, 7, 40, 41, 8, 48, 51, 4), (0, 28, 29, 1, 34, 33, 7, 40, 43, 3, 50, 51, 4)]",23528,27580,527,24,516,516,"[(0, 25, 26, 2)]"
s64,burst_256,pipeline,attention_sum/phase/44,16384,4778,4780,-2,0,False,23528,28306,215,24,516,516,"[(0, 22, 20, 5), (0, 27, 25, 5)]",23528,28308,215,21,516,516,"[(0, 25, 5), (0, 40, 5)]"
s64,burst_256,pipeline,attention_sum/phase/47,16384,5302,5387,-85,0,False,23528,28830,0,24,516,516,"[(0, 22, 21, 6)]",23528,28915,0,32,516,516,"[(0, 20, 22, 1, 29, 30, 8), (0, 25, 26, 2, 28, 30, 8), (0, 25, 27, 6, 29, 30, 8)]"
s64,burst_256,pipeline,attention_sum/phase/50,16384,5869,5828,41,0,True,23528,29397,0,24,516,516,"[(0, 22, 21, 6, 32, 33, 7), (0, 28, 29, 1, 34, 33, 7)]",23528,29356,0,25,516,516,"[(0, 25, 27, 6), (0, 40, 42, 6)]"
s64,burst_256,pipeline,attention_sum/phase/6,16384,3831,3796,530,-495,True,13516,17347,0,25042,516,516,"[(2, 35, 32, 6, 21, 22, 0), (2, 37, 36, 1, 23, 22, 0)]",13516,17312,0,23780,516,516,"[(1, 22, 20, 0), (1, 24, 25, 0)]"
s64,burst_256,pipeline,ffn_sum/phase/10,16384,3853,3852,-7,8,True,38393,42246,0,25423,516,516,"[(3, 43, 40, 7, 33, 32, 6, 21, 22, 0), (3, 45, 44, 2, 35, 32, 6, 21, 22, 0)]",38352,42204,0,25715,516,516,"[(4, 34, 33, 2, 26, 25, 0), (4, 54, 53, 2, 26, 25, 0)]"
s64,burst_256,pipeline,ffn_sum/phase/14,16384,3860,3810,480,-430,True,38393,42253,0,25729,516,516,"[(4, 51, 48, 8, 41, 40, 7, 33, 32, 6, 21, 22, 0), (4, 53, 52, 3, 43, 40, 7, 33, 32, 6, 21, 22, 0)]",38352,42162,0,24363,516,516,"[(2, 26, 25, 0)]"
s64,burst_256,pipeline,ffn_sum/phase/18,16384,3789,3789,-405,405,True,38393,42182,0,23137,516,516,"[(5, 20, 22, 0), (5, 25, 27, 0)]",38352,42141,0,23041,516,516,"[(5, 25, 0), (5, 40, 0)]"
s64,burst_256,pipeline,ffn_sum/phase/2,16384,3782,3845,-843,780,True,38393,42175,0,23035,516,516,"[(1, 23, 22, 0), (1, 29, 28, 0)]",38352,42197,0,25659,516,516,"[(3, 30, 28, 2, 26, 25, 0), (3, 30, 29, 1, 22, 20, 0), (3, 32, 33, 2, 26, 25, 0)]"
s64,burst_256,pipeline,ffn_sum/phase/22,16384,3803,3838,-287,252,True,38393,42196,0,23875,516,516,"[(6, 21, 22, 0)]",38352,42190,0,25625,516,516,"[(8, 30, 28, 2, 26, 25, 0), (8, 30, 29, 1, 22, 20, 0), (8, 30, 29, 1, 42, 40, 0), (8, 50, 48, 2, 26, 25, 0)]"
s64,burst_256,pipeline,ffn_sum/phase/26,16384,3824,3803,227,-206,True,38393,42217,0,24698,516,516,"[(7, 33, 32, 6, 21, 22, 0), (7, 71, 70, 6, 21, 22, 0)]",38352,42155,0,23874,516,516,"[(6, 27, 25, 0), (6, 42, 40, 0)]"
s64,burst_256,pipeline,ffn_sum/phase/32,16384,1151,1243,-92,0,False,48405,49556,520,24,516,516,"[(0, 22, 23, 1), (0, 28, 29, 1)]",48364,49607,520,24,516,516,"[(0, 20, 22, 1, 29, 30, 3), (0, 25, 26, 2, 28, 30, 3)]"
s64,burst_256,pipeline,ffn_sum/phase/35,16384,2249,2203,46,0,False,48405,50654,503,14,516,516,"[(0, 22, 21, 6, 32, 35, 2), (0, 28, 29, 1, 34, 35, 2)]",48364,50567,503,25,516,516,"[(0, 20, 22, 1), (0, 25, 24, 1)]"
s64,burst_256,pipeline,ffn_sum/phase/38,16384,3102,3084,18,0,False,48405,51507,296,24,516,516,"[(0, 22, 21, 6, 32, 33, 7, 40, 43, 3), (0, 28, 29, 1, 34, 33, 7, 40, 43, 3)]",48364,51448,296,24,516,516,"[(0, 25, 26, 2, 33, 34, 4), (0, 25, 26, 2, 53, 54, 4)]"
s64,burst_256,pipeline,ffn_sum/phase/41,16384,3900,3756,144,0,False,48405,52305,215,24,516,516,"[(0, 22, 21, 6, 32, 33, 7, 40, 41, 8, 48, 51, 4), (0, 28, 29, 1, 34, 33, 7, 40, 41, 8, 48, 51, 4)]",48364,52120,215,24,516,516,"[(0, 25, 26, 2)]"
s64,burst_256,pipeline,ffn_sum/phase/44,16384,4251,4253,-2,0,False,48405,52656,0,24,516,516,"[(0, 22, 20, 5), (0, 27, 25, 5)]",48364,52617,0,21,516,516,"[(0, 25, 5), (0, 40, 5)]"
s64,burst_256,pipeline,ffn_sum/phase/47,16384,4775,4860,-85,0,False,48405,53180,0,24,516,516,"[(0, 22, 21, 6)]",48364,53224,0,32,516,516,"[(0, 20, 22, 1, 29, 30, 8), (0, 25, 26, 2, 28, 30, 8), (0, 25, 27, 6, 29, 30, 8)]"
s64,burst_256,pipeline,ffn_sum/phase/50,16384,5342,5301,41,0,True,48405,53747,0,24,516,516,"[(0, 22, 21, 6, 32, 33, 7), (0, 28, 29, 1, 34, 33, 7)]",48364,53665,0,25,516,516,"[(0, 25, 27, 6), (0, 40, 42, 6)]"
s64,burst_256,pipeline,ffn_sum/phase/6,16384,3831,3796,530,-495,True,38393,42224,0,25042,516,516,"[(2, 35, 32, 6, 21, 22, 0), (2, 37, 36, 1, 23, 22, 0)]",38352,42148,0,23780,516,516,"[(1, 22, 20, 0), (1, 24, 25, 0)]"
s64,burst_256,bounded,attention_sum/phase/10,16384,4349,4356,-7,0,True,13516,17865,0,4151,516,516,"[(3, 43, 40, 7, 33, 32, 6, 21, 22, 0), (3, 45, 44, 2, 35, 32, 6, 21, 22, 0)]",13516,17872,0,3929,516,516,"[(4, 34, 33, 2, 26, 25, 0), (4, 54, 53, 2, 26, 25, 0)]"
s64,burst_256,bounded,attention_sum/phase/14,16384,4476,3996,480,0,True,13516,17992,0,4176,516,516,"[(4, 51, 48, 8, 41, 40, 7, 33, 32, 6, 21, 22, 0), (4, 53, 52, 3, 43, 40, 7, 33, 32, 6, 21, 22, 0)]",13516,17512,0,3922,516,516,"[(2, 26, 25, 0)]"
s64,burst_256,bounded,attention_sum/phase/18,16384,3545,3950,-405,0,True,13516,17061,0,3844,516,516,"[(5, 20, 22, 0), (5, 25, 27, 0)]",13516,17466,0,3795,516,516,"[(5, 25, 0), (5, 40, 0)]"
s64,burst_256,bounded,attention_sum/phase/2,16384,3418,4261,-843,0,True,13516,16934,0,3880,516,516,"[(1, 23, 22, 0), (1, 29, 28, 0)]",13516,17777,0,3958,516,516,"[(3, 30, 28, 2, 26, 25, 0), (3, 30, 29, 1, 22, 20, 0), (3, 32, 33, 2, 26, 25, 0)]"
s64,burst_256,bounded,attention_sum/phase/22,16384,3951,4238,-287,0,True,13516,17467,0,3949,516,516,"[(6, 21, 22, 0)]",13516,17754,0,3943,516,516,"[(8, 30, 28, 2, 26, 25, 0), (8, 30, 29, 1, 22, 20, 0), (8, 30, 29, 1, 42, 40, 0), (8, 50, 48, 2, 26, 25, 0)]"
s64,burst_256,bounded,attention_sum/phase/26,16384,4208,3981,227,0,True,13516,17724,0,4066,516,516,"[(7, 33, 32, 6, 21, 22, 0), (7, 71, 70, 6, 21, 22, 0)]",13516,17497,0,3910,516,516,"[(6, 27, 25, 0), (6, 42, 40, 0)]"
s64,burst_256,bounded,attention_sum/phase/32,16384,1151,1243,-92,0,False,23528,24679,520,24,516,516,"[(0, 22, 23, 1), (0, 28, 29, 1)]",23528,24771,520,24,516,516,"[(0, 20, 22, 1, 29, 30, 3), (0, 25, 26, 2, 28, 30, 3)]"
s64,burst_256,bounded,attention_sum/phase/35,16384,2249,2203,46,0,False,23528,25777,503,14,516,516,"[(0, 22, 21, 6, 32, 35, 2), (0, 28, 29, 1, 34, 35, 2)]",23528,25731,503,25,516,516,"[(0, 20, 22, 1), (0, 25, 24, 1)]"
s64,burst_256,bounded,attention_sum/phase/38,16384,3102,3084,18,0,False,23528,26630,296,24,516,516,"[(0, 22, 21, 6, 32, 33, 7, 40, 43, 3), (0, 28, 29, 1, 34, 33, 7, 40, 43, 3)]",23528,26612,296,24,516,516,"[(0, 25, 26, 2, 33, 34, 4), (0, 25, 26, 2, 53, 54, 4)]"
s64,burst_256,bounded,attention_sum/phase/41,16384,4196,4052,144,0,False,23528,27724,527,24,516,516,"[(0, 22, 21, 6, 32, 33, 7, 40, 41, 8, 48, 51, 4), (0, 28, 29, 1, 34, 33, 7, 40, 43, 3, 50, 51, 4)]",23528,27580,527,24,516,516,"[(0, 25, 26, 2)]"
s64,burst_256,bounded,attention_sum/phase/44,16384,4778,4780,-2,0,False,23528,28306,215,24,516,516,"[(0, 22, 20, 5), (0, 27, 25, 5)]",23528,28308,215,21,516,516,"[(0, 25, 5), (0, 40, 5)]"
s64,burst_256,bounded,attention_sum/phase/47,16384,5302,5387,-85,0,False,23528,28830,0,24,516,516,"[(0, 22, 21, 6)]",23528,28915,0,32,516,516,"[(0, 20, 22, 1, 29, 30, 8), (0, 25, 26, 2, 28, 30, 8), (0, 25, 27, 6, 29, 30, 8)]"
s64,burst_256,bounded,attention_sum/phase/50,16384,5869,5828,41,0,True,23528,29397,0,24,516,516,"[(0, 22, 21, 6, 32, 33, 7), (0, 28, 29, 1, 34, 33, 7)]",23528,29356,0,25,516,516,"[(0, 25, 27, 6), (0, 40, 42, 6)]"
s64,burst_256,bounded,attention_sum/phase/6,16384,4215,3685,530,0,True,13516,17731,0,4100,516,516,"[(2, 35, 32, 6, 21, 22, 0), (2, 37, 36, 1, 23, 22, 0)]",13516,17201,0,3905,516,516,"[(1, 22, 20, 0), (1, 24, 25, 0)]"
s64,burst_256,bounded,ffn_sum/phase/10,16384,4349,4356,-7,0,True,38393,42742,0,4151,516,516,"[(3, 43, 40, 7, 33, 32, 6, 21, 22, 0), (3, 45, 44, 2, 35, 32, 6, 21, 22, 0)]",38352,42708,0,3929,516,516,"[(4, 34, 33, 2, 26, 25, 0), (4, 54, 53, 2, 26, 25, 0)]"
s64,burst_256,bounded,ffn_sum/phase/14,16384,4476,3996,480,0,True,38393,42869,0,4176,516,516,"[(4, 51, 48, 8, 41, 40, 7, 33, 32, 6, 21, 22, 0), (4, 53, 52, 3, 43, 40, 7, 33, 32, 6, 21, 22, 0)]",38352,42348,0,3922,516,516,"[(2, 26, 25, 0)]"
s64,burst_256,bounded,ffn_sum/phase/18,16384,3545,3950,-405,0,True,38393,41938,0,3844,516,516,"[(5, 20, 22, 0), (5, 25, 27, 0)]",38352,42302,0,3795,516,516,"[(5, 25, 0), (5, 40, 0)]"
s64,burst_256,bounded,ffn_sum/phase/2,16384,3418,4261,-843,0,True,38393,41811,0,3880,516,516,"[(1, 23, 22, 0), (1, 29, 28, 0)]",38352,42613,0,3958,516,516,"[(3, 30, 28, 2, 26, 25, 0), (3, 30, 29, 1, 22, 20, 0), (3, 32, 33, 2, 26, 25, 0)]"
s64,burst_256,bounded,ffn_sum/phase/22,16384,3951,4238,-287,0,True,38393,42344,0,3949,516,516,"[(6, 21, 22, 0)]",38352,42590,0,3943,516,516,"[(8, 30, 28, 2, 26, 25, 0), (8, 30, 29, 1, 22, 20, 0), (8, 30, 29, 1, 42, 40, 0), (8, 50, 48, 2, 26, 25, 0)]"
s64,burst_256,bounded,ffn_sum/phase/26,16384,4208,3981,227,0,True,38393,42601,0,4066,516,516,"[(7, 33, 32, 6, 21, 22, 0), (7, 71, 70, 6, 21, 22, 0)]",38352,42333,0,3910,516,516,"[(6, 27, 25, 0), (6, 42, 40, 0)]"
s64,burst_256,bounded,ffn_sum/phase/32,16384,1151,1243,-92,0,False,48405,49556,520,24,516,516,"[(0, 22, 23, 1), (0, 28, 29, 1)]",48364,49607,520,24,516,516,"[(0, 20, 22, 1, 29, 30, 3), (0, 25, 26, 2, 28, 30, 3)]"
s64,burst_256,bounded,ffn_sum/phase/35,16384,2249,2203,46,0,False,48405,50654,503,14,516,516,"[(0, 22, 21, 6, 32, 35, 2), (0, 28, 29, 1, 34, 35, 2)]",48364,50567,503,25,516,516,"[(0, 20, 22, 1), (0, 25, 24, 1)]"
s64,burst_256,bounded,ffn_sum/phase/38,16384,3102,3084,18,0,False,48405,51507,296,24,516,516,"[(0, 22, 21, 6, 32, 33, 7, 40, 43, 3), (0, 28, 29, 1, 34, 33, 7, 40, 43, 3)]",48364,51448,296,24,516,516,"[(0, 25, 26, 2, 33, 34, 4), (0, 25, 26, 2, 53, 54, 4)]"
s64,burst_256,bounded,ffn_sum/phase/41,16384,3900,3756,144,0,False,48405,52305,215,24,516,516,"[(0, 22, 21, 6, 32, 33, 7, 40, 41, 8, 48, 51, 4), (0, 28, 29, 1, 34, 33, 7, 40, 41, 8, 48, 51, 4)]",48364,52120,215,24,516,516,"[(0, 25, 26, 2)]"
s64,burst_256,bounded,ffn_sum/phase/44,16384,4251,4253,-2,0,False,48405,52656,0,24,516,516,"[(0, 22, 20, 5), (0, 27, 25, 5)]",48364,52617,0,21,516,516,"[(0, 25, 5), (0, 40, 5)]"
s64,burst_256,bounded,ffn_sum/phase/47,16384,4775,4860,-85,0,False,48405,53180,0,24,516,516,"[(0, 22, 21, 6)]",48364,53224,0,32,516,516,"[(0, 20, 22, 1, 29, 30, 8), (0, 25, 26, 2, 28, 30, 8), (0, 25, 27, 6, 29, 30, 8)]"
s64,burst_256,bounded,ffn_sum/phase/50,16384,5342,5301,41,0,True,48405,53747,0,24,516,516,"[(0, 22, 21, 6, 32, 33, 7), (0, 28, 29, 1, 34, 33, 7)]",48364,53665,0,25,516,516,"[(0, 25, 27, 6), (0, 40, 42, 6)]"
s64,burst_256,bounded,ffn_sum/phase/6,16384,4215,3685,530,0,True,38393,42608,0,4100,516,516,"[(2, 35, 32, 6, 21, 22, 0), (2, 37, 36, 1, 23, 22, 0)]",38352,42037,0,3905,516,516,"[(1, 22, 20, 0), (1, 24, 25, 0)]"
