side,workers,layout,model,application_cycles,compute_macs,aggregate_macs_per_cycle,per_worker_macs_per_cycle,compute_chain,memory_chain,network_chain,capacity_chain,capacity_wait_sum_cycles,mean_dram_c2c_distance,max_controller_payload_bytes,logical_messages,native_messages,native_flits,native_link_events,service_events,phase_events,lifecycle_events,padded_byte_hops,max_injection_wait,reference_cycles,error_cycles,error_percent,weak_scaling_time_ratio
4,16,local,U0,14963,16777216,1121.2468087950278,70.07792554968924,4096,7381,3486,0,0,0.0,147456,114,18,4353,7937,324,422,96,507968,0,23903,-8940,-37.401163033928796,1.0
4,16,local,U1,21596,16777216,776.8668271902204,48.554176699388776,4096,14014,3486,0,0,0.0,147456,114,18,4353,7937,324,422,96,507968,0,23903,-2307,-9.651508178889678,1.0
4,16,local,S,23903,16777216,701.8874618248756,43.86796636405472,4096,14014,5793,0,0,0.0,147456,114,114,41265,44849,324,422,96,2870336,0,23903,0,0.0,1.0
4,16,clustered_local,U0,14963,16777216,1121.2468087950278,70.07792554968924,4096,7381,3486,0,0,1.0,589824,114,18,4353,7937,324,422,96,507968,0,30645,-15682,-51.17311143742862,1.0
4,16,clustered_local,U1,28102,16777216,597.0114582591987,37.313216141199916,4096,21094,2912,0,0,1.0,589824,114,18,4353,7937,324,422,96,507968,0,30645,-2543,-8.298254201337906,1.0
4,16,clustered_local,S,30645,16777216,547.469929841736,34.2168706151085,4096,21094,5455,0,0,1.0,589824,114,114,41265,81761,324,422,96,5232704,36,30645,0,0.0,1.0
4,16,remote_balanced,U0,14963,16777216,1121.2468087950278,70.07792554968924,4096,7381,3486,0,0,2.0,147456,114,18,4353,7937,324,422,96,507968,0,27096,-12133,-44.77782698553292,1.0
4,16,remote_balanced,U1,21596,16777216,776.8668271902204,48.554176699388776,4096,14014,3486,0,0,2.0,147456,114,18,4353,7937,324,422,96,507968,0,27096,-5500,-20.298198996161798,1.0
4,16,remote_balanced,S,27096,16777216,619.1768526719811,38.69855329199882,4096,12902,10098,0,0,2.0,147456,114,114,41265,118673,324,422,96,7595072,0,27096,0,0.0,1.0
6,36,local,U0,14808,37748736,2549.2123176661266,70.81145326850351,4096,7225,3487,0,0,0.0,147456,254,38,9473,18177,724,942,216,1163328,0,23903,-9095,-38.04961720286156,0.9896411147497159
6,36,local,U1,21596,37748736,1747.950361177996,48.554176699388776,4096,14014,3486,0,0,0.0,147456,254,38,9473,18177,724,942,216,1163328,0,23903,-2307,-9.651508178889678,1.0
6,36,local,S,23903,37748736,1579.24678910597,43.86796636405472,4096,14014,5793,0,0,0.0,147456,254,254,92525,101229,724,942,216,6478656,0,23903,0,0.0,1.0
6,36,clustered_local,U0,14808,37748736,2549.2123176661266,70.81145326850351,4096,7225,3487,0,0,1.0,589824,254,38,9473,18177,724,942,216,1163328,0,30645,-15837,-51.678903573176704,0.9896411147497159
6,36,clustered_local,U1,28102,37748736,1343.275781083197,37.313216141199916,4096,21094,2912,0,0,1.0,589824,254,38,9473,18177,724,942,216,1163328,0,30645,-2543,-8.298254201337906,1.0
6,36,clustered_local,S,30645,37748736,1231.807342143906,34.2168706151085,4096,21094,5455,0,0,1.0,589824,254,254,92525,184281,724,942,216,11793984,36,30645,0,0.0,1.0
6,36,remote_balanced,U0,14808,37748736,2549.2123176661266,70.81145326850351,4096,7225,3487,0,0,3.0,147456,254,38,9473,18177,724,942,216,1163328,0,31303,-16495,-52.694629907676585,0.9896411147497159
6,36,remote_balanced,U1,21596,37748736,1747.950361177996,48.554176699388776,4096,14014,3486,0,0,3.0,147456,254,38,9473,18177,724,942,216,1163328,0,31303,-9707,-31.009807366706067,1.0
6,36,remote_balanced,S,31303,37748736,1205.9143213110565,33.49762003641823,4096,12902,14305,0,0,3.0,147456,254,254,92525,350385,724,942,216,22424640,0,31303,0,0.0,1.1552627694124593
7,49,local,U0,14772,51380224,3478.2171676144058,70.98402382886542,4096,7189,3487,0,0,0.0,147456,345,51,12801,24833,984,1280,294,1589312,0,23903,-9131,-38.20022591306531,0.9872351801109404
7,49,local,U1,21596,51380224,2379.15465827005,48.55417669938877,4096,14014,3486,0,0,0.0,147456,345,51,12801,24833,984,1280,294,1589312,0,23903,-2307,-9.651508178889678,1.0
7,49,local,S,23903,51380224,2149.5303518386813,43.86796636405472,4096,14014,5793,0,0,0.0,147456,345,345,125844,137876,984,1280,294,8824064,0,23903,0,0.0,1.0
7,49,clustered_local,U0,14772,51380224,3478.2171676144058,70.98402382886542,4096,7189,3487,0,0,0.8571428571428571,589824,345,51,12801,24833,984,1280,294,1589312,0,28980,-14208,-49.02691511387164,0.9872351801109404
7,49,clustered_local,U1,26180,51380224,1962.5754010695186,40.05255920550038,4096,19046,3038,0,0,0.8571428571428571,589824,345,51,12801,24833,984,1280,294,1589312,0,28980,-2800,-9.661835748792269,0.9316062913671624
7,49,clustered_local,S,28980,51380224,1772.9545893719808,36.18274672187716,4096,19046,5838,0,0,0.8571428571428571,589824,345,345,125844,234770,984,1280,294,15025280,0,28980,0,0.0,0.9456681350954479
7,49,remote_balanced,U0,14772,51380224,3478.2171676144058,70.98402382886542,4096,7189,3487,0,0,3.4285714285714284,147456,345,51,12801,24833,984,1280,294,1589312,0,32298,-17526,-54.26342188370796,0.9872351801109404
7,49,remote_balanced,U1,21596,51380224,2379.15465827005,48.55417669938877,4096,14014,3486,0,0,3.4285714285714284,147456,345,51,12801,24833,984,1280,294,1589312,0,32298,-10702,-33.13517864883274,1.0
7,49,remote_balanced,S,32298,51380224,1590.8175119202429,32.465663508576384,4096,12902,15300,0,0,3.4285714285714284,147456,345,345,125844,525452,984,1280,294,33628928,0,32298,0,0.0,1.1919840566873339
