side,workers,layout,model,samples,graph_binding_preparation_median_seconds,graph_binding_preparation_min_seconds,graph_binding_preparation_max_seconds,network_configuration_median_seconds,network_configuration_min_seconds,network_configuration_max_seconds,network_initialization_median_seconds,network_initialization_min_seconds,network_initialization_max_seconds,execution_median_seconds,execution_min_seconds,execution_max_seconds,network_close_serialization_median_seconds,network_close_serialization_min_seconds,network_close_serialization_max_seconds,result_serialization_median_seconds,result_serialization_min_seconds,result_serialization_max_seconds,independent_audit_median_seconds,independent_audit_min_seconds,independent_audit_max_seconds,execution_python_cpu_median_seconds,native_total_cpu_seconds_median,native_peak_rss_kib_median,python_lifetime_peak_rss_kib_median,native_replay_seconds
4,16,local,U0,3,0.014156725257635117,0.014082384295761585,0.014251934830099344,0.3212516410276294,0.320806295145303,0.3288248758763075,0.021475380286574364,0.02132048597559333,0.021690418012440205,0.16336262598633766,0.1632278016768396,0.16487533692270517,0.034369150176644325,0.03427556995302439,0.03438321268185973,0.02085720980539918,0.020780221559107304,0.0209745392203331,0.023359034210443497,0.02329386305063963,0.023447887040674686,0.06279299999999999,0.118212,17440,89324,0.5414879349991679
4,16,local,U1,3,0.012986088637262583,0.012957282830029726,0.013016679789870977,0.32012934191152453,0.31951538007706404,0.3208225052803755,0.021515028085559607,0.021369481924921274,0.02152748918160796,0.1581034930422902,0.15781247708946466,0.15995690785348415,0.03428088501095772,0.03423068718984723,0.03448677668347955,0.022073445841670036,0.02191906003281474,0.022901364602148533,0.022725744172930717,0.022443910129368305,0.02300144638866186,0.061232000000000064,0.11509699999999999,25920,89360,0.2098730462603271
4,16,local,S,3,0.013085754122585058,0.013019246980547905,0.013177201617509127,0.32080229884013534,0.31970037007704377,0.32092826534062624,0.022197067737579346,0.022132407873868942,0.027882374823093414,0.9409964610822499,0.9409494628198445,0.941231049131602,0.2615884612314403,0.2606500191614032,0.2620893148705363,0.1453092866577208,0.14497671509161592,0.1457350691780448,0.4596100030466914,0.4522223169915378,0.4600183037109673,0.3056089999999999,0.7625029999999999,118596,135876,1.2620756160467863
4,16,clustered_local,U0,3,0.014171745162457228,0.014171655755490065,0.014211549889296293,0.3206116948276758,0.3202850790694356,0.3207397684454918,0.021527040284126997,0.021513968240469694,0.021652663126587868,0.16302492003887892,0.1625393209978938,0.16353097837418318,0.03447576006874442,0.034157609567046165,0.03462964715436101,0.02092276280745864,0.02090156590566039,0.021002484019845724,0.02348305331543088,0.023465174715965986,0.02374671818688512,0.06281800000000004,0.117837,17440,89320,0.21952150808647275
4,16,clustered_local,U1,3,0.01322886673733592,0.01309156371280551,0.013354758266359568,0.3208387391641736,0.3207776416093111,0.32255738181993365,0.021509171929210424,0.021429636050015688,0.021539488341659307,0.16189198475331068,0.16189186787232757,0.16260096710175276,0.034533221274614334,0.03435283759608865,0.03455910086631775,0.021708822809159756,0.021686504129320383,0.021853888873010874,0.023581878282129765,0.02344030886888504,0.023789860773831606,0.0627319999999999,0.115784,17888,89384,0.21566959796473384
4,16,clustered_local,S,3,0.01308589382097125,0.013047493062913418,0.013122765813022852,0.3202585969120264,0.319377101957798,0.3208105848170817,0.021412091329693794,0.021403926890343428,0.02157231466844678,1.2058451301418245,1.1992400749586523,1.2108267489820719,0.30095813889056444,0.2981159230694175,0.30280677508562803,0.18304552184417844,0.18008926138281822,0.1832389747723937,0.4252049932256341,0.42238546488806605,0.4336674748919904,0.332669,0.993831,99212,136624,1.5098528512753546
4,16,remote_balanced,U0,3,0.014444686938077211,0.014299223199486732,0.014447024092078209,0.31905922992154956,0.3188621811568737,0.3278626101091504,0.021592125296592712,0.021412097848951817,0.02172027574852109,0.1637056372128427,0.16299905674532056,0.16502023208886385,0.03441059682518244,0.034095709677785635,0.03448410192504525,0.02100964868441224,0.02097339602187276,0.021296598948538303,0.023575601167976856,0.023459388874471188,0.023685715161263943,0.06281900000000007,0.118531,17440,89176,0.21423147805035114
4,16,remote_balanced,U1,3,0.013178227003663778,0.0131621272303164,0.01342293294146657,0.3205302571877837,0.3194317892193794,0.3281435798853636,0.02160089323297143,0.02156044589355588,0.021658439189195633,0.15908980509266257,0.1589408009313047,0.16917409701272845,0.03431107010692358,0.0343072940595448,0.03573077730834484,0.02229724684730172,0.021995075047016144,0.023020845837891102,0.02281623287126422,0.022512611001729965,0.02571797091513872,0.06146799999999997,0.115892,25920,89420,0.21214536484330893
4,16,remote_balanced,S,3,0.0133474450558424,0.013290383853018284,0.013417894951999187,0.3210123390890658,0.3206223212182522,0.3239123849198222,0.021479845978319645,0.02143933204934001,0.021756424102932215,1.4999065757729113,1.485818917863071,1.5013265488669276,0.38994328770786524,0.38779116002842784,0.3903810968622565,0.22756668599322438,0.2259380309842527,0.22782134916633368,0.7021392374299467,0.6887651490978897,0.7021530149504542,0.38712100000000005,1.31496,136028,147624,1.910767626017332
6,36,local,U0,3,0.032256731763482094,0.03222727496176958,0.03259509103372693,0.3211870542727411,0.3209457229822874,0.3297470402903855,0.021061823703348637,0.020846910774707794,0.02113672997802496,0.45770272985100746,0.45573052391409874,0.46339218504726887,0.07309256820008159,0.07292637601494789,0.07324728090316057,0.04949430422857404,0.04896978195756674,0.049738992005586624,0.05278997402638197,0.052381488028913736,0.0533352131024003,0.1514629999999999,0.34718799999999994,33008,99264,0.5231313202530146
6,36,local,U1,3,0.02994450507685542,0.02990089962258935,0.030066885985434055,0.321723076980561,0.3209498873911798,0.3225945741869509,0.021020561922341585,0.020757789257913828,0.021178299095481634,0.45255957916378975,0.4513830142095685,0.4574623219668865,0.07351540075615048,0.07303161779418588,0.07371692033484578,0.0533321900293231,0.05299718817695975,0.05348773580044508,0.05476297391578555,0.054664322175085545,0.056684764102101326,0.155926,0.341341,57600,101216,0.5012360219843686
6,36,local,S,3,0.0298255137167871,0.02974142413586378,0.030070883687585592,0.3256449890322983,0.3205376313999295,0.3292542169801891,0.021624130196869373,0.020766567904502153,0.02253378089517355,2.6351677081547678,2.6324098906479776,2.6705599231645465,0.5591625208035111,0.5590593060478568,0.5600813641212881,0.35135901626199484,0.3497629100456834,0.3519888436421752,0.7893946273252368,0.7764284061267972,0.7934820028021932,0.9403359999999998,2.0268,279228,202488,2.9965584138408303
6,36,clustered_local,U0,3,0.032370425760746,0.03218149999156594,0.0328268357552588,0.32455543195828795,0.32323008915409446,0.32531594298779964,0.02105002384632826,0.020989601034671068,0.022065896075218916,0.45789561327546835,0.4565480290912092,0.45858930284157395,0.07322297105565667,0.07291960902512074,0.07343472726643085,0.04929189244285226,0.048776691313833,0.049357828218489885,0.05130601208657026,0.05110082495957613,0.05146870808675885,0.15118199999999993,0.347708,33008,98096,0.5441095549613237
6,36,clustered_local,U1,3,0.030093963257968426,0.030044735874980688,0.03017049189656973,0.3206905610859394,0.32009021006524563,0.32234525214880705,0.02098062029108405,0.020917043089866638,0.021250045392662287,0.4422940290533006,0.44136575888842344,0.44540337612852454,0.07322369702160358,0.07237407006323338,0.07390131708234549,0.05356337921693921,0.052676358725875616,0.05360628431662917,0.05396534316241741,0.05395667813718319,0.054416322614997625,0.15379200000000004,0.32628199999999996,35576,99560,0.48820480797439814
6,36,clustered_local,S,3,0.030091927852481604,0.02993735997006297,0.030221595894545317,0.3200081968680024,0.3190421452745795,0.32048809714615345,0.0210040882229805,0.02097340440377593,0.022186447866261005,2.960333861410618,2.9435679521411657,2.981940049212426,0.6345386658795178,0.6323468280024827,0.6359971002675593,0.43286406714469194,0.4296071049757302,0.4333038958720863,1.0048566488549113,0.9968818621709943,1.0072327270172536,0.8058139999999999,2.495592,222624,208936,3.497865444049239
6,36,remote_balanced,U0,3,0.03307375265285373,0.0330544370226562,0.03341359691694379,0.32114027813076973,0.3207294698804617,0.3218889986164868,0.020835502073168755,0.020777470897883177,0.020910056307911873,0.4572894531302154,0.4560918458737433,0.4593937280587852,0.07324996683746576,0.07292693480849266,0.07341248216107488,0.0486353631131351,0.048557867761701345,0.04876496596261859,0.052460059989243746,0.05238980473950505,0.052589848171919584,0.15137100000000014,0.346859,33012,99116,0.5074236011132598
6,36,remote_balanced,U1,3,0.030523071996867657,0.030447904020547867,0.030772305093705654,0.321919163223356,0.31961590703576803,0.3228846895508468,0.02078701602295041,0.02078490285202861,0.020821102894842625,0.45286132488399744,0.45279141888022423,0.45468226727098227,0.07297091884538531,0.07286378601565957,0.07316155638545752,0.05303043918684125,0.05278519727289677,0.05310847703367472,0.05469698505476117,0.05467107426375151,0.0552198039367795,0.15631699999999993,0.341924,57600,101364,0.5251695709303021
6,36,remote_balanced,S,3,0.030671596992760897,0.030660525895655155,0.030703866854310036,0.3213496981188655,0.3208575118333101,0.3219215921126306,0.020781896077096462,0.020776419900357723,0.020909110084176064,4.6339840311557055,4.633727420121431,4.639844025019556,1.046999039594084,0.9959400407969952,1.0500760287977755,0.5942648048512638,0.5926067330874503,0.5958923762664199,1.3995120977051556,1.3995063779875636,1.4021088969893754,1.1129319999999998,4.1432389999999995,337568,258556,5.61415720032528
7,49,local,U0,3,0.043610384687781334,0.043502075131982565,0.044280807953327894,0.32306665275245905,0.32002516416832805,0.32967844186350703,0.021570355631411076,0.02090725488960743,0.021665514912456274,0.7542005041614175,0.753393807914108,0.7755350801162422,0.11986817326396704,0.0877155251801014,0.12120111612603068,0.0679421559907496,0.06757965730503201,0.07226491486653686,0.10156378988176584,0.10149433836340904,0.10244834562763572,0.22504899999999994,0.587757,43780,104536,0.7746864510700107
7,49,local,U1,3,0.040832681115716696,0.040779479779303074,0.04096624813973904,0.321163535118103,0.32048607990145683,0.32286851294338703,0.020960374269634485,0.0208285772241652,0.021224807016551495,0.756987742614001,0.755604365374893,0.7589085157960653,0.11992526706308126,0.11968134995549917,0.12187692523002625,0.0763533329591155,0.07572471909224987,0.07656137831509113,0.07346438942477107,0.07331835757941008,0.07367478031665087,0.24913200000000002,0.571534,80232,109124,0.8228458599187434
7,49,local,S,3,0.04043464083224535,0.0403003660030663,0.040521957911551,0.3209369000978768,0.3200960047543049,0.32129330560564995,0.02089317236095667,0.020883545745164156,0.0209247381426394,4.04205961804837,4.038581100758165,4.123097970150411,0.7825750098563731,0.7772640171460807,0.7918785861693323,0.4849461573176086,0.4826230756007135,0.49049088591709733,1.0774336820468307,1.065950462128967,1.0805135541595519,1.4762149999999998,3.04663,390532,249612,4.474940546788275
7,49,clustered_local,U0,3,0.04439856996759772,0.04422673396766186,0.044479694217443466,0.3206470971927047,0.32005801191553473,0.32271323585882783,0.020920138340443373,0.020849369931966066,0.020993642043322325,0.7519766851328313,0.7466831360943615,0.7525750258937478,0.11988163599744439,0.08839970733970404,0.12164963176473975,0.06801837310194969,0.06750465137884021,0.06890418566763401,0.102047064807266,0.10168737545609474,0.10875513311475515,0.22360100000000005,0.58544,43784,104680,0.8462183377705514
7,49,clustered_local,U1,3,0.04126551002264023,0.04126345785334706,0.04240769799798727,0.3226884203031659,0.32196163572371006,0.3377164267003536,0.02104599168524146,0.020986930932849646,0.021242890041321516,0.7354679009877145,0.7342166276648641,0.7539158021099865,0.08825217885896564,0.08773976191878319,0.08860534802079201,0.0760361747816205,0.07572337286546826,0.07606053212657571,0.07410024106502533,0.07350372802466154,0.07483395608142018,0.237827,0.550902,49740,106196,0.7423394909128547
7,49,clustered_local,S,3,0.04108715197071433,0.04085341887548566,0.041273475624620914,0.3240332091227174,0.32011103397235274,0.324391121044755,0.020882123615592718,0.020838480908423662,0.021187396720051765,4.313158513978124,4.299164467025548,4.355728691909462,0.8692560917697847,0.8667429857887328,0.8817266700789332,0.5759813701733947,0.573208193294704,0.5863962741568685,1.2196981981396675,1.219521549064666,1.2200575629249215,1.1882089999999996,3.607112,289884,251616,5.0174475479871035
7,49,remote_balanced,U0,3,0.046205033082515,0.04545542737469077,0.04708486283197999,0.3206094210036099,0.3198075881227851,0.32480428786948323,0.020834153983742,0.020792357623577118,0.02929397113621235,0.757887318264693,0.7554231216199696,0.7610660549253225,0.0883886399678886,0.08823026297613978,0.12597660906612873,0.06956365704536438,0.06819745013490319,0.06964255776256323,0.1072155013680458,0.10225575091317296,0.1112404209561646,0.22731199999999996,0.587394,43768,104700,0.8235022770240903
7,49,remote_balanced,U1,3,0.04233071859925985,0.04218394123017788,0.04273974895477295,0.32230046996846795,0.32147691678255796,0.3232796499505639,0.020920272916555405,0.020817400887608528,0.020963499788194895,0.7606584168970585,0.7578321029432118,0.7625415390357375,0.12026630761101842,0.1195331597700715,0.12062939489260316,0.07636037422344089,0.07602535979822278,0.07674721861258149,0.07302281307056546,0.07294862670823932,0.07358330115675926,0.25003699999999995,0.57092,80236,109152,0.7788727008737624
7,49,remote_balanced,S,3,0.042707615066319704,0.04229271691292524,0.04279393795877695,0.3217672607861459,0.3216094900853932,0.3225970258936286,0.02091845404356718,0.020884711295366287,0.02101206500083208,7.509784534107894,7.502093757968396,7.535824177786708,1.5583603410050273,1.5581159419380128,1.6053951317444444,0.8614983791485429,0.8600974869914353,0.8815854890272021,1.8688829457387328,1.8678388711996377,1.873666375875473,1.666861,6.8241190000000005,433064,322208,8.879635191056877
