side,layout,model,application_cycles,capacity_wait_sum_cycles,compute,memory,network,capacity,reference_cycles,error_cycles,error_percent,within_application_budget
4,local,U1,21596,0,4096,14014,3486,0,23903,-2307,-9.651508178889678,False
4,local,D0,23903,0,4096,14014,5793,0,23903,0,0.0,True
4,local,S,23903,0,4096,14014,5793,0,23903,0,0.0,True
4,clustered_local,U1,28102,0,4096,21094,2912,0,30645,-2543,-8.298254201337906,False
4,clustered_local,D0,30493,0,4096,21094,5303,0,30645,-152,-0.49600261054005834,True
4,clustered_local,S,30645,0,4096,21094,5455,0,30645,0,0.0,True
4,remote_balanced,U1,21596,0,4096,14014,3486,0,27096,-5500,-20.298198996161798,False
4,remote_balanced,D0,24155,0,4096,14014,6045,0,27096,-2941,-10.854000590493062,False
4,remote_balanced,S,27096,0,4096,12902,10098,0,27096,0,0.0,True
6,local,U1,21596,0,4096,14014,3486,0,23903,-2307,-9.651508178889678,False
6,local,D0,23903,0,4096,14014,5793,0,23903,0,0.0,True
6,local,S,23903,0,4096,14014,5793,0,23903,0,0.0,True
6,clustered_local,U1,28102,0,4096,21094,2912,0,30645,-2543,-8.298254201337906,False
6,clustered_local,D0,30493,0,4096,21094,5303,0,30645,-152,-0.49600261054005834,True
6,clustered_local,S,30645,0,4096,21094,5455,0,30645,0,0.0,True
6,remote_balanced,U1,21596,0,4096,14014,3486,0,31303,-9707,-31.009807366706067,False
6,remote_balanced,D0,24281,0,4096,14014,6171,0,31303,-7022,-22.43235472638405,False
6,remote_balanced,S,31303,0,4096,12902,14305,0,31303,0,0.0,True
7,local,U1,21596,0,4096,14014,3486,0,23903,-2307,-9.651508178889678,False
7,local,D0,23903,0,4096,14014,5793,0,23903,0,0.0,True
7,local,S,23903,0,4096,14014,5793,0,23903,0,0.0,True
7,clustered_local,U1,26180,0,4096,19046,3038,0,28980,-2800,-9.661835748792269,False
7,clustered_local,D0,28571,0,4096,19046,5429,0,28980,-409,-1.4113181504485817,True
7,clustered_local,S,28980,0,4096,19046,5838,0,28980,0,0.0,True
7,remote_balanced,U1,21596,0,4096,14014,3486,0,32298,-10702,-33.13517864883274,False
7,remote_balanced,D0,24281,0,4096,14014,6171,0,32298,-8017,-24.821970400644,False
7,remote_balanced,S,32298,0,4096,12902,15300,0,32298,0,0.0,True
