bytes,c2c_hops,duration_cycles,injection_span,first_inject_wait
1,0,13,0,0
128,0,15,1,0
16,0,13,0,0
16384,0,523,451,0
256,0,19,3,0
4096,0,139,67,0
63,0,13,0,0
64,0,13,0,0
65,0,15,1,0
65536,0,2059,1987,0
1,4,97,0,0
128,4,99,1,0
16,4,97,0,0
16384,4,607,451,0
256,4,103,3,0
4096,4,223,67,0
63,4,97,0,0
64,4,97,0,0
65,4,99,1,0
65536,4,2143,1987,0
1,5,118,0,0
128,5,120,1,0
16,5,118,0,0
16384,5,628,451,0
256,5,124,3,0
4096,5,244,67,0
63,5,118,0,0
64,5,118,0,0
65,5,120,1,0
65536,5,2164,1987,0
1,1,34,0,0
128,1,36,1,0
16,1,34,0,0
16384,1,544,451,0
256,1,40,3,0
4096,1,160,67,0
63,1,34,0,0
64,1,34,0,0
65,1,36,1,0
65536,1,2080,1987,0
1,2,55,0,0
128,2,57,1,0
16,2,55,0,0
16384,2,565,451,0
256,2,61,3,0
4096,2,181,67,0
63,2,55,0,0
64,2,55,0,0
65,2,57,1,0
65536,2,2101,1987,0
1,3,76,0,0
128,3,78,1,0
16,3,76,0,0
16384,3,586,451,0
256,3,82,3,0
4096,3,202,67,0
63,3,76,0,0
64,3,76,0,0
65,3,78,1,0
65536,3,2122,1987,0
