side,layout,model,samples,graph_binding_preparation_median_seconds,graph_binding_preparation_min_seconds,graph_binding_preparation_max_seconds,network_configuration_median_seconds,network_configuration_min_seconds,network_configuration_max_seconds,network_initialization_median_seconds,network_initialization_min_seconds,network_initialization_max_seconds,execution_median_seconds,execution_min_seconds,execution_max_seconds,network_close_serialization_median_seconds,network_close_serialization_min_seconds,network_close_serialization_max_seconds,result_serialization_median_seconds,result_serialization_min_seconds,result_serialization_max_seconds,independent_audit_median_seconds,independent_audit_min_seconds,independent_audit_max_seconds,native_total_cpu_seconds_median,native_peak_rss_kib_median,python_lifetime_peak_rss_kib_median,logical_messages,native_flits
4,local,U1,3,0.015165941789746284,0.013074742164462805,0.016100008971989155,0.3521485971286893,0.32046060310676694,0.39366038981825113,0.02221315586939454,0.02137367194518447,0.025771078187972307,0.15857430826872587,0.15786500601097941,0.20231499709188938,0.034431339241564274,0.03427734598517418,0.03852593991905451,0.02203377801924944,0.021628540009260178,0.02636638469994068,0.02275995211675763,0.022431223187595606,0.02773476904258132,0.11548199999999999,25920,89760,114,4353
4,local,D0,3,0.0398369780741632,0.03245687624439597,0.040668141562491655,0.38309164298698306,0.31562305893749,0.39537048898637295,0.02460560668259859,0.02124548889696598,0.024721452966332436,0.1960997306741774,0.168586703017354,0.19625611882656813,0.036282665096223354,0.03431706689298153,0.03654109826311469,0.02853809203952551,0.025891500990837812,0.028758571948856115,0.02864345023408532,0.02525362093001604,0.02895591827109456,0.141645,25920,95264,114,4353
4,local,S,3,0.014828094281256199,0.014114552643150091,0.015955025795847178,0.3602211903780699,0.31990939984098077,0.3985666031949222,0.023870578967034817,0.021812130697071552,0.02623970713466406,1.0581356300972402,0.9961789031513035,1.1089694141410291,0.28334639873355627,0.2619553590193391,0.2874811780638993,0.16198746720328927,0.15476362686604261,0.17338979290798306,0.5291055077686906,0.49941772082820535,0.5490147173404694,0.8638509999999999,118600,136296,114,41265
4,clustered_local,U1,3,0.014861343428492546,0.014820063021034002,0.016843058168888092,0.3592611476778984,0.3548174938187003,0.39190094312652946,0.025140394922345877,0.024344515055418015,0.026721376925706863,0.18673349684104323,0.17438887199386954,0.19234084617346525,0.03666931437328458,0.03591646580025554,0.03694502590224147,0.02451707934960723,0.023535739164799452,0.025098398327827454,0.026522468775510788,0.02583338227123022,0.026918428018689156,0.130577,17888,89788,114,4353
4,clustered_local,D0,3,0.035936223808676004,0.03251794585958123,0.03694951394572854,0.35671230778098106,0.3164307661354542,0.35730071598663926,0.023097353987395763,0.020772429183125496,0.023120291996747255,0.1870089378207922,0.16504329908639193,0.18762520281597972,0.036107443273067474,0.03392163384705782,0.036280171014368534,0.02600024687126279,0.023181736934930086,0.026108551304787397,0.026831436902284622,0.023845717310905457,0.027137648314237595,0.131858,17856,94316,114,4353
4,clustered_local,S,3,0.014860532246530056,0.0131614631973207,0.016081036999821663,0.3593220440670848,0.3269423241727054,0.39240879379212856,0.023965176194906235,0.021469639148563147,0.025727954227477312,1.3457863451913,1.3259657118469477,1.4826875892467797,0.33375013107433915,0.3161988779902458,0.33858444914221764,0.20795149728655815,0.19545101607218385,0.22084871865808964,0.4884389378130436,0.4658408141694963,0.5152753069996834,1.1134899999999999,99052,136904,114,41265
4,remote_balanced,U1,3,0.01498545566573739,0.014631763100624084,0.016169928014278412,0.384684753138572,0.35270015709102154,0.3897484722547233,0.025612611323595047,0.02316559385508299,0.02642610901966691,0.1928804237395525,0.17245541512966156,0.20637797098606825,0.038105356972664595,0.03648660983890295,0.039046316873282194,0.026142154820263386,0.02439638413488865,0.027114203199744225,0.026635206304490566,0.025126779917627573,0.029065971728414297,0.14019299999999998,25920,89876,114,4353
4,remote_balanced,D0,3,0.04134139185771346,0.037261717952787876,0.04366577323526144,0.36683836998417974,0.35780075285583735,0.40981375426054,0.02431813906878233,0.024043747689574957,0.025273852050304413,0.18192994594573975,0.17480221390724182,0.2058630189858377,0.03518764488399029,0.034269392024725676,0.03664508182555437,0.02691615605726838,0.025501514319330454,0.029073767364025116,0.026309239212423563,0.025619700085371733,0.030062625650316477,0.132575,25920,95268,114,4353
4,remote_balanced,S,3,0.014773483853787184,0.01467215409502387,0.015067011583596468,0.3590589417144656,0.35123272193595767,0.3603833569213748,0.024639043025672436,0.023765829857438803,0.025112812872976065,1.6641414002515376,1.6385465641506016,1.664759042672813,0.4096097988076508,0.40865255100652575,0.41283834679052234,0.2519068247638643,0.2462828210555017,0.2546836519613862,0.7714768773876131,0.7375898770987988,0.7860918319784105,1.4541279999999999,136144,148272,114,41265
6,local,U1,3,0.034171721898019314,0.03063974715769291,0.03500319877639413,0.35572467278689146,0.3312278790399432,0.35747149866074324,0.021916197147220373,0.02147600008174777,0.022898164112120867,0.4953256780281663,0.468195010907948,0.5128528820350766,0.0774501459673047,0.07584417006000876,0.07957104593515396,0.059613138902932405,0.056305012200027704,0.06137229921296239,0.058591832872480154,0.05746902897953987,0.06448814924806356,0.37831,57600,101596,254,9473
6,local,D0,3,0.05667827231809497,0.05530895199626684,0.06481402879580855,0.3401758512482047,0.33519029105082154,0.38847935711964965,0.023485105950385332,0.021830563433468342,0.024118580855429173,0.48118147859349847,0.47842628695070744,0.4931329330429435,0.07721616886556149,0.07700101099908352,0.07726066466420889,0.0596822458319366,0.05923856282606721,0.05987836513668299,0.05633409507572651,0.056311613880097866,0.06314292317256331,0.36170199999999997,57600,104364,254,9473
6,local,S,3,0.03349165618419647,0.030770571902394295,0.03862542985007167,0.3402269743382931,0.3353131338953972,0.41189575800672174,0.022335807792842388,0.022271506022661924,0.024412041064351797,2.7959822611883283,2.67076780134812,3.2352314540185034,0.5968618770129979,0.5546881058253348,0.6508941669017076,0.39680847292765975,0.3475839076563716,0.41839071083813906,0.9214695189148188,0.7839236068539321,0.9636566480621696,2.158132,279188,203024,254,92525
6,clustered_local,U1,3,0.03364383615553379,0.03019811911508441,0.03742218716070056,0.33844631677493453,0.31761815631762147,0.3961651371791959,0.020988699048757553,0.020664568059146404,0.027935665100812912,0.4503645012155175,0.436997105833143,0.513999133836478,0.0733808008953929,0.07319070398807526,0.07815416995435953,0.05339848529547453,0.053103400859981775,0.05866337986662984,0.05461348406970501,0.054061637725681067,0.0604087901301682,0.336132,35576,100052,254,9473
6,clustered_local,D0,3,0.054008934646844864,0.053607631009072065,0.06014688592404127,0.31984147895127535,0.31920016882941127,0.36613060534000397,0.02146617416292429,0.02085157297551632,0.023476663045585155,0.44787932001054287,0.4467171900905669,0.5173201886937022,0.0735173444263637,0.0729640033096075,0.07800659071654081,0.06023987289518118,0.059488420840352774,0.06833954574540257,0.053623887710273266,0.05351225007325411,0.06386738270521164,0.328096,34692,103460,254,9473
6,clustered_local,S,3,0.02997618354856968,0.02972378209233284,0.034227312076836824,0.3208519429899752,0.31895872205495834,0.36714691389352083,0.021022017113864422,0.020712170749902725,0.024158123414963484,3.166460901964456,2.927517332136631,3.6231042239814997,0.7711891238577664,0.6338762892410159,0.8289469121955335,0.5212367055937648,0.4304039729759097,0.5272674015723169,1.040074108634144,0.9666390018537641,1.215996972285211,2.689785,222632,207968,254,92525
6,remote_balanced,U1,3,0.031096259132027626,0.03072367236018181,0.03433881886303425,0.3194915889762342,0.3177926428616047,0.3479779870249331,0.02156244497746229,0.020562354009598494,0.021850537974387407,0.4515025429427624,0.45124712213873863,0.4577507651410997,0.07289079995825887,0.07267916202545166,0.0737789561972022,0.053026383742690086,0.052513630129396915,0.05449061095714569,0.05555826239287853,0.05450960621237755,0.058042696211487055,0.340659,57600,101764,254,9473
6,remote_balanced,D0,3,0.054619457107037306,0.054512581788003445,0.06107286270707846,0.3178371279500425,0.3170952908694744,0.3617620952427387,0.020659734960645437,0.020619514863938093,0.023510927334427834,0.4562156368046999,0.4547907216474414,0.5280630276538432,0.07402539206668735,0.07304307166486979,0.08184464275836945,0.05725097097456455,0.05664285784587264,0.06669758865609765,0.05766359576955438,0.05659571383148432,0.0670946049503982,0.343503,57600,104280,254,9473
6,remote_balanced,S,3,0.030981610994786024,0.03076814115047455,0.03695406811311841,0.32439432200044394,0.31624138401821256,0.3841797630302608,0.020804760977625847,0.02053329022601247,0.02479676390066743,4.6478909202851355,4.585350607987493,5.3473022799007595,1.0165820559486747,0.9964708159677684,1.03911785595119,0.6161678098142147,0.5923058139160275,0.663460087031126,1.5137259429320693,1.3808481977321208,1.5614604600705206,4.1392929999999994,337528,248132,254,92525
7,local,U1,3,0.04145005391910672,0.04080261895433068,0.04170052381232381,0.32022046111524105,0.3175820712931454,0.3265396091155708,0.021024885587394238,0.02070742892101407,0.02352156024426222,0.763076514005661,0.7562893279828131,0.7814416442997754,0.12041274318471551,0.12012198520824313,0.1270171757787466,0.07688218588009477,0.07591186882928014,0.08896060613915324,0.07474586693570018,0.07284117583185434,0.08147221012040973,0.5769829999999999,80232,109560,345,12801
7,local,D0,3,0.0737680452875793,0.0662534823641181,0.0742585463449359,0.3572983299382031,0.32406817516312003,0.3667390262708068,0.023098287638276815,0.021191441919654608,0.023791204672306776,0.8647038652561605,0.7568780044093728,0.8718864708207548,0.12911759782582521,0.11972148483619094,0.12964401906356215,0.09296956891193986,0.08041880885139108,0.0932266260497272,0.08496384182944894,0.0754004311747849,0.08581467904150486,0.649412,80232,113076,345,12801
7,local,S,3,0.04129659105092287,0.04118875041604042,0.0461773700080812,0.3232824243605137,0.3210650240071118,0.33383576292544603,0.020866199862211943,0.020836134906858206,0.020978170912712812,4.282880384940654,4.107189507689327,4.402448808774352,0.8348625390790403,0.7795514911413193,0.8881046948954463,0.5140435830689967,0.4790699863806367,0.5387636730447412,1.134895961266011,1.0417526760138571,1.1680477419868112,3.2393229999999997,390532,250256,345,125844
7,clustered_local,U1,3,0.04744273703545332,0.045763653703033924,0.05138389999046922,0.3694889680482447,0.3604417769238353,0.40387034229934216,0.023812933824956417,0.023457632400095463,0.026878689881414175,0.9033593870699406,0.8294270411133766,0.9408942279405892,0.13323389505967498,0.12608920224010944,0.13448683079332113,0.09292612411081791,0.08446998475119472,0.0950654111802578,0.09354311879724264,0.0831198007799685,0.09376673307269812,0.6782269999999999,49672,106656,345,12801
7,clustered_local,D0,3,0.07448254618793726,0.06677529588341713,0.0832077688537538,0.3590794438496232,0.3195989700034261,0.40032311901450157,0.023224638774991035,0.02065847208723426,0.02565359091386199,0.8330069119110703,0.7413209159858525,0.9419012637808919,0.12631543399766088,0.0874068052507937,0.13410487677901983,0.090444540604949,0.07989247376099229,0.10102912038564682,0.08490735199302435,0.07555612782016397,0.09502153610810637,0.6204059999999999,48744,110880,345,12801
7,clustered_local,S,3,0.04631872894242406,0.0414764448069036,0.04634864628314972,0.35887051140889525,0.32283671386539936,0.3660374702885747,0.023320037871599197,0.020871473010629416,0.02406116435304284,4.72522870823741,4.548594600055367,4.805210622958839,0.9938124758191407,0.9896485963836312,0.9998729638755322,0.6718340269289911,0.65045749489218,0.6785190068185329,1.2810663990676403,1.216246234253049,1.3409618670120835,3.9384639999999997,289820,251972,345,125844
7,remote_balanced,U1,3,0.04837677488103509,0.047337636817246675,0.050258120987564325,0.36138426000252366,0.36134820478037,0.386443137191236,0.02379896491765976,0.023423999082297087,0.025526012293994427,0.8632639683783054,0.847680454608053,0.9235753929242492,0.1265546060167253,0.12620101775974035,0.13308446295559406,0.08535369113087654,0.08490529796108603,0.09499087790027261,0.0812637060880661,0.08112485706806183,0.0896855159662664,0.639536,80232,109564,345,12801
7,remote_balanced,D0,3,0.08061666833236814,0.07599875004962087,0.08449353603646159,0.3807671940885484,0.3582688570022583,0.3994522453285754,0.02465162379667163,0.02309757610782981,0.02506288280710578,0.8942037038505077,0.842683773022145,0.9443436139263213,0.1297844909131527,0.12732061091810465,0.13404353614896536,0.0980759123340249,0.09434735774993896,0.09942408092319965,0.0930183227173984,0.08695911802351475,0.09464519890025258,0.674531,61460,111952,345,12801
7,remote_balanced,S,3,0.05268256086856127,0.052466562017798424,0.05384528078138828,0.3968673930503428,0.3692825771868229,0.41411726316437125,0.025255126878619194,0.024045993108302355,0.03353594709187746,9.22504903189838,8.611411319114268,10.038702168036252,1.8573703467845917,1.7048443029634655,2.012732326053083,0.9852193659171462,0.9701239499263465,1.0360336578451097,2.1598770767450333,2.1556723630055785,2.337763724848628,8.371829,433136,322684,345,125844
