side,model,first,second,gap_cycles,reference_gap_cycles,gap_error_cycles,within_gap_budget,predicted_relation,reference_relation,selection_disagreement
4,U1,clustered_local,local,6506,6742,-236,False,second,second,False
4,U1,clustered_local,remote_balanced,6506,3549,2957,False,second,second,False
4,U1,local,remote_balanced,0,-3193,3193,False,tie,first,True
4,D0,clustered_local,local,6590,6742,-152,False,second,second,False
4,D0,clustered_local,remote_balanced,6338,3549,2789,False,second,second,False
4,D0,local,remote_balanced,-252,-3193,2941,False,first,first,False
4,S,clustered_local,local,6742,6742,0,True,second,second,False
4,S,clustered_local,remote_balanced,3549,3549,0,True,second,second,False
4,S,local,remote_balanced,-3193,-3193,0,True,first,first,False
6,U1,clustered_local,local,6506,6742,-236,False,second,second,False
6,U1,clustered_local,remote_balanced,6506,-658,7164,False,second,first,True
6,U1,local,remote_balanced,0,-7400,7400,False,tie,first,True
6,D0,clustered_local,local,6590,6742,-152,False,second,second,False
6,D0,clustered_local,remote_balanced,6212,-658,6870,False,second,first,True
6,D0,local,remote_balanced,-378,-7400,7022,False,first,first,False
6,S,clustered_local,local,6742,6742,0,True,second,second,False
6,S,clustered_local,remote_balanced,-658,-658,0,True,first,first,False
6,S,local,remote_balanced,-7400,-7400,0,True,first,first,False
7,U1,clustered_local,local,4584,5077,-493,False,second,second,False
7,U1,clustered_local,remote_balanced,4584,-3318,7902,False,second,first,True
7,U1,local,remote_balanced,0,-8395,8395,False,tie,first,True
7,D0,clustered_local,local,4668,5077,-409,False,second,second,False
7,D0,clustered_local,remote_balanced,4290,-3318,7608,False,second,first,True
7,D0,local,remote_balanced,-378,-8395,8017,False,first,first,False
7,S,clustered_local,local,5077,5077,0,True,second,second,False
7,S,clustered_local,remote_balanced,-3318,-3318,0,True,first,first,False
7,S,local,remote_balanced,-8395,-8395,0,True,first,first,False
