model,first,second,gap_cycles,reference_gap_cycles,gap_error_cycles,predicted_relation,reference_relation,selection_disagreement,within_gap_budget
U0,near,opposite,0,-3193,3193,tie,first,True,False
U0,near,single_controller,-6204,-51129,44925,first,first,False,False
U0,opposite,single_controller,-6204,-47936,41732,first,first,False,False
U1,near,opposite,0,-3193,3193,tie,first,True,False
U1,near,single_controller,-35179,-51129,15950,first,first,False,False
U1,opposite,single_controller,-35179,-47936,12757,first,first,False,False
S,near,opposite,-3193,-3193,0,first,first,False,True
S,near,single_controller,-51129,-51129,0,first,first,False,True
S,opposite,single_controller,-47936,-47936,0,first,first,False,True
