model,layout,token,bytes,source_memory,destination_memory,model_ready,reference_ready,model_finish,reference_finish,model_duration,reference_duration,reference_flits,reference_injection_wait,reference_injection_span,reference_mean_links,duration_error
U0,near,first0/phase/0,16,sram-0,host-memory,0,0,32,32,32,32,1,0,0,1.0,0
U0,near,first1/phase/0,16,sram-1,dram-1-0,0,0,12,13,12,13,1,0,0,1.0,-1
U0,near,first2/phase/0,16,sram-2,dram-2-0,0,0,12,13,12,13,1,0,0,1.0,-1
U0,near,first3/phase/0,16,sram-3,dram-3-0,0,0,12,13,12,13,1,0,0,1.0,-1
U0,near,first4/phase/0,16,sram-4,dram-4-0,0,0,12,13,12,13,1,0,0,1.0,-1
U0,near,first5/phase/0,16,sram-5,dram-5-0,0,0,12,13,12,13,1,0,0,1.0,-1
U0,near,first6/phase/0,16,sram-6,dram-6-0,0,0,12,13,12,13,1,0,0,1.0,-1
U0,near,first7/phase/0,16,sram-7,dram-7-0,0,0,12,13,12,13,1,0,0,1.0,-1
U0,near,first8/phase/0,16,sram-8,dram-8-0,0,0,12,13,12,13,1,0,0,1.0,-1
U0,near,first9/phase/0,16,sram-9,dram-9-0,0,0,12,13,12,13,1,0,0,1.0,-1
U0,near,first10/phase/0,16,sram-10,dram-10-0,0,0,12,13,12,13,1,0,0,1.0,-1
U0,near,first11/phase/0,16,sram-11,dram-11-0,0,0,12,13,12,13,1,0,0,1.0,-1
U0,near,first12/phase/0,16,sram-12,dram-12-0,0,0,12,13,12,13,1,0,0,1.0,-1
U0,near,first13/phase/0,16,sram-13,dram-13-0,0,0,12,13,12,13,1,0,0,1.0,-1
U0,near,first14/phase/0,16,sram-14,dram-14-0,0,0,12,13,12,13,1,0,0,1.0,-1
U0,near,first15/phase/0,16,sram-15,dram-15-0,0,0,12,13,12,13,1,0,0,1.0,-1
U0,near,first0/phase/4,16384,host-memory,sram-0,888,888,1430,1430,542,542,256,0,451,1.0,0
U0,near,first0/phase/6,16,sram-0,dram-0-0,1686,1686,1698,1699,12,13,1,0,0,1.0,-1
U0,near,first1/phase/4,65536,dram-1-0,sram-1,171,3119,1206,5178,1035,2059,1024,0,1987,1.0,-1024
U0,near,first2/phase/4,65536,dram-2-0,sram-2,235,3119,1270,5178,1035,2059,1024,0,1987,1.0,-1024
U0,near,first3/phase/4,65536,dram-3-0,sram-3,299,3119,1334,5178,1035,2059,1024,0,1987,1.0,-1024
U0,near,first4/phase/4,65536,dram-4-0,sram-4,363,3119,1398,5178,1035,2059,1024,0,1987,1.0,-1024
U0,near,first5/phase/4,65536,dram-5-0,sram-5,427,3119,1462,5178,1035,2059,1024,0,1987,1.0,-1024
U0,near,first6/phase/4,65536,dram-6-0,sram-6,491,3119,1526,5178,1035,2059,1024,0,1987,1.0,-1024
U0,near,first7/phase/4,65536,dram-7-0,sram-7,555,3119,1590,5178,1035,2059,1024,0,1987,1.0,-1024
U0,near,first8/phase/4,65536,dram-8-0,sram-8,619,3119,1654,5178,1035,2059,1024,0,1987,1.0,-1024
U0,near,first9/phase/4,65536,dram-9-0,sram-9,683,3119,1718,5178,1035,2059,1024,0,1987,1.0,-1024
U0,near,first10/phase/4,65536,dram-10-0,sram-10,747,3119,1782,5178,1035,2059,1024,0,1987,1.0,-1024
U0,near,first11/phase/4,65536,dram-11-0,sram-11,811,3119,1846,5178,1035,2059,1024,0,1987,1.0,-1024
U0,near,first12/phase/4,65536,dram-12-0,sram-12,875,3119,1910,5178,1035,2059,1024,0,1987,1.0,-1024
U0,near,first13/phase/4,65536,dram-13-0,sram-13,939,3119,1974,5178,1035,2059,1024,0,1987,1.0,-1024
U0,near,first14/phase/4,65536,dram-14-0,sram-14,1003,3119,2038,5178,1035,2059,1024,0,1987,1.0,-1024
U0,near,first15/phase/4,65536,dram-15-0,sram-15,1067,3119,2102,5178,1035,2059,1024,0,1987,1.0,-1024
U0,near,first0/phase/10,65536,dram-0-0,sram-0,1857,4805,2892,6864,1035,2059,1024,0,1987,1.0,-1024
U0,near,second1/phase/1,16384,sram-1,sram-2,6070,10042,6609,10582,539,540,256,0,451,1.0,-1
U0,near,second2/phase/1,16384,sram-2,sram-3,6134,10042,6674,10582,540,540,256,0,451,1.0,0
U0,near,second3/phase/1,16384,sram-3,sram-4,6198,10042,6800,10648,602,606,256,0,451,4.0,-4
U0,near,second4/phase/1,16384,sram-4,sram-5,6262,10042,6801,10582,539,540,256,0,451,1.0,-1
U0,near,second5/phase/1,16384,sram-5,sram-6,6326,10042,6866,10582,540,540,256,0,451,1.0,0
U0,near,second6/phase/1,16384,sram-6,sram-7,6390,10042,6929,10582,539,540,256,0,451,1.0,-1
U0,near,second7/phase/1,16384,sram-7,sram-8,6454,10042,7058,10648,604,606,256,0,451,4.0,-2
U0,near,second8/phase/1,16384,sram-8,sram-9,6518,10042,7058,10582,540,540,256,0,451,1.0,0
U0,near,second9/phase/1,16384,sram-9,sram-10,6582,10042,7121,10582,539,540,256,0,451,1.0,-1
U0,near,second10/phase/1,16384,sram-10,sram-11,6646,10042,7186,10582,540,540,256,0,451,1.0,0
U0,near,second11/phase/1,16384,sram-11,sram-12,6710,10042,7330,10662,620,620,256,0,451,4.0,0
U0,near,second12/phase/1,16384,sram-12,sram-13,6774,10042,7313,10582,539,540,256,0,451,1.0,-1
U0,near,second13/phase/1,16384,sram-13,sram-14,6838,10042,7378,10582,540,540,256,0,451,1.0,0
U0,near,second14/phase/1,16384,sram-14,sram-15,6902,10042,7441,10582,539,540,256,0,451,1.0,-1
U0,near,second15/phase/1,16384,sram-15,sram-0,6966,10042,7611,10705,645,663,256,0,465,6.0,-18
U0,near,second1/phase/3,16,sram-2,dram-2-1,6865,10838,6877,10851,12,13,1,0,0,1.0,-1
U0,near,second2/phase/3,16,sram-3,dram-3-1,6930,10838,6942,10851,12,13,1,0,0,1.0,-1
U0,near,second4/phase/3,16,sram-5,dram-5-1,7057,10838,7069,10851,12,13,1,0,0,1.0,-1
U0,near,second5/phase/3,16,sram-6,dram-6-1,7122,10838,7134,10851,12,13,1,0,0,1.0,-1
U0,near,second6/phase/3,16,sram-7,dram-7-1,7185,10838,7197,10851,12,13,1,0,0,1.0,-1
U0,near,second8/phase/3,16,sram-9,dram-9-1,7314,10838,7326,10851,12,13,1,0,0,1.0,-1
U0,near,second9/phase/3,16,sram-10,dram-10-1,7377,10838,7389,10851,12,13,1,0,0,1.0,-1
U0,near,second10/phase/3,16,sram-11,dram-11-1,7442,10838,7454,10851,12,13,1,0,0,1.0,-1
U0,near,second12/phase/3,16,sram-13,dram-13-1,7569,10838,7581,10851,12,13,1,0,0,1.0,-1
U0,near,second13/phase/3,16,sram-14,dram-14-1,7634,10838,7646,10851,12,13,1,0,0,1.0,-1
U0,near,second14/phase/3,16,sram-15,dram-15-1,7697,10838,7709,10851,12,13,1,0,0,1.0,-1
U0,near,second3/phase/3,16,sram-4,dram-4-1,7056,10904,7068,10917,12,13,1,0,0,1.0,-1
U0,near,second7/phase/3,16,sram-8,dram-8-1,7314,10904,7326,10917,12,13,1,0,0,1.0,-1
U0,near,second11/phase/3,16,sram-12,dram-12-1,7586,10918,7598,10931,12,13,1,0,0,1.0,-1
U0,near,second15/phase/3,16,sram-0,dram-0-1,8012,10961,8024,10974,12,13,1,0,0,1.0,-1
U0,near,second0/phase/1,16384,sram-0,sram-1,7756,11728,8295,12267,539,539,256,0,451,1.0,0
U0,near,second0/phase/3,16,sram-1,dram-1-1,8551,12523,8563,12536,12,13,1,0,0,1.0,-1
U0,near,second1/phase/7,65536,dram-2-1,sram-2,7036,13957,8071,16016,1035,2059,1024,0,1987,1.0,-1024
U0,near,second2/phase/7,65536,dram-3-1,sram-3,7101,13957,8136,16016,1035,2059,1024,0,1987,1.0,-1024
U0,near,second4/phase/7,65536,dram-5-1,sram-5,7291,13957,8326,16016,1035,2059,1024,0,1987,1.0,-1024
U0,near,second5/phase/7,65536,dram-6-1,sram-6,7355,13957,8390,16016,1035,2059,1024,0,1987,1.0,-1024
U0,near,second6/phase/7,65536,dram-7-1,sram-7,7419,13957,8454,16016,1035,2059,1024,0,1987,1.0,-1024
U0,near,second8/phase/7,65536,dram-9-1,sram-9,7549,13957,8584,16016,1035,2059,1024,0,1987,1.0,-1024
U0,near,second9/phase/7,65536,dram-10-1,sram-10,7613,13957,8648,16016,1035,2059,1024,0,1987,1.0,-1024
U0,near,second10/phase/7,65536,dram-11-1,sram-11,7677,13957,8712,16016,1035,2059,1024,0,1987,1.0,-1024
U0,near,second12/phase/7,65536,dram-13-1,sram-13,7741,13957,8776,16016,1035,2059,1024,0,1987,1.0,-1024
U0,near,second13/phase/7,65536,dram-14-1,sram-14,7869,13957,8904,16016,1035,2059,1024,0,1987,1.0,-1024
U0,near,second14/phase/7,65536,dram-15-1,sram-15,7933,13957,8968,16016,1035,2059,1024,0,1987,1.0,-1024
U0,near,second3/phase/7,65536,dram-4-1,sram-4,7227,14023,8262,16082,1035,2059,1024,0,1987,1.0,-1024
U0,near,second7/phase/7,65536,dram-8-1,sram-8,7485,14023,8520,16082,1035,2059,1024,0,1987,1.0,-1024
U0,near,second11/phase/7,65536,dram-12-1,sram-12,7805,14037,8840,16096,1035,2059,1024,0,1987,1.0,-1024
U0,near,second15/phase/7,65536,dram-0-1,sram-0,8183,14080,9218,16139,1035,2059,1024,0,1987,1.0,-1024
U0,near,second0/phase/7,65536,dram-1-1,sram-1,8722,15642,9757,17701,1035,2059,1024,0,1987,1.0,-1024
U0,near,second1/phase/13,16384,sram-2,dram-2-0,12935,20880,13202,21403,267,523,256,0,451,1.0,-256
U0,near,second2/phase/13,16384,sram-3,dram-3-0,13000,20880,13267,21403,267,523,256,0,451,1.0,-256
U0,near,second4/phase/13,16384,sram-5,dram-5-0,13190,20880,13457,21403,267,523,256,0,451,1.0,-256
U0,near,second5/phase/13,16384,sram-6,dram-6-0,13254,20880,13521,21403,267,523,256,0,451,1.0,-256
U0,near,second6/phase/13,16384,sram-7,dram-7-0,13318,20880,13585,21403,267,523,256,0,451,1.0,-256
U0,near,second8/phase/13,16384,sram-9,dram-9-0,13448,20880,13715,21403,267,523,256,0,451,1.0,-256
U0,near,second9/phase/13,16384,sram-10,dram-10-0,13512,20880,13779,21403,267,523,256,0,451,1.0,-256
U0,near,second10/phase/13,16384,sram-11,dram-11-0,13576,20880,13843,21403,267,523,256,0,451,1.0,-256
U0,near,second12/phase/13,16384,sram-13,dram-13-0,13640,20880,13907,21403,267,523,256,0,451,1.0,-256
U0,near,second13/phase/13,16384,sram-14,dram-14-0,13768,20880,14035,21403,267,523,256,0,451,1.0,-256
U0,near,second14/phase/13,16384,sram-15,dram-15-0,13832,20880,14099,21403,267,523,256,0,451,1.0,-256
U0,near,second3/phase/13,16384,sram-4,dram-4-0,13126,20946,13393,21469,267,523,256,0,451,1.0,-256
U0,near,second7/phase/13,16384,sram-8,dram-8-0,13384,20946,13651,21469,267,523,256,0,451,1.0,-256
U0,near,second11/phase/13,16384,sram-12,dram-12-0,13704,20960,13971,21483,267,523,256,0,451,1.0,-256
U0,near,second15/phase/13,16384,sram-0,dram-0-0,14082,21003,14349,21526,267,523,256,0,451,1.0,-256
U0,near,second1/phase/16,16,dram-2-0,sram-2,13265,22205,13277,22218,12,13,1,0,0,1.0,-1
U0,near,second2/phase/16,16,dram-3-0,sram-3,13330,22205,13342,22218,12,13,1,0,0,1.0,-1
U0,near,second4/phase/16,16,dram-5-0,sram-5,13520,22205,13532,22218,12,13,1,0,0,1.0,-1
U0,near,second5/phase/16,16,dram-6-0,sram-6,13584,22205,13596,22218,12,13,1,0,0,1.0,-1
U0,near,second6/phase/16,16,dram-7-0,sram-7,13648,22205,13660,22218,12,13,1,0,0,1.0,-1
U0,near,second8/phase/16,16,dram-9-0,sram-9,13778,22205,13790,22218,12,13,1,0,0,1.0,-1
U0,near,second9/phase/16,16,dram-10-0,sram-10,13842,22205,13854,22218,12,13,1,0,0,1.0,-1
U0,near,second10/phase/16,16,dram-11-0,sram-11,13906,22205,13918,22218,12,13,1,0,0,1.0,-1
U0,near,second12/phase/16,16,dram-13-0,sram-13,13970,22205,13982,22218,12,13,1,0,0,1.0,-1
U0,near,second13/phase/16,16,dram-14-0,sram-14,14098,22205,14110,22218,12,13,1,0,0,1.0,-1
U0,near,second14/phase/16,16,dram-15-0,sram-15,14162,22205,14174,22218,12,13,1,0,0,1.0,-1
U0,near,second3/phase/16,16,dram-4-0,sram-4,13456,22271,13468,22284,12,13,1,0,0,1.0,-1
U0,near,second7/phase/16,16,dram-8-0,sram-8,13714,22271,13726,22284,12,13,1,0,0,1.0,-1
U0,near,second11/phase/16,16,dram-12-0,sram-12,14034,22285,14046,22298,12,13,1,0,0,1.0,-1
U0,near,second15/phase/16,16,dram-0-0,sram-0,14412,22328,14424,22341,12,13,1,0,0,1.0,-1
U0,near,second0/phase/13,16384,sram-1,dram-1-0,14621,22565,14888,23088,267,523,256,0,451,1.0,-256
U0,near,second0/phase/16,16,dram-1-0,sram-1,14951,23890,14963,23903,12,13,1,0,0,1.0,-1
U1,near,first0/phase/0,16,sram-0,host-memory,0,0,32,32,32,32,1,0,0,1.0,0
U1,near,first1/phase/0,16,sram-1,dram-1-0,0,0,12,13,12,13,1,0,0,1.0,-1
U1,near,first2/phase/0,16,sram-2,dram-2-0,0,0,12,13,12,13,1,0,0,1.0,-1
U1,near,first3/phase/0,16,sram-3,dram-3-0,0,0,12,13,12,13,1,0,0,1.0,-1
U1,near,first4/phase/0,16,sram-4,dram-4-0,0,0,12,13,12,13,1,0,0,1.0,-1
U1,near,first5/phase/0,16,sram-5,dram-5-0,0,0,12,13,12,13,1,0,0,1.0,-1
U1,near,first6/phase/0,16,sram-6,dram-6-0,0,0,12,13,12,13,1,0,0,1.0,-1
U1,near,first7/phase/0,16,sram-7,dram-7-0,0,0,12,13,12,13,1,0,0,1.0,-1
U1,near,first8/phase/0,16,sram-8,dram-8-0,0,0,12,13,12,13,1,0,0,1.0,-1
U1,near,first9/phase/0,16,sram-9,dram-9-0,0,0,12,13,12,13,1,0,0,1.0,-1
U1,near,first10/phase/0,16,sram-10,dram-10-0,0,0,12,13,12,13,1,0,0,1.0,-1
U1,near,first11/phase/0,16,sram-11,dram-11-0,0,0,12,13,12,13,1,0,0,1.0,-1
U1,near,first12/phase/0,16,sram-12,dram-12-0,0,0,12,13,12,13,1,0,0,1.0,-1
U1,near,first13/phase/0,16,sram-13,dram-13-0,0,0,12,13,12,13,1,0,0,1.0,-1
U1,near,first14/phase/0,16,sram-14,dram-14-0,0,0,12,13,12,13,1,0,0,1.0,-1
U1,near,first15/phase/0,16,sram-15,dram-15-0,0,0,12,13,12,13,1,0,0,1.0,-1
U1,near,first0/phase/4,16384,host-memory,sram-0,888,888,1430,1430,542,542,256,0,451,1.0,0
U1,near,first0/phase/6,16,sram-0,dram-0-0,1686,1686,1698,1699,12,13,1,0,0,1.0,-1
U1,near,first1/phase/4,65536,dram-1-0,sram-1,3118,3119,4153,5178,1035,2059,1024,0,1987,1.0,-1024
U1,near,first2/phase/4,65536,dram-2-0,sram-2,3118,3119,4153,5178,1035,2059,1024,0,1987,1.0,-1024
U1,near,first3/phase/4,65536,dram-3-0,sram-3,3118,3119,4153,5178,1035,2059,1024,0,1987,1.0,-1024
U1,near,first4/phase/4,65536,dram-4-0,sram-4,3118,3119,4153,5178,1035,2059,1024,0,1987,1.0,-1024
U1,near,first5/phase/4,65536,dram-5-0,sram-5,3118,3119,4153,5178,1035,2059,1024,0,1987,1.0,-1024
U1,near,first6/phase/4,65536,dram-6-0,sram-6,3118,3119,4153,5178,1035,2059,1024,0,1987,1.0,-1024
U1,near,first7/phase/4,65536,dram-7-0,sram-7,3118,3119,4153,5178,1035,2059,1024,0,1987,1.0,-1024
U1,near,first8/phase/4,65536,dram-8-0,sram-8,3118,3119,4153,5178,1035,2059,1024,0,1987,1.0,-1024
U1,near,first9/phase/4,65536,dram-9-0,sram-9,3118,3119,4153,5178,1035,2059,1024,0,1987,1.0,-1024
U1,near,first10/phase/4,65536,dram-10-0,sram-10,3118,3119,4153,5178,1035,2059,1024,0,1987,1.0,-1024
U1,near,first11/phase/4,65536,dram-11-0,sram-11,3118,3119,4153,5178,1035,2059,1024,0,1987,1.0,-1024
U1,near,first12/phase/4,65536,dram-12-0,sram-12,3118,3119,4153,5178,1035,2059,1024,0,1987,1.0,-1024
U1,near,first13/phase/4,65536,dram-13-0,sram-13,3118,3119,4153,5178,1035,2059,1024,0,1987,1.0,-1024
U1,near,first14/phase/4,65536,dram-14-0,sram-14,3118,3119,4153,5178,1035,2059,1024,0,1987,1.0,-1024
U1,near,first15/phase/4,65536,dram-15-0,sram-15,3118,3119,4153,5178,1035,2059,1024,0,1987,1.0,-1024
U1,near,first0/phase/10,65536,dram-0-0,sram-0,4804,4805,5839,6864,1035,2059,1024,0,1987,1.0,-1024
U1,near,second1/phase/1,16384,sram-1,sram-2,9017,10042,9557,10582,540,540,256,0,451,1.0,0
U1,near,second2/phase/1,16384,sram-2,sram-3,9017,10042,9557,10582,540,540,256,0,451,1.0,0
U1,near,second3/phase/1,16384,sram-3,sram-4,9017,10042,9623,10648,606,606,256,0,451,4.0,0
U1,near,second4/phase/1,16384,sram-4,sram-5,9017,10042,9557,10582,540,540,256,0,451,1.0,0
U1,near,second5/phase/1,16384,sram-5,sram-6,9017,10042,9557,10582,540,540,256,0,451,1.0,0
U1,near,second6/phase/1,16384,sram-6,sram-7,9017,10042,9557,10582,540,540,256,0,451,1.0,0
U1,near,second7/phase/1,16384,sram-7,sram-8,9017,10042,9623,10648,606,606,256,0,451,4.0,0
U1,near,second8/phase/1,16384,sram-8,sram-9,9017,10042,9557,10582,540,540,256,0,451,1.0,0
U1,near,second9/phase/1,16384,sram-9,sram-10,9017,10042,9557,10582,540,540,256,0,451,1.0,0
U1,near,second10/phase/1,16384,sram-10,sram-11,9017,10042,9557,10582,540,540,256,0,451,1.0,0
U1,near,second11/phase/1,16384,sram-11,sram-12,9017,10042,9637,10662,620,620,256,0,451,4.0,0
U1,near,second12/phase/1,16384,sram-12,sram-13,9017,10042,9557,10582,540,540,256,0,451,1.0,0
U1,near,second13/phase/1,16384,sram-13,sram-14,9017,10042,9557,10582,540,540,256,0,451,1.0,0
U1,near,second14/phase/1,16384,sram-14,sram-15,9017,10042,9557,10582,540,540,256,0,451,1.0,0
U1,near,second15/phase/1,16384,sram-15,sram-0,9017,10042,9680,10705,663,663,256,0,465,6.0,0
U1,near,second1/phase/3,16,sram-2,dram-2-1,9813,10838,9825,10851,12,13,1,0,0,1.0,-1
U1,near,second2/phase/3,16,sram-3,dram-3-1,9813,10838,9825,10851,12,13,1,0,0,1.0,-1
U1,near,second4/phase/3,16,sram-5,dram-5-1,9813,10838,9825,10851,12,13,1,0,0,1.0,-1
U1,near,second5/phase/3,16,sram-6,dram-6-1,9813,10838,9825,10851,12,13,1,0,0,1.0,-1
U1,near,second6/phase/3,16,sram-7,dram-7-1,9813,10838,9825,10851,12,13,1,0,0,1.0,-1
U1,near,second8/phase/3,16,sram-9,dram-9-1,9813,10838,9825,10851,12,13,1,0,0,1.0,-1
U1,near,second9/phase/3,16,sram-10,dram-10-1,9813,10838,9825,10851,12,13,1,0,0,1.0,-1
U1,near,second10/phase/3,16,sram-11,dram-11-1,9813,10838,9825,10851,12,13,1,0,0,1.0,-1
U1,near,second12/phase/3,16,sram-13,dram-13-1,9813,10838,9825,10851,12,13,1,0,0,1.0,-1
U1,near,second13/phase/3,16,sram-14,dram-14-1,9813,10838,9825,10851,12,13,1,0,0,1.0,-1
U1,near,second14/phase/3,16,sram-15,dram-15-1,9813,10838,9825,10851,12,13,1,0,0,1.0,-1
U1,near,second3/phase/3,16,sram-4,dram-4-1,9879,10904,9891,10917,12,13,1,0,0,1.0,-1
U1,near,second7/phase/3,16,sram-8,dram-8-1,9879,10904,9891,10917,12,13,1,0,0,1.0,-1
U1,near,second11/phase/3,16,sram-12,dram-12-1,9893,10918,9905,10931,12,13,1,0,0,1.0,-1
U1,near,second15/phase/3,16,sram-0,dram-0-1,9936,10961,9948,10974,12,13,1,0,0,1.0,-1
U1,near,second0/phase/1,16384,sram-0,sram-1,10703,11728,11242,12267,539,539,256,0,451,1.0,0
U1,near,second0/phase/3,16,sram-1,dram-1-1,11498,12523,11510,12536,12,13,1,0,0,1.0,-1
U1,near,second1/phase/7,65536,dram-2-1,sram-2,12931,13957,13966,16016,1035,2059,1024,0,1987,1.0,-1024
U1,near,second2/phase/7,65536,dram-3-1,sram-3,12931,13957,13966,16016,1035,2059,1024,0,1987,1.0,-1024
U1,near,second4/phase/7,65536,dram-5-1,sram-5,12931,13957,13966,16016,1035,2059,1024,0,1987,1.0,-1024
U1,near,second5/phase/7,65536,dram-6-1,sram-6,12931,13957,13966,16016,1035,2059,1024,0,1987,1.0,-1024
U1,near,second6/phase/7,65536,dram-7-1,sram-7,12931,13957,13966,16016,1035,2059,1024,0,1987,1.0,-1024
U1,near,second8/phase/7,65536,dram-9-1,sram-9,12931,13957,13966,16016,1035,2059,1024,0,1987,1.0,-1024
U1,near,second9/phase/7,65536,dram-10-1,sram-10,12931,13957,13966,16016,1035,2059,1024,0,1987,1.0,-1024
U1,near,second10/phase/7,65536,dram-11-1,sram-11,12931,13957,13966,16016,1035,2059,1024,0,1987,1.0,-1024
U1,near,second12/phase/7,65536,dram-13-1,sram-13,12931,13957,13966,16016,1035,2059,1024,0,1987,1.0,-1024
U1,near,second13/phase/7,65536,dram-14-1,sram-14,12931,13957,13966,16016,1035,2059,1024,0,1987,1.0,-1024
U1,near,second14/phase/7,65536,dram-15-1,sram-15,12931,13957,13966,16016,1035,2059,1024,0,1987,1.0,-1024
U1,near,second3/phase/7,65536,dram-4-1,sram-4,12997,14023,14032,16082,1035,2059,1024,0,1987,1.0,-1024
U1,near,second7/phase/7,65536,dram-8-1,sram-8,12997,14023,14032,16082,1035,2059,1024,0,1987,1.0,-1024
U1,near,second11/phase/7,65536,dram-12-1,sram-12,13011,14037,14046,16096,1035,2059,1024,0,1987,1.0,-1024
U1,near,second15/phase/7,65536,dram-0-1,sram-0,13054,14080,14089,16139,1035,2059,1024,0,1987,1.0,-1024
U1,near,second0/phase/7,65536,dram-1-1,sram-1,14616,15642,15651,17701,1035,2059,1024,0,1987,1.0,-1024
U1,near,second1/phase/13,16384,sram-2,dram-2-0,18830,20880,19097,21403,267,523,256,0,451,1.0,-256
U1,near,second2/phase/13,16384,sram-3,dram-3-0,18830,20880,19097,21403,267,523,256,0,451,1.0,-256
U1,near,second4/phase/13,16384,sram-5,dram-5-0,18830,20880,19097,21403,267,523,256,0,451,1.0,-256
U1,near,second5/phase/13,16384,sram-6,dram-6-0,18830,20880,19097,21403,267,523,256,0,451,1.0,-256
U1,near,second6/phase/13,16384,sram-7,dram-7-0,18830,20880,19097,21403,267,523,256,0,451,1.0,-256
U1,near,second8/phase/13,16384,sram-9,dram-9-0,18830,20880,19097,21403,267,523,256,0,451,1.0,-256
U1,near,second9/phase/13,16384,sram-10,dram-10-0,18830,20880,19097,21403,267,523,256,0,451,1.0,-256
U1,near,second10/phase/13,16384,sram-11,dram-11-0,18830,20880,19097,21403,267,523,256,0,451,1.0,-256
U1,near,second12/phase/13,16384,sram-13,dram-13-0,18830,20880,19097,21403,267,523,256,0,451,1.0,-256
U1,near,second13/phase/13,16384,sram-14,dram-14-0,18830,20880,19097,21403,267,523,256,0,451,1.0,-256
U1,near,second14/phase/13,16384,sram-15,dram-15-0,18830,20880,19097,21403,267,523,256,0,451,1.0,-256
U1,near,second3/phase/13,16384,sram-4,dram-4-0,18896,20946,19163,21469,267,523,256,0,451,1.0,-256
U1,near,second7/phase/13,16384,sram-8,dram-8-0,18896,20946,19163,21469,267,523,256,0,451,1.0,-256
U1,near,second11/phase/13,16384,sram-12,dram-12-0,18910,20960,19177,21483,267,523,256,0,451,1.0,-256
U1,near,second15/phase/13,16384,sram-0,dram-0-0,18953,21003,19220,21526,267,523,256,0,451,1.0,-256
U1,near,second1/phase/16,16,dram-2-0,sram-2,19899,22205,19911,22218,12,13,1,0,0,1.0,-1
U1,near,second2/phase/16,16,dram-3-0,sram-3,19899,22205,19911,22218,12,13,1,0,0,1.0,-1
U1,near,second4/phase/16,16,dram-5-0,sram-5,19899,22205,19911,22218,12,13,1,0,0,1.0,-1
U1,near,second5/phase/16,16,dram-6-0,sram-6,19899,22205,19911,22218,12,13,1,0,0,1.0,-1
U1,near,second6/phase/16,16,dram-7-0,sram-7,19899,22205,19911,22218,12,13,1,0,0,1.0,-1
U1,near,second8/phase/16,16,dram-9-0,sram-9,19899,22205,19911,22218,12,13,1,0,0,1.0,-1
U1,near,second9/phase/16,16,dram-10-0,sram-10,19899,22205,19911,22218,12,13,1,0,0,1.0,-1
U1,near,second10/phase/16,16,dram-11-0,sram-11,19899,22205,19911,22218,12,13,1,0,0,1.0,-1
U1,near,second12/phase/16,16,dram-13-0,sram-13,19899,22205,19911,22218,12,13,1,0,0,1.0,-1
U1,near,second13/phase/16,16,dram-14-0,sram-14,19899,22205,19911,22218,12,13,1,0,0,1.0,-1
U1,near,second14/phase/16,16,dram-15-0,sram-15,19899,22205,19911,22218,12,13,1,0,0,1.0,-1
U1,near,second3/phase/16,16,dram-4-0,sram-4,19965,22271,19977,22284,12,13,1,0,0,1.0,-1
U1,near,second7/phase/16,16,dram-8-0,sram-8,19965,22271,19977,22284,12,13,1,0,0,1.0,-1
U1,near,second11/phase/16,16,dram-12-0,sram-12,19979,22285,19991,22298,12,13,1,0,0,1.0,-1
U1,near,second15/phase/16,16,dram-0-0,sram-0,20022,22328,20034,22341,12,13,1,0,0,1.0,-1
U1,near,second0/phase/13,16384,sram-1,dram-1-0,20515,22565,20782,23088,267,523,256,0,451,1.0,-256
U1,near,second0/phase/16,16,dram-1-0,sram-1,21584,23890,21596,23903,12,13,1,0,0,1.0,-1
U0,opposite,first0/phase/0,16,sram-0,host-memory,0,0,32,32,32,32,1,0,0,1.0,0
U0,opposite,first1/phase/0,16,sram-1,dram-9-0,0,0,12,55,12,55,1,0,0,3.0,-43
U0,opposite,first2/phase/0,16,sram-2,dram-10-0,0,0,12,55,12,55,1,0,0,3.0,-43
U0,opposite,first3/phase/0,16,sram-3,dram-11-0,0,0,12,55,12,55,1,0,0,3.0,-43
U0,opposite,first4/phase/0,16,sram-4,dram-12-0,0,0,12,55,12,55,1,0,0,3.0,-43
U0,opposite,first5/phase/0,16,sram-5,dram-13-0,0,0,12,55,12,55,1,0,0,3.0,-43
U0,opposite,first6/phase/0,16,sram-6,dram-14-0,0,0,12,55,12,55,1,0,0,3.0,-43
U0,opposite,first7/phase/0,16,sram-7,dram-15-0,0,0,12,55,12,55,1,0,0,3.0,-43
U0,opposite,first8/phase/0,16,sram-8,dram-0-0,0,0,12,55,12,55,1,0,0,3.0,-43
U0,opposite,first9/phase/0,16,sram-9,dram-1-0,0,0,12,55,12,55,1,0,0,3.0,-43
U0,opposite,first10/phase/0,16,sram-10,dram-2-0,0,0,12,55,12,55,1,0,0,3.0,-43
U0,opposite,first11/phase/0,16,sram-11,dram-3-0,0,0,12,55,12,55,1,0,0,3.0,-43
U0,opposite,first12/phase/0,16,sram-12,dram-4-0,0,0,12,55,12,55,1,0,0,3.0,-43
U0,opposite,first13/phase/0,16,sram-13,dram-5-0,0,0,12,55,12,55,1,0,0,3.0,-43
U0,opposite,first14/phase/0,16,sram-14,dram-6-0,0,0,12,55,12,55,1,0,0,3.0,-43
U0,opposite,first15/phase/0,16,sram-15,dram-7-0,0,0,12,55,12,55,1,0,0,3.0,-43
U0,opposite,first0/phase/4,16384,host-memory,sram-0,888,888,1430,1430,542,542,256,0,451,1.0,0
U0,opposite,first0/phase/6,16,sram-0,dram-8-0,1686,1686,1698,1741,12,55,1,0,0,3.0,-43
U0,opposite,first8/phase/4,65536,dram-0-0,sram-8,619,3161,1654,7289,1035,4128,1024,0,3760,3.0,-3093
U0,opposite,first9/phase/4,65536,dram-1-0,sram-9,683,3161,1718,7290,1035,4129,1024,0,3760,3.0,-3094
U0,opposite,first10/phase/4,65536,dram-2-0,sram-10,747,3161,1782,7290,1035,4129,1024,0,3760,3.0,-3094
U0,opposite,first11/phase/4,65536,dram-3-0,sram-11,811,3161,1846,7290,1035,4129,1024,0,3760,3.0,-3094
U0,opposite,first12/phase/4,65536,dram-4-0,sram-12,875,3161,1910,7288,1035,4127,1024,0,3828,3.0,-3092
U0,opposite,first13/phase/4,65536,dram-5-0,sram-13,939,3161,1974,7289,1035,4128,1024,0,3828,3.0,-3093
U0,opposite,first14/phase/4,65536,dram-6-0,sram-14,1003,3161,2038,7289,1035,4128,1024,0,3828,3.0,-3093
U0,opposite,first15/phase/4,65536,dram-7-0,sram-15,1067,3161,2102,7289,1035,4128,1024,0,3828,3.0,-3093
U0,opposite,first1/phase/4,65536,dram-9-0,sram-1,171,3161,1206,7289,1035,4128,1024,0,3828,3.0,-3093
U0,opposite,first2/phase/4,65536,dram-10-0,sram-2,235,3161,1270,7289,1035,4128,1024,0,3828,3.0,-3093
U0,opposite,first3/phase/4,65536,dram-11-0,sram-3,299,3161,1334,7289,1035,4128,1024,0,3828,3.0,-3093
U0,opposite,first4/phase/4,65536,dram-12-0,sram-4,363,3161,1398,5644,1035,2483,1024,0,2095,3.0,-1448
U0,opposite,first5/phase/4,65536,dram-13-0,sram-5,427,3161,1462,7290,1035,4129,1024,0,3760,3.0,-3094
U0,opposite,first6/phase/4,65536,dram-14-0,sram-6,491,3161,1526,7290,1035,4129,1024,0,3760,3.0,-3094
U0,opposite,first7/phase/4,65536,dram-15-0,sram-7,555,3161,1590,7290,1035,4129,1024,0,3760,3.0,-3094
U0,opposite,first0/phase/10,65536,dram-8-0,sram-0,1857,4847,2892,7332,1035,2485,1024,0,2313,3.0,-1450
U0,opposite,second4/phase/1,16384,sram-4,sram-5,6262,10508,6801,11047,539,539,256,0,451,1.0,0
U0,opposite,second4/phase/3,16,sram-5,dram-13-1,7057,11303,7069,11358,12,55,1,0,0,3.0,-43
U0,opposite,second12/phase/1,16384,sram-12,sram-13,6774,12152,7313,12691,539,539,256,0,451,1.0,0
U0,opposite,second1/phase/1,16384,sram-1,sram-2,6070,12153,6609,12693,539,540,256,0,451,1.0,-1
U0,opposite,second2/phase/1,16384,sram-2,sram-3,6134,12153,6674,12693,540,540,256,0,451,1.0,0
U0,opposite,second3/phase/1,16384,sram-3,sram-4,6198,12153,6800,12757,602,604,256,0,451,4.0,-2
U0,opposite,second8/phase/1,16384,sram-8,sram-9,6518,12153,7058,12692,540,539,256,0,451,1.0,1
U0,opposite,second13/phase/1,16384,sram-13,sram-14,6838,12153,7378,12693,540,540,256,0,451,1.0,0
U0,opposite,second14/phase/1,16384,sram-14,sram-15,6902,12153,7441,12693,539,540,256,0,451,1.0,-1
U0,opposite,second15/phase/1,16384,sram-15,sram-0,6966,12153,7611,12814,645,661,256,0,465,6.0,-16
U0,opposite,second5/phase/1,16384,sram-5,sram-6,6326,12154,6866,12694,540,540,256,0,451,1.0,0
U0,opposite,second6/phase/1,16384,sram-6,sram-7,6390,12154,6929,12694,539,540,256,0,451,1.0,-1
U0,opposite,second7/phase/1,16384,sram-7,sram-8,6454,12154,7058,12759,604,605,256,0,451,4.0,-1
U0,opposite,second9/phase/1,16384,sram-9,sram-10,6582,12154,7121,12694,539,540,256,0,451,1.0,-1
U0,opposite,second10/phase/1,16384,sram-10,sram-11,6646,12154,7186,12694,540,540,256,0,451,1.0,0
U0,opposite,second11/phase/1,16384,sram-11,sram-12,6710,12154,7330,12772,620,618,256,0,451,4.0,2
U0,opposite,second0/phase/1,16384,sram-0,sram-1,7756,12196,8295,12735,539,539,256,0,451,1.0,0
U0,opposite,second12/phase/3,16,sram-13,dram-5-1,7569,12947,7581,13002,12,55,1,0,0,3.0,-43
U0,opposite,second8/phase/3,16,sram-9,dram-1-1,7314,12948,7326,13003,12,55,1,0,0,3.0,-43
U0,opposite,second1/phase/3,16,sram-2,dram-10-1,6865,12949,6877,13004,12,55,1,0,0,3.0,-43
U0,opposite,second2/phase/3,16,sram-3,dram-11-1,6930,12949,6942,13004,12,55,1,0,0,3.0,-43
U0,opposite,second13/phase/3,16,sram-14,dram-6-1,7634,12949,7646,13004,12,55,1,0,0,3.0,-43
U0,opposite,second14/phase/3,16,sram-15,dram-7-1,7697,12949,7709,13004,12,55,1,0,0,3.0,-43
U0,opposite,second5/phase/3,16,sram-6,dram-14-1,7122,12950,7134,13006,12,56,1,0,0,3.0,-44
U0,opposite,second6/phase/3,16,sram-7,dram-15-1,7185,12950,7197,13006,12,56,1,0,0,3.0,-44
U0,opposite,second9/phase/3,16,sram-10,dram-2-1,7377,12950,7389,13006,12,56,1,0,0,3.0,-44
U0,opposite,second10/phase/3,16,sram-11,dram-3-1,7442,12950,7454,13006,12,56,1,0,0,3.0,-44
U0,opposite,second0/phase/3,16,sram-1,dram-9-1,8551,12991,8563,13047,12,56,1,0,0,3.0,-44
U0,opposite,second3/phase/3,16,sram-4,dram-12-1,7056,13013,7068,13068,12,55,1,0,0,3.0,-43
U0,opposite,second7/phase/3,16,sram-8,dram-0-1,7314,13015,7326,13070,12,55,1,0,0,3.0,-43
U0,opposite,second11/phase/3,16,sram-12,dram-4-1,7586,13028,7598,13083,12,55,1,0,0,3.0,-43
U0,opposite,second15/phase/3,16,sram-0,dram-8-1,8012,13070,8024,13125,12,55,1,0,0,3.0,-43
U0,opposite,second4/phase/7,65536,dram-13-1,sram-5,7291,14464,8326,16945,1035,2481,1024,0,2093,3.0,-1446
U0,opposite,second12/phase/7,65536,dram-5-1,sram-13,7741,16108,8776,20235,1035,4127,1024,0,3828,3.0,-3092
U0,opposite,second8/phase/7,65536,dram-1-1,sram-9,7549,16109,8584,20236,1035,4127,1024,0,3759,3.0,-3092
U0,opposite,second13/phase/7,65536,dram-6-1,sram-14,7869,16110,8904,20236,1035,4126,1024,0,3826,3.0,-3091
U0,opposite,second14/phase/7,65536,dram-7-1,sram-15,7933,16110,8968,20236,1035,4126,1024,0,3826,3.0,-3091
U0,opposite,second1/phase/7,65536,dram-10-1,sram-2,7036,16110,8071,20236,1035,4126,1024,0,3826,3.0,-3091
U0,opposite,second2/phase/7,65536,dram-11-1,sram-3,7101,16110,8136,20236,1035,4126,1024,0,3826,3.0,-3091
U0,opposite,second9/phase/7,65536,dram-2-1,sram-10,7613,16112,8648,20239,1035,4127,1024,0,3760,3.0,-3092
U0,opposite,second10/phase/7,65536,dram-3-1,sram-11,7677,16112,8712,20239,1035,4127,1024,0,3760,3.0,-3092
U0,opposite,second5/phase/7,65536,dram-14-1,sram-6,7355,16112,8390,20239,1035,4127,1024,0,3760,3.0,-3092
U0,opposite,second6/phase/7,65536,dram-15-1,sram-7,7419,16112,8454,20239,1035,4127,1024,0,3760,3.0,-3092
U0,opposite,second0/phase/7,65536,dram-9-1,sram-1,8722,16153,9757,18634,1035,2481,1024,0,2310,3.0,-1446
U0,opposite,second3/phase/7,65536,dram-12-1,sram-4,7227,16174,8262,20288,1035,4114,1024,0,3725,3.0,-3079
U0,opposite,second7/phase/7,65536,dram-0-1,sram-8,7485,16176,8520,20318,1035,4142,1024,0,3759,3.0,-3107
U0,opposite,second11/phase/7,65536,dram-4-1,sram-12,7805,16189,8840,20331,1035,4142,1024,0,3842,3.0,-3107
U0,opposite,second15/phase/7,65536,dram-8-1,sram-0,8183,16231,9218,20345,1035,4114,1024,0,3848,3.0,-3079
U0,opposite,second4/phase/13,16384,sram-5,dram-13-0,13190,21809,13457,22374,267,565,256,0,451,3.0,-298
U0,opposite,second4/phase/16,16,dram-13-0,sram-5,13520,23176,13532,23231,12,55,1,0,0,3.0,-43
U0,opposite,second0/phase/13,16384,sram-1,dram-9-0,14621,23498,14888,24063,267,565,256,0,451,3.0,-298
U0,opposite,second0/phase/16,16,dram-9-0,sram-1,14951,24865,14963,24920,12,55,1,0,0,3.0,-43
U0,opposite,second12/phase/13,16384,sram-13,dram-5-0,13640,25099,13907,26156,267,1057,256,0,808,3.0,-790
U0,opposite,second1/phase/13,16384,sram-2,dram-10-0,12935,25100,13202,26160,267,1060,256,0,808,3.0,-793
U0,opposite,second2/phase/13,16384,sram-3,dram-11-0,13000,25100,13267,26160,267,1060,256,0,808,3.0,-793
U0,opposite,second8/phase/13,16384,sram-9,dram-1-0,13448,25100,13715,26157,267,1057,256,0,879,3.0,-790
U0,opposite,second13/phase/13,16384,sram-14,dram-6-0,13768,25100,14035,26160,267,1060,256,0,808,3.0,-793
U0,opposite,second14/phase/13,16384,sram-15,dram-7-0,13832,25100,14099,26160,267,1060,256,0,808,3.0,-793
U0,opposite,second5/phase/13,16384,sram-6,dram-14-0,13254,25103,13521,26163,267,1060,256,0,881,3.0,-793
U0,opposite,second6/phase/13,16384,sram-7,dram-15-0,13318,25103,13585,26163,267,1060,256,0,881,3.0,-793
U0,opposite,second9/phase/13,16384,sram-10,dram-2-0,13512,25103,13779,26163,267,1060,256,0,881,3.0,-793
U0,opposite,second10/phase/13,16384,sram-11,dram-3-0,13576,25103,13843,26163,267,1060,256,0,881,3.0,-793
U0,opposite,second3/phase/13,16384,sram-4,dram-12-0,13126,25152,13393,26151,267,999,256,0,821,3.0,-732
U0,opposite,second7/phase/13,16384,sram-8,dram-0-0,13384,25182,13651,26224,267,1042,256,0,863,3.0,-775
U0,opposite,second11/phase/13,16384,sram-12,dram-4-0,13704,25195,13971,26239,267,1044,256,0,810,3.0,-777
U0,opposite,second15/phase/13,16384,sram-0,dram-8-0,14082,25209,14349,26208,267,999,256,0,808,3.0,-732
U0,opposite,second3/phase/16,16,dram-12-0,sram-4,13456,26953,13468,27008,12,55,1,0,0,3.0,-43
U0,opposite,second12/phase/16,16,dram-5-0,sram-13,13970,26958,13982,27013,12,55,1,0,0,3.0,-43
U0,opposite,second8/phase/16,16,dram-1-0,sram-9,13778,26959,13790,27014,12,55,1,0,0,3.0,-43
U0,opposite,second13/phase/16,16,dram-6-0,sram-14,14098,26962,14110,27017,12,55,1,0,0,3.0,-43
U0,opposite,second14/phase/16,16,dram-7-0,sram-15,14162,26962,14174,27017,12,55,1,0,0,3.0,-43
U0,opposite,second1/phase/16,16,dram-10-0,sram-2,13265,26962,13277,27017,12,55,1,0,0,3.0,-43
U0,opposite,second2/phase/16,16,dram-11-0,sram-3,13330,26962,13342,27017,12,55,1,0,0,3.0,-43
U0,opposite,second9/phase/16,16,dram-2-0,sram-10,13842,26965,13854,27020,12,55,1,0,0,3.0,-43
U0,opposite,second10/phase/16,16,dram-3-0,sram-11,13906,26965,13918,27020,12,55,1,0,0,3.0,-43
U0,opposite,second5/phase/16,16,dram-14-0,sram-6,13584,26965,13596,27020,12,55,1,0,0,3.0,-43
U0,opposite,second6/phase/16,16,dram-15-0,sram-7,13648,26965,13660,27020,12,55,1,0,0,3.0,-43
U0,opposite,second15/phase/16,16,dram-8-0,sram-0,14412,27010,14424,27065,12,55,1,0,0,3.0,-43
U0,opposite,second7/phase/16,16,dram-0-0,sram-8,13714,27026,13726,27081,12,55,1,0,0,3.0,-43
U0,opposite,second11/phase/16,16,dram-4-0,sram-12,14034,27041,14046,27096,12,55,1,0,0,3.0,-43
U1,opposite,first0/phase/0,16,sram-0,host-memory,0,0,32,32,32,32,1,0,0,1.0,0
U1,opposite,first1/phase/0,16,sram-1,dram-9-0,0,0,12,55,12,55,1,0,0,3.0,-43
U1,opposite,first2/phase/0,16,sram-2,dram-10-0,0,0,12,55,12,55,1,0,0,3.0,-43
U1,opposite,first3/phase/0,16,sram-3,dram-11-0,0,0,12,55,12,55,1,0,0,3.0,-43
U1,opposite,first4/phase/0,16,sram-4,dram-12-0,0,0,12,55,12,55,1,0,0,3.0,-43
U1,opposite,first5/phase/0,16,sram-5,dram-13-0,0,0,12,55,12,55,1,0,0,3.0,-43
U1,opposite,first6/phase/0,16,sram-6,dram-14-0,0,0,12,55,12,55,1,0,0,3.0,-43
U1,opposite,first7/phase/0,16,sram-7,dram-15-0,0,0,12,55,12,55,1,0,0,3.0,-43
U1,opposite,first8/phase/0,16,sram-8,dram-0-0,0,0,12,55,12,55,1,0,0,3.0,-43
U1,opposite,first9/phase/0,16,sram-9,dram-1-0,0,0,12,55,12,55,1,0,0,3.0,-43
U1,opposite,first10/phase/0,16,sram-10,dram-2-0,0,0,12,55,12,55,1,0,0,3.0,-43
U1,opposite,first11/phase/0,16,sram-11,dram-3-0,0,0,12,55,12,55,1,0,0,3.0,-43
U1,opposite,first12/phase/0,16,sram-12,dram-4-0,0,0,12,55,12,55,1,0,0,3.0,-43
U1,opposite,first13/phase/0,16,sram-13,dram-5-0,0,0,12,55,12,55,1,0,0,3.0,-43
U1,opposite,first14/phase/0,16,sram-14,dram-6-0,0,0,12,55,12,55,1,0,0,3.0,-43
U1,opposite,first15/phase/0,16,sram-15,dram-7-0,0,0,12,55,12,55,1,0,0,3.0,-43
U1,opposite,first0/phase/4,16384,host-memory,sram-0,888,888,1430,1430,542,542,256,0,451,1.0,0
U1,opposite,first0/phase/6,16,sram-0,dram-8-0,1686,1686,1698,1741,12,55,1,0,0,3.0,-43
U1,opposite,first8/phase/4,65536,dram-0-0,sram-8,3118,3161,4153,7289,1035,4128,1024,0,3760,3.0,-3093
U1,opposite,first9/phase/4,65536,dram-1-0,sram-9,3118,3161,4153,7290,1035,4129,1024,0,3760,3.0,-3094
U1,opposite,first10/phase/4,65536,dram-2-0,sram-10,3118,3161,4153,7290,1035,4129,1024,0,3760,3.0,-3094
U1,opposite,first11/phase/4,65536,dram-3-0,sram-11,3118,3161,4153,7290,1035,4129,1024,0,3760,3.0,-3094
U1,opposite,first12/phase/4,65536,dram-4-0,sram-12,3118,3161,4153,7288,1035,4127,1024,0,3828,3.0,-3092
U1,opposite,first13/phase/4,65536,dram-5-0,sram-13,3118,3161,4153,7289,1035,4128,1024,0,3828,3.0,-3093
U1,opposite,first14/phase/4,65536,dram-6-0,sram-14,3118,3161,4153,7289,1035,4128,1024,0,3828,3.0,-3093
U1,opposite,first15/phase/4,65536,dram-7-0,sram-15,3118,3161,4153,7289,1035,4128,1024,0,3828,3.0,-3093
U1,opposite,first1/phase/4,65536,dram-9-0,sram-1,3118,3161,4153,7289,1035,4128,1024,0,3828,3.0,-3093
U1,opposite,first2/phase/4,65536,dram-10-0,sram-2,3118,3161,4153,7289,1035,4128,1024,0,3828,3.0,-3093
U1,opposite,first3/phase/4,65536,dram-11-0,sram-3,3118,3161,4153,7289,1035,4128,1024,0,3828,3.0,-3093
U1,opposite,first4/phase/4,65536,dram-12-0,sram-4,3118,3161,4153,5644,1035,2483,1024,0,2095,3.0,-1448
U1,opposite,first5/phase/4,65536,dram-13-0,sram-5,3118,3161,4153,7290,1035,4129,1024,0,3760,3.0,-3094
U1,opposite,first6/phase/4,65536,dram-14-0,sram-6,3118,3161,4153,7290,1035,4129,1024,0,3760,3.0,-3094
U1,opposite,first7/phase/4,65536,dram-15-0,sram-7,3118,3161,4153,7290,1035,4129,1024,0,3760,3.0,-3094
U1,opposite,first0/phase/10,65536,dram-8-0,sram-0,4804,4847,5839,7332,1035,2485,1024,0,2313,3.0,-1450
U1,opposite,second4/phase/1,16384,sram-4,sram-5,9017,10508,9557,11047,540,539,256,0,451,1.0,1
U1,opposite,second4/phase/3,16,sram-5,dram-13-1,9813,11303,9825,11358,12,55,1,0,0,3.0,-43
U1,opposite,second12/phase/1,16384,sram-12,sram-13,9017,12152,9557,12691,540,539,256,0,451,1.0,1
U1,opposite,second1/phase/1,16384,sram-1,sram-2,9017,12153,9557,12693,540,540,256,0,451,1.0,0
U1,opposite,second2/phase/1,16384,sram-2,sram-3,9017,12153,9557,12693,540,540,256,0,451,1.0,0
U1,opposite,second3/phase/1,16384,sram-3,sram-4,9017,12153,9623,12757,606,604,256,0,451,4.0,2
U1,opposite,second8/phase/1,16384,sram-8,sram-9,9017,12153,9557,12692,540,539,256,0,451,1.0,1
U1,opposite,second13/phase/1,16384,sram-13,sram-14,9017,12153,9557,12693,540,540,256,0,451,1.0,0
U1,opposite,second14/phase/1,16384,sram-14,sram-15,9017,12153,9557,12693,540,540,256,0,451,1.0,0
U1,opposite,second15/phase/1,16384,sram-15,sram-0,9017,12153,9680,12814,663,661,256,0,465,6.0,2
U1,opposite,second5/phase/1,16384,sram-5,sram-6,9017,12154,9557,12694,540,540,256,0,451,1.0,0
U1,opposite,second6/phase/1,16384,sram-6,sram-7,9017,12154,9557,12694,540,540,256,0,451,1.0,0
U1,opposite,second7/phase/1,16384,sram-7,sram-8,9017,12154,9623,12759,606,605,256,0,451,4.0,1
U1,opposite,second9/phase/1,16384,sram-9,sram-10,9017,12154,9557,12694,540,540,256,0,451,1.0,0
U1,opposite,second10/phase/1,16384,sram-10,sram-11,9017,12154,9557,12694,540,540,256,0,451,1.0,0
U1,opposite,second11/phase/1,16384,sram-11,sram-12,9017,12154,9637,12772,620,618,256,0,451,4.0,2
U1,opposite,second0/phase/1,16384,sram-0,sram-1,10703,12196,11242,12735,539,539,256,0,451,1.0,0
U1,opposite,second12/phase/3,16,sram-13,dram-5-1,9813,12947,9825,13002,12,55,1,0,0,3.0,-43
U1,opposite,second8/phase/3,16,sram-9,dram-1-1,9813,12948,9825,13003,12,55,1,0,0,3.0,-43
U1,opposite,second1/phase/3,16,sram-2,dram-10-1,9813,12949,9825,13004,12,55,1,0,0,3.0,-43
U1,opposite,second2/phase/3,16,sram-3,dram-11-1,9813,12949,9825,13004,12,55,1,0,0,3.0,-43
U1,opposite,second13/phase/3,16,sram-14,dram-6-1,9813,12949,9825,13004,12,55,1,0,0,3.0,-43
U1,opposite,second14/phase/3,16,sram-15,dram-7-1,9813,12949,9825,13004,12,55,1,0,0,3.0,-43
U1,opposite,second5/phase/3,16,sram-6,dram-14-1,9813,12950,9825,13006,12,56,1,0,0,3.0,-44
U1,opposite,second6/phase/3,16,sram-7,dram-15-1,9813,12950,9825,13006,12,56,1,0,0,3.0,-44
U1,opposite,second9/phase/3,16,sram-10,dram-2-1,9813,12950,9825,13006,12,56,1,0,0,3.0,-44
U1,opposite,second10/phase/3,16,sram-11,dram-3-1,9813,12950,9825,13006,12,56,1,0,0,3.0,-44
U1,opposite,second0/phase/3,16,sram-1,dram-9-1,11498,12991,11510,13047,12,56,1,0,0,3.0,-44
U1,opposite,second3/phase/3,16,sram-4,dram-12-1,9879,13013,9891,13068,12,55,1,0,0,3.0,-43
U1,opposite,second7/phase/3,16,sram-8,dram-0-1,9879,13015,9891,13070,12,55,1,0,0,3.0,-43
U1,opposite,second11/phase/3,16,sram-12,dram-4-1,9893,13028,9905,13083,12,55,1,0,0,3.0,-43
U1,opposite,second15/phase/3,16,sram-0,dram-8-1,9936,13070,9948,13125,12,55,1,0,0,3.0,-43
U1,opposite,second4/phase/7,65536,dram-13-1,sram-5,12931,14464,13966,16945,1035,2481,1024,0,2093,3.0,-1446
U1,opposite,second12/phase/7,65536,dram-5-1,sram-13,12931,16108,13966,20235,1035,4127,1024,0,3828,3.0,-3092
U1,opposite,second8/phase/7,65536,dram-1-1,sram-9,12931,16109,13966,20236,1035,4127,1024,0,3759,3.0,-3092
U1,opposite,second13/phase/7,65536,dram-6-1,sram-14,12931,16110,13966,20236,1035,4126,1024,0,3826,3.0,-3091
U1,opposite,second14/phase/7,65536,dram-7-1,sram-15,12931,16110,13966,20236,1035,4126,1024,0,3826,3.0,-3091
U1,opposite,second1/phase/7,65536,dram-10-1,sram-2,12931,16110,13966,20236,1035,4126,1024,0,3826,3.0,-3091
U1,opposite,second2/phase/7,65536,dram-11-1,sram-3,12931,16110,13966,20236,1035,4126,1024,0,3826,3.0,-3091
U1,opposite,second9/phase/7,65536,dram-2-1,sram-10,12931,16112,13966,20239,1035,4127,1024,0,3760,3.0,-3092
U1,opposite,second10/phase/7,65536,dram-3-1,sram-11,12931,16112,13966,20239,1035,4127,1024,0,3760,3.0,-3092
U1,opposite,second5/phase/7,65536,dram-14-1,sram-6,12931,16112,13966,20239,1035,4127,1024,0,3760,3.0,-3092
U1,opposite,second6/phase/7,65536,dram-15-1,sram-7,12931,16112,13966,20239,1035,4127,1024,0,3760,3.0,-3092
U1,opposite,second0/phase/7,65536,dram-9-1,sram-1,14616,16153,15651,18634,1035,2481,1024,0,2310,3.0,-1446
U1,opposite,second3/phase/7,65536,dram-12-1,sram-4,12997,16174,14032,20288,1035,4114,1024,0,3725,3.0,-3079
U1,opposite,second7/phase/7,65536,dram-0-1,sram-8,12997,16176,14032,20318,1035,4142,1024,0,3759,3.0,-3107
U1,opposite,second11/phase/7,65536,dram-4-1,sram-12,13011,16189,14046,20331,1035,4142,1024,0,3842,3.0,-3107
U1,opposite,second15/phase/7,65536,dram-8-1,sram-0,13054,16231,14089,20345,1035,4114,1024,0,3848,3.0,-3079
U1,opposite,second4/phase/13,16384,sram-5,dram-13-0,18830,21809,19097,22374,267,565,256,0,451,3.0,-298
U1,opposite,second4/phase/16,16,dram-13-0,sram-5,19899,23176,19911,23231,12,55,1,0,0,3.0,-43
U1,opposite,second0/phase/13,16384,sram-1,dram-9-0,20515,23498,20782,24063,267,565,256,0,451,3.0,-298
U1,opposite,second0/phase/16,16,dram-9-0,sram-1,21584,24865,21596,24920,12,55,1,0,0,3.0,-43
U1,opposite,second12/phase/13,16384,sram-13,dram-5-0,18830,25099,19097,26156,267,1057,256,0,808,3.0,-790
U1,opposite,second1/phase/13,16384,sram-2,dram-10-0,18830,25100,19097,26160,267,1060,256,0,808,3.0,-793
U1,opposite,second2/phase/13,16384,sram-3,dram-11-0,18830,25100,19097,26160,267,1060,256,0,808,3.0,-793
U1,opposite,second8/phase/13,16384,sram-9,dram-1-0,18830,25100,19097,26157,267,1057,256,0,879,3.0,-790
U1,opposite,second13/phase/13,16384,sram-14,dram-6-0,18830,25100,19097,26160,267,1060,256,0,808,3.0,-793
U1,opposite,second14/phase/13,16384,sram-15,dram-7-0,18830,25100,19097,26160,267,1060,256,0,808,3.0,-793
U1,opposite,second5/phase/13,16384,sram-6,dram-14-0,18830,25103,19097,26163,267,1060,256,0,881,3.0,-793
U1,opposite,second6/phase/13,16384,sram-7,dram-15-0,18830,25103,19097,26163,267,1060,256,0,881,3.0,-793
U1,opposite,second9/phase/13,16384,sram-10,dram-2-0,18830,25103,19097,26163,267,1060,256,0,881,3.0,-793
U1,opposite,second10/phase/13,16384,sram-11,dram-3-0,18830,25103,19097,26163,267,1060,256,0,881,3.0,-793
U1,opposite,second3/phase/13,16384,sram-4,dram-12-0,18896,25152,19163,26151,267,999,256,0,821,3.0,-732
U1,opposite,second7/phase/13,16384,sram-8,dram-0-0,18896,25182,19163,26224,267,1042,256,0,863,3.0,-775
U1,opposite,second11/phase/13,16384,sram-12,dram-4-0,18910,25195,19177,26239,267,1044,256,0,810,3.0,-777
U1,opposite,second15/phase/13,16384,sram-0,dram-8-0,18953,25209,19220,26208,267,999,256,0,808,3.0,-732
U1,opposite,second3/phase/16,16,dram-12-0,sram-4,19965,26953,19977,27008,12,55,1,0,0,3.0,-43
U1,opposite,second12/phase/16,16,dram-5-0,sram-13,19899,26958,19911,27013,12,55,1,0,0,3.0,-43
U1,opposite,second8/phase/16,16,dram-1-0,sram-9,19899,26959,19911,27014,12,55,1,0,0,3.0,-43
U1,opposite,second13/phase/16,16,dram-6-0,sram-14,19899,26962,19911,27017,12,55,1,0,0,3.0,-43
U1,opposite,second14/phase/16,16,dram-7-0,sram-15,19899,26962,19911,27017,12,55,1,0,0,3.0,-43
U1,opposite,second1/phase/16,16,dram-10-0,sram-2,19899,26962,19911,27017,12,55,1,0,0,3.0,-43
U1,opposite,second2/phase/16,16,dram-11-0,sram-3,19899,26962,19911,27017,12,55,1,0,0,3.0,-43
U1,opposite,second9/phase/16,16,dram-2-0,sram-10,19899,26965,19911,27020,12,55,1,0,0,3.0,-43
U1,opposite,second10/phase/16,16,dram-3-0,sram-11,19899,26965,19911,27020,12,55,1,0,0,3.0,-43
U1,opposite,second5/phase/16,16,dram-14-0,sram-6,19899,26965,19911,27020,12,55,1,0,0,3.0,-43
U1,opposite,second6/phase/16,16,dram-15-0,sram-7,19899,26965,19911,27020,12,55,1,0,0,3.0,-43
U1,opposite,second15/phase/16,16,dram-8-0,sram-0,20022,27010,20034,27065,12,55,1,0,0,3.0,-43
U1,opposite,second7/phase/16,16,dram-0-0,sram-8,19965,27026,19977,27081,12,55,1,0,0,3.0,-43
U1,opposite,second11/phase/16,16,dram-4-0,sram-12,19979,27041,19991,27096,12,55,1,0,0,3.0,-43
U0,single_controller,first0/phase/0,16,sram-0,host-memory,0,0,32,32,32,32,1,0,0,1.0,0
U0,single_controller,first1/phase/0,16,sram-1,dram-0-0,0,0,12,34,12,34,1,0,0,2.0,-22
U0,single_controller,first2/phase/0,16,sram-2,dram-0-0,0,0,12,55,12,55,1,0,0,3.0,-43
U0,single_controller,first3/phase/0,16,sram-3,dram-0-0,0,0,12,78,12,78,1,0,0,4.0,-66
U0,single_controller,first4/phase/0,16,sram-4,dram-0-0,0,0,12,36,12,36,1,0,0,2.0,-24
U0,single_controller,first5/phase/0,16,sram-5,dram-0-0,0,0,12,59,12,59,1,0,0,3.0,-47
U0,single_controller,first6/phase/0,16,sram-6,dram-0-0,0,0,12,82,12,82,1,0,0,4.0,-70
U0,single_controller,first7/phase/0,16,sram-7,dram-0-0,0,0,12,101,12,101,1,0,0,5.0,-89
U0,single_controller,first8/phase/0,16,sram-8,dram-0-0,0,0,12,57,12,57,1,0,0,3.0,-45
U0,single_controller,first9/phase/0,16,sram-9,dram-0-0,0,0,12,76,12,76,1,0,0,4.0,-64
U0,single_controller,first10/phase/0,16,sram-10,dram-0-0,0,0,12,99,12,99,1,0,0,5.0,-87
U0,single_controller,first11/phase/0,16,sram-11,dram-0-0,0,0,12,120,12,120,1,0,0,6.0,-108
U0,single_controller,first12/phase/0,16,sram-12,dram-0-0,0,0,12,80,12,80,1,0,0,4.0,-68
U0,single_controller,first13/phase/0,16,sram-13,dram-0-0,0,0,12,97,12,97,1,0,0,5.0,-85
U0,single_controller,first14/phase/0,16,sram-14,dram-0-0,0,0,12,118,12,118,1,0,0,6.0,-106
U0,single_controller,first15/phase/0,16,sram-15,dram-0-0,0,0,12,139,12,139,1,0,0,7.0,-127
U0,single_controller,first0/phase/4,16384,host-memory,sram-0,888,888,1430,1430,542,542,256,0,451,1.0,0
U0,single_controller,first0/phase/6,16,sram-0,dram-0-0,1686,1686,1698,1699,12,13,1,0,0,1.0,-1
U0,single_controller,first1/phase/4,65536,dram-0-0,sram-1,171,3140,1206,5220,1035,2080,1024,0,1987,2.0,-1045
U0,single_controller,first4/phase/4,65536,dram-0-0,sram-4,363,5188,1398,7268,1035,2080,1024,0,1987,2.0,-1045
U0,single_controller,first2/phase/4,65536,dram-0-0,sram-2,235,7236,1270,9337,1035,2101,1024,0,1987,3.0,-1066
U0,single_controller,first8/phase/4,65536,dram-0-0,sram-8,619,9284,1654,11385,1035,2101,1024,0,1987,3.0,-1066
U0,single_controller,first5/phase/4,65536,dram-0-0,sram-5,427,11332,1462,13433,1035,2101,1024,0,1987,3.0,-1066
U0,single_controller,second1/phase/1,16384,sram-1,sram-2,6134,12132,6673,12671,539,539,256,0,451,1.0,0
U0,single_controller,second1/phase/3,16,sram-2,dram-0-1,6929,12927,6941,12982,12,55,1,0,0,3.0,-43
U0,single_controller,first9/phase/4,65536,dram-0-0,sram-9,683,13380,1718,15502,1035,2122,1024,0,1987,4.0,-1087
U0,single_controller,second2/phase/1,16384,sram-2,sram-3,6198,14201,6738,14740,540,539,256,0,451,1.0,1
U0,single_controller,second2/phase/3,16,sram-3,dram-0-1,6994,14996,7006,15072,12,76,1,0,0,4.0,-64
U0,single_controller,first3/phase/4,65536,dram-0-0,sram-3,299,15428,1334,18574,1035,3146,1024,0,2947,4.0,-2111
U0,single_controller,second4/phase/1,16384,sram-4,sram-5,6326,16249,6865,16788,539,539,256,0,451,1.0,0
U0,single_controller,second1/phase/7,65536,dram-0-1,sram-2,7100,16452,8135,20599,1035,4147,1024,0,3969,3.0,-3112
U0,single_controller,second4/phase/3,16,sram-5,dram-0-1,7121,17044,7133,17100,12,56,1,0,0,3.0,-44
U0,single_controller,first12/phase/4,65536,dram-0-0,sram-12,875,17476,1910,22670,1035,5194,1024,903,4092,4.0,-4159
U0,single_controller,second5/phase/1,16384,sram-5,sram-6,6454,18297,6994,18836,540,539,256,0,451,1.0,1
U0,single_controller,second2/phase/7,65536,dram-0-1,sram-3,7165,18500,8200,24716,1035,6216,1024,1925,4092,4.0,-5181
U0,single_controller,second5/phase/3,16,sram-6,dram-0-1,7250,19092,7262,19168,12,76,1,0,0,4.0,-64
U0,single_controller,first6/phase/4,65536,dram-0-0,sram-6,491,19524,1526,26766,1035,7242,1024,2951,4092,4.0,-6207
U0,single_controller,second4/phase/7,65536,dram-0-1,sram-5,7355,20548,8390,28791,1035,8243,1024,3973,4092,3.0,-7208
U0,single_controller,first13/phase/4,65536,dram-0-0,sram-13,939,21572,1974,30883,1035,9311,1024,4999,4092,5.0,-8276
U0,single_controller,second5/phase/7,65536,dram-0-1,sram-6,7421,22596,8456,32908,1035,10312,1024,6021,4092,4.0,-9277
U0,single_controller,second3/phase/1,16384,sram-3,sram-4,6262,23438,6864,24040,602,602,256,0,451,4.0,0
U0,single_controller,first10/phase/4,65536,dram-0-0,sram-10,747,23620,1782,34979,1035,11359,1024,7047,4092,5.0,-10324
U0,single_controller,second3/phase/3,16,sram-4,dram-0-1,7120,24296,7132,24330,12,34,1,0,0,2.0,-22
U0,single_controller,second1/phase/13,16384,sram-2,dram-0-0,12999,25463,13266,26028,267,565,256,0,451,3.0,-298
U0,single_controller,first7/phase/4,65536,dram-0-0,sram-7,555,25668,1590,39075,1035,13407,1024,9095,4092,5.0,-12372
U0,single_controller,second3/phase/7,65536,dram-0-1,sram-4,7291,27436,8326,36962,1035,9526,1024,5277,4092,2.0,-8491
U0,single_controller,second8/phase/1,16384,sram-8,sram-9,6646,27534,7186,28074,540,540,256,0,451,1.0,0
U0,single_controller,second8/phase/3,16,sram-9,dram-0-1,7442,28330,7454,28406,12,76,1,0,0,4.0,-64
U0,single_controller,first14/phase/4,65536,dram-0-0,sram-14,1003,28460,2038,43192,1035,14732,1024,10399,4092,6.0,-13697
U0,single_controller,second2/phase/13,16384,sram-3,dram-0-0,13064,29580,13331,30166,267,586,256,0,451,4.0,-319
U0,single_controller,first11/phase/4,65536,dram-0-0,sram-11,811,29764,1846,47288,1035,17524,1024,13191,4092,6.0,-16489
U0,single_controller,second8/phase/7,65536,dram-0-1,sram-9,7677,31512,8712,41100,1035,9588,1024,5297,4092,4.0,-8553
U0,single_controller,second6/phase/1,16384,sram-6,sram-7,6518,31630,7057,32169,539,539,256,0,451,1.0,0
U0,single_controller,second6/phase/3,16,sram-7,dram-0-1,7313,32425,7325,32522,12,97,1,0,0,5.0,-85
U0,single_controller,first15/phase/4,65536,dram-0-0,sram-15,1067,32536,2102,51405,1035,18869,1024,14515,4092,7.0,-17834
U0,single_controller,second1/phase/16,16,dram-0-0,sram-2,13329,33348,13341,51325,12,17977,1,17799,0,3.0,-17965
U0,single_controller,second4/phase/13,16384,sram-5,dram-0-0,13254,33655,13521,34220,267,565,256,0,451,3.0,-298
U0,single_controller,second2/phase/16,16,dram-0-0,sram-3,13394,33860,13406,51350,12,17490,1,17291,0,4.0,-17478
U0,single_controller,first0/phase/10,65536,dram-0-0,sram-0,1857,33860,2892,55383,1035,21523,1024,17295,4092,1.0,-20488
U0,single_controller,second4/phase/16,16,dram-0-0,sram-5,13584,35022,13596,55429,12,20407,1,20229,0,3.0,-20395
U0,single_controller,second6/phase/7,65536,dram-0-1,sram-7,7485,35628,8520,45217,1035,9589,1024,5277,4092,5.0,-8554
U0,single_controller,second9/phase/1,16384,sram-9,sram-10,6774,35747,7313,36286,539,539,256,0,451,1.0,0
U0,single_controller,second9/phase/3,16,sram-10,dram-0-1,7569,37539,7581,37636,12,97,1,0,0,5.0,-85
U0,single_controller,second5/phase/13,16384,sram-6,dram-0-0,13320,37772,13587,38358,267,586,256,0,451,4.0,-319
U0,single_controller,second5/phase/16,16,dram-0-0,sram-6,13650,39160,13662,55454,12,16294,1,16095,0,4.0,-16282
U0,single_controller,second9/phase/7,65536,dram-0-1,sram-10,7741,40742,8776,49313,1035,8571,1024,4259,4092,5.0,-7536
U0,single_controller,second3/phase/13,16384,sram-4,dram-0-0,13190,41826,13457,42370,267,544,256,0,451,2.0,-277
U0,single_controller,second3/phase/16,16,dram-0-0,sram-4,13520,43172,13532,55416,12,12244,1,12087,0,2.0,-12232
U0,single_controller,second7/phase/1,16384,sram-7,sram-8,6582,43939,7186,44629,604,690,256,0,535,4.0,-86
U0,single_controller,second7/phase/3,16,sram-8,dram-0-1,7442,44885,7454,44940,12,55,1,0,0,3.0,-43
U0,single_controller,second8/phase/13,16384,sram-9,dram-0-0,13576,45964,13843,46550,267,586,256,0,451,4.0,-319
U0,single_controller,second8/phase/16,16,dram-0-0,sram-9,13906,47352,13918,55462,12,8110,1,7911,0,4.0,-8098
U0,single_controller,second7/phase/7,65536,dram-0-1,sram-8,7613,48046,8648,53367,1035,5321,1024,1051,4092,3.0,-4286
U0,single_controller,second10/phase/1,16384,sram-10,sram-11,6838,48056,7378,48596,540,540,256,0,452,1.0,0
U0,single_controller,second10/phase/3,16,sram-11,dram-0-1,7634,49848,7646,49966,12,118,1,0,0,6.0,-106
U0,single_controller,second6/phase/13,16384,sram-7,dram-0-0,13384,50081,13651,50688,267,607,256,0,451,5.0,-340
U0,single_controller,second6/phase/16,16,dram-0-0,sram-7,13714,51490,13726,55487,12,3997,1,3777,0,5.0,-3985
U0,single_controller,second12/phase/1,16384,sram-12,sram-13,6966,51581,7505,52120,539,539,256,0,451,1.0,0
U0,single_controller,second13/phase/1,16384,sram-13,sram-14,13894,51606,14434,52145,540,539,256,0,451,1.0,1
U0,single_controller,second11/phase/1,16384,sram-11,sram-12,6902,52152,7504,52754,602,602,256,0,451,4.0,0
U0,single_controller,second12/phase/3,16,sram-13,dram-0-1,7761,52376,7773,52474,12,98,1,0,0,5.0,-86
U0,single_controller,second13/phase/3,16,sram-14,dram-0-1,14690,52401,14702,52520,12,119,1,0,0,6.0,-107
U0,single_controller,second11/phase/3,16,sram-12,dram-0-1,7760,53010,7772,53086,12,76,1,0,0,4.0,-64
U0,single_controller,second10/phase/7,65536,dram-0-1,sram-11,7805,53072,8840,56520,1035,3448,1024,121,3148,6.0,-2413
U0,single_controller,second9/phase/13,16384,sram-10,dram-0-0,13640,54177,13907,54784,267,607,256,0,451,5.0,-340
U0,single_controller,second12/phase/7,65536,dram-0-1,sram-13,7995,55580,9030,58547,1035,2967,1024,763,2048,5.0,-1932
U0,single_controller,second14/phase/1,16384,sram-14,sram-15,13788,55672,14327,56211,539,539,256,0,451,1.0,0
U0,single_controller,second15/phase/1,16384,sram-15,sram-0,13852,56269,14499,56913,647,644,256,0,451,6.0,3
U0,single_controller,second9/phase/16,16,dram-0-0,sram-10,13970,56378,13982,56475,12,97,1,0,0,5.0,-85
U0,single_controller,second14/phase/3,16,sram-15,dram-0-1,14583,56525,14595,56920,12,395,1,197,0,7.0,-383
U0,single_controller,second13/phase/7,65536,dram-0-1,sram-14,14861,57628,15896,60674,1035,3046,1024,765,2046,6.0,-2011
U0,single_controller,second15/phase/3,16,sram-0,dram-0-1,14755,57943,14767,57956,12,13,1,0,0,1.0,-1
U0,single_controller,second7/phase/13,16384,sram-8,dram-0-0,13512,58231,13779,58796,267,565,256,0,451,3.0,-298
U0,single_controller,second11/phase/7,65536,dram-0-1,sram-12,7931,59676,8966,62680,1035,3004,1024,765,2048,4.0,-1969
U0,single_controller,second0/phase/1,16384,sram-0,sram-1,13597,60247,14136,60850,539,603,256,0,515,1.0,-64
U0,single_controller,second7/phase/16,16,dram-0-0,sram-8,13842,60474,13854,60585,12,111,1,0,0,3.0,-99
U0,single_controller,second0/phase/3,16,sram-1,dram-0-1,14392,61106,14404,61140,12,34,1,0,0,2.0,-22
U0,single_controller,second10/phase/13,16384,sram-11,dram-0-0,13704,61384,13971,62012,267,628,256,0,451,6.0,-361
U0,single_controller,second14/phase/7,65536,dram-0-1,sram-15,14754,61724,15789,64793,1035,3069,1024,767,2048,7.0,-2034
U0,single_controller,second10/phase/16,16,dram-0-0,sram-11,14034,62814,14046,62988,12,174,1,0,0,6.0,-162
U0,single_controller,second12/phase/13,16384,sram-13,dram-0-0,14150,63411,14417,64018,267,607,256,0,451,5.0,-340
U0,single_controller,second15/phase/7,65536,dram-0-1,sram-0,14926,63772,15961,66717,1035,2945,1024,769,2048,1.0,-1910
U0,single_controller,second12/phase/16,16,dram-0-0,sram-13,14515,64820,14527,64973,12,153,1,0,0,5.0,-141
U0,single_controller,second13/phase/13,16384,sram-14,dram-0-0,20760,65538,21027,66166,267,628,256,0,451,6.0,-361
U0,single_controller,second0/phase/7,65536,dram-0-1,sram-1,14563,65820,15598,68788,1035,2968,1024,771,2048,2.0,-1933
U0,single_controller,second13/phase/16,16,dram-0-0,sram-14,21090,66968,21102,67142,12,174,1,0,0,6.0,-162
U0,single_controller,second11/phase/13,16384,sram-12,dram-0-0,13830,67544,14097,68130,267,586,256,0,451,4.0,-319
U0,single_controller,second11/phase/16,16,dram-0-0,sram-12,14160,68932,14172,69008,12,76,1,0,0,4.0,-64
U0,single_controller,second14/phase/13,16384,sram-15,dram-0-0,20653,69657,20920,70306,267,649,256,0,451,7.0,-382
U0,single_controller,second14/phase/16,16,dram-0-0,sram-15,20983,71108,20995,71247,12,139,1,0,0,7.0,-127
U0,single_controller,second15/phase/13,16384,sram-0,dram-0-0,20825,71581,21092,72104,267,523,256,0,451,1.0,-256
U0,single_controller,second15/phase/16,16,dram-0-0,sram-0,21155,72906,21167,72919,12,13,1,0,0,1.0,-1
U0,single_controller,second0/phase/13,16384,sram-1,dram-0-0,20462,73652,20729,74196,267,544,256,0,451,2.0,-277
U0,single_controller,second0/phase/16,16,dram-0-0,sram-1,20792,74998,20804,75032,12,34,1,0,0,2.0,-22
U1,single_controller,first0/phase/0,16,sram-0,host-memory,0,0,32,32,32,32,1,0,0,1.0,0
U1,single_controller,first1/phase/0,16,sram-1,dram-0-0,0,0,12,34,12,34,1,0,0,2.0,-22
U1,single_controller,first2/phase/0,16,sram-2,dram-0-0,0,0,12,55,12,55,1,0,0,3.0,-43
U1,single_controller,first3/phase/0,16,sram-3,dram-0-0,0,0,12,78,12,78,1,0,0,4.0,-66
U1,single_controller,first4/phase/0,16,sram-4,dram-0-0,0,0,12,36,12,36,1,0,0,2.0,-24
U1,single_controller,first5/phase/0,16,sram-5,dram-0-0,0,0,12,59,12,59,1,0,0,3.0,-47
U1,single_controller,first6/phase/0,16,sram-6,dram-0-0,0,0,12,82,12,82,1,0,0,4.0,-70
U1,single_controller,first7/phase/0,16,sram-7,dram-0-0,0,0,12,101,12,101,1,0,0,5.0,-89
U1,single_controller,first8/phase/0,16,sram-8,dram-0-0,0,0,12,57,12,57,1,0,0,3.0,-45
U1,single_controller,first9/phase/0,16,sram-9,dram-0-0,0,0,12,76,12,76,1,0,0,4.0,-64
U1,single_controller,first10/phase/0,16,sram-10,dram-0-0,0,0,12,99,12,99,1,0,0,5.0,-87
U1,single_controller,first11/phase/0,16,sram-11,dram-0-0,0,0,12,120,12,120,1,0,0,6.0,-108
U1,single_controller,first12/phase/0,16,sram-12,dram-0-0,0,0,12,80,12,80,1,0,0,4.0,-68
U1,single_controller,first13/phase/0,16,sram-13,dram-0-0,0,0,12,97,12,97,1,0,0,5.0,-85
U1,single_controller,first14/phase/0,16,sram-14,dram-0-0,0,0,12,118,12,118,1,0,0,6.0,-106
U1,single_controller,first15/phase/0,16,sram-15,dram-0-0,0,0,12,139,12,139,1,0,0,7.0,-127
U1,single_controller,first0/phase/4,16384,host-memory,sram-0,888,888,1430,1430,542,542,256,0,451,1.0,0
U1,single_controller,first0/phase/6,16,sram-0,dram-0-0,1686,1686,1698,1699,12,13,1,0,0,1.0,-1
U1,single_controller,first1/phase/4,65536,dram-0-0,sram-1,3118,3140,4153,5220,1035,2080,1024,0,1987,2.0,-1045
U1,single_controller,first4/phase/4,65536,dram-0-0,sram-4,9262,5188,10297,7268,1035,2080,1024,0,1987,2.0,-1045
U1,single_controller,first2/phase/4,65536,dram-0-0,sram-2,5166,7236,6201,9337,1035,2101,1024,0,1987,3.0,-1066
U1,single_controller,first8/phase/4,65536,dram-0-0,sram-8,18050,9284,19085,11385,1035,2101,1024,0,1987,3.0,-1066
U1,single_controller,first5/phase/4,65536,dram-0-0,sram-5,11310,11332,12345,13433,1035,2101,1024,0,1987,3.0,-1066
U1,single_controller,second1/phase/1,16384,sram-1,sram-2,11065,12132,11604,12671,539,539,256,0,451,1.0,0
U1,single_controller,second1/phase/3,16,sram-2,dram-0-1,11860,12927,11872,12982,12,55,1,0,0,3.0,-43
U1,single_controller,first9/phase/4,65536,dram-0-0,sram-9,20161,13380,21196,15502,1035,2122,1024,0,1987,4.0,-1087
U1,single_controller,second2/phase/1,16384,sram-2,sram-3,13113,14201,13652,14740,539,539,256,0,451,1.0,0
U1,single_controller,second2/phase/3,16,sram-3,dram-0-1,13908,14996,13920,15072,12,76,1,0,0,4.0,-64
U1,single_controller,first3/phase/4,65536,dram-0-0,sram-3,7214,15428,8249,18574,1035,3146,1024,0,2947,4.0,-2111
U1,single_controller,second4/phase/1,16384,sram-4,sram-5,17209,16249,17748,16788,539,539,256,0,451,1.0,0
U1,single_controller,second1/phase/7,65536,dram-0-1,sram-2,14978,16452,16013,20599,1035,4147,1024,0,3969,3.0,-3112
U1,single_controller,second4/phase/3,16,sram-5,dram-0-1,18004,17044,18016,17100,12,56,1,0,0,3.0,-44
U1,single_controller,first12/phase/4,65536,dram-0-0,sram-12,25646,17476,26681,22670,1035,5194,1024,903,4092,4.0,-4159
U1,single_controller,second5/phase/1,16384,sram-5,sram-6,21901,18297,22440,18836,539,539,256,0,451,1.0,0
U1,single_controller,second2/phase/7,65536,dram-0-1,sram-3,17026,18500,18061,24716,1035,6216,1024,1925,4092,4.0,-5181
U1,single_controller,second5/phase/3,16,sram-6,dram-0-1,22696,19092,22708,19168,12,76,1,0,0,4.0,-64
U1,single_controller,first6/phase/4,65536,dram-0-0,sram-6,13358,19524,14393,26766,1035,7242,1024,2951,4092,4.0,-6207
U1,single_controller,second4/phase/7,65536,dram-0-1,sram-5,21185,20548,22220,28791,1035,8243,1024,3973,4092,3.0,-7208
U1,single_controller,first13/phase/4,65536,dram-0-0,sram-13,27950,21572,28985,30883,1035,9311,1024,4999,4092,5.0,-8276
U1,single_controller,second5/phase/7,65536,dram-0-1,sram-6,26670,22596,27705,32908,1035,10312,1024,6021,4092,4.0,-9277
U1,single_controller,second3/phase/1,16384,sram-3,sram-4,15161,23438,15763,24040,602,602,256,0,451,4.0,0
U1,single_controller,first10/phase/4,65536,dram-0-0,sram-10,22209,23620,23244,34979,1035,11359,1024,7047,4092,5.0,-10324
U1,single_controller,second3/phase/3,16,sram-4,dram-0-1,16019,24296,16031,24330,12,34,1,0,0,2.0,-22
U1,single_controller,second1/phase/13,16384,sram-2,dram-0-0,20877,25463,21144,26028,267,565,256,0,451,3.0,-298
U1,single_controller,first7/phase/4,65536,dram-0-0,sram-7,16002,25668,17037,39075,1035,13407,1024,9095,4092,5.0,-12372
U1,single_controller,second3/phase/7,65536,dram-0-1,sram-4,19137,27436,20172,36962,1035,9526,1024,5277,4092,2.0,-8491
U1,single_controller,second8/phase/1,16384,sram-8,sram-9,28108,27534,28647,28074,539,540,256,0,451,1.0,-1
U1,single_controller,second8/phase/3,16,sram-9,dram-0-1,28903,28330,28915,28406,12,76,1,0,0,4.0,-64
U1,single_controller,first14/phase/4,65536,dram-0-0,sram-14,30254,28460,31289,43192,1035,14732,1024,10399,4092,6.0,-13697
U1,single_controller,second2/phase/13,16384,sram-3,dram-0-0,22925,29580,23192,30166,267,586,256,0,451,4.0,-319
U1,single_controller,first11/phase/4,65536,dram-0-0,sram-11,23598,29764,24633,47288,1035,17524,1024,13191,4092,6.0,-16489
U1,single_controller,second8/phase/7,65536,dram-0-1,sram-9,33326,31512,34361,41100,1035,9588,1024,5297,4092,4.0,-8553
U1,single_controller,second6/phase/1,16384,sram-6,sram-7,23949,31630,24488,32169,539,539,256,0,451,1.0,0
U1,single_controller,second6/phase/3,16,sram-7,dram-0-1,24744,32425,24756,32522,12,97,1,0,0,5.0,-85
U1,single_controller,first15/phase/4,65536,dram-0-0,sram-15,32302,32536,33337,51405,1035,18869,1024,14515,4092,7.0,-17834
U1,single_controller,second1/phase/16,16,dram-0-0,sram-2,33326,33348,33338,51325,12,17977,1,17799,0,3.0,-17965
U1,single_controller,second4/phase/13,16384,sram-5,dram-0-0,27084,33655,27351,34220,267,565,256,0,451,3.0,-298
U1,single_controller,second2/phase/16,16,dram-0-0,sram-3,33838,33860,33850,51350,12,17490,1,17291,0,4.0,-17478
U1,single_controller,first0/phase/10,65536,dram-0-0,sram-0,34350,33860,35385,55383,1035,21523,1024,17295,4092,1.0,-20488
U1,single_controller,second4/phase/16,16,dram-0-0,sram-5,34862,35022,34874,55429,12,20407,1,20229,0,3.0,-20395
U1,single_controller,second6/phase/7,65536,dram-0-1,sram-7,28974,35628,30009,45217,1035,9589,1024,5277,4092,5.0,-8554
U1,single_controller,second9/phase/1,16384,sram-9,sram-10,31545,35747,32084,36286,539,539,256,0,451,1.0,0
U1,single_controller,second9/phase/3,16,sram-10,dram-0-1,32340,37539,32352,37636,12,97,1,0,0,5.0,-85
U1,single_controller,second5/phase/13,16384,sram-6,dram-0-0,32569,37772,32836,38358,267,586,256,0,451,4.0,-319
U1,single_controller,second5/phase/16,16,dram-0-0,sram-6,35374,39160,35386,55454,12,16294,1,16095,0,4.0,-16282
U1,single_controller,second9/phase/7,65536,dram-0-1,sram-10,35630,40742,36665,49313,1035,8571,1024,4259,4092,5.0,-7536
U1,single_controller,second3/phase/13,16384,sram-4,dram-0-0,25036,41826,25303,42370,267,544,256,0,451,2.0,-277
U1,single_controller,second3/phase/16,16,dram-0-0,sram-4,34350,43172,34362,55416,12,12244,1,12087,0,2.0,-12232
U1,single_controller,second7/phase/1,16384,sram-7,sram-8,26060,43939,26662,44629,602,690,256,0,535,4.0,-88
U1,single_controller,second7/phase/3,16,sram-8,dram-0-1,26918,44885,26930,44940,12,55,1,0,0,3.0,-43
U1,single_controller,second8/phase/13,16384,sram-9,dram-0-0,39225,45964,39492,46550,267,586,256,0,451,4.0,-319
U1,single_controller,second8/phase/16,16,dram-0-0,sram-9,40353,47352,40365,55462,12,8110,1,7911,0,4.0,-8098
U1,single_controller,second7/phase/7,65536,dram-0-1,sram-8,31278,48046,32313,53367,1035,5321,1024,1051,4092,3.0,-4286
U1,single_controller,second10/phase/1,16384,sram-10,sram-11,33594,48056,34133,48596,539,540,256,0,452,1.0,-1
U1,single_controller,second10/phase/3,16,sram-11,dram-0-1,34389,49848,34401,49966,12,118,1,0,0,6.0,-106
U1,single_controller,second6/phase/13,16384,sram-7,dram-0-0,34873,50081,35140,50688,267,607,256,0,451,5.0,-340
U1,single_controller,second6/phase/16,16,dram-0-0,sram-7,36428,51490,36440,55487,12,3997,1,3777,0,5.0,-3985
U1,single_controller,second12/phase/1,16384,sram-12,sram-13,34106,51581,34646,52120,540,539,256,0,451,1.0,1
U1,single_controller,second13/phase/1,16384,sram-13,sram-14,34618,51606,35157,52145,539,539,256,0,451,1.0,0
U1,single_controller,second11/phase/1,16384,sram-11,sram-12,33849,52152,34451,52754,602,602,256,0,451,4.0,0
U1,single_controller,second12/phase/3,16,sram-13,dram-0-1,34902,52376,34914,52474,12,98,1,0,0,5.0,-86
U1,single_controller,second13/phase/3,16,sram-14,dram-0-1,35413,52401,35425,52520,12,119,1,0,0,6.0,-107
U1,single_controller,second11/phase/3,16,sram-12,dram-0-1,34707,53010,34719,53086,12,76,1,0,0,4.0,-64
U1,single_controller,second10/phase/7,65536,dram-0-1,sram-11,37507,53072,38542,56520,1035,3448,1024,121,3148,6.0,-2413
U1,single_controller,second9/phase/13,16384,sram-10,dram-0-0,41529,54177,41796,54784,267,607,256,0,451,5.0,-340
U1,single_controller,second12/phase/7,65536,dram-0-1,sram-13,41603,55580,42638,58547,1035,2967,1024,763,2048,5.0,-1932
U1,single_controller,second14/phase/1,16384,sram-14,sram-15,36153,55672,36692,56211,539,539,256,0,451,1.0,0
U1,single_controller,second15/phase/1,16384,sram-15,sram-0,38201,56269,38845,56913,644,644,256,0,451,6.0,0
U1,single_controller,second9/phase/16,16,dram-0-0,sram-10,42598,56378,42610,56475,12,97,1,0,0,5.0,-85
U1,single_controller,second14/phase/3,16,sram-15,dram-0-1,36948,56525,36960,56920,12,395,1,197,0,7.0,-383
U1,single_controller,second13/phase/7,65536,dram-0-1,sram-14,43651,57628,44686,60674,1035,3046,1024,765,2046,6.0,-2011
U1,single_controller,second15/phase/3,16,sram-0,dram-0-1,39101,57943,39113,57956,12,13,1,0,0,1.0,-1
U1,single_controller,second7/phase/13,16384,sram-8,dram-0-0,37177,58231,37444,58796,267,565,256,0,451,3.0,-298
U1,single_controller,second11/phase/7,65536,dram-0-1,sram-12,39555,59676,40590,62680,1035,3004,1024,765,2048,4.0,-1969
U1,single_controller,second0/phase/1,16384,sram-0,sram-1,40249,60247,40788,60850,539,603,256,0,515,1.0,-64
U1,single_controller,second7/phase/16,16,dram-0-0,sram-8,38305,60474,38317,60585,12,111,1,0,0,3.0,-99
U1,single_controller,second0/phase/3,16,sram-1,dram-0-1,41044,61106,41056,61140,12,34,1,0,0,2.0,-22
U1,single_controller,second10/phase/13,16384,sram-11,dram-0-0,43406,61384,43673,62012,267,628,256,0,451,6.0,-361
U1,single_controller,second14/phase/7,65536,dram-0-1,sram-15,45699,61724,46734,64793,1035,3069,1024,767,2048,7.0,-2034
U1,single_controller,second10/phase/16,16,dram-0-0,sram-11,44475,62814,44487,62988,12,174,1,0,0,6.0,-162
U1,single_controller,second12/phase/13,16384,sram-13,dram-0-0,47502,63411,47769,64018,267,607,256,0,451,5.0,-340
U1,single_controller,second15/phase/7,65536,dram-0-1,sram-0,47747,63772,48782,66717,1035,2945,1024,769,2048,1.0,-1910
U1,single_controller,second12/phase/16,16,dram-0-0,sram-13,48571,64820,48583,64973,12,153,1,0,0,5.0,-141
U1,single_controller,second13/phase/13,16384,sram-14,dram-0-0,49550,65538,49817,66166,267,628,256,0,451,6.0,-361
U1,single_controller,second0/phase/7,65536,dram-0-1,sram-1,49795,65820,50830,68788,1035,2968,1024,771,2048,2.0,-1933
U1,single_controller,second13/phase/16,16,dram-0-0,sram-14,50619,66968,50631,67142,12,174,1,0,0,6.0,-162
U1,single_controller,second11/phase/13,16384,sram-12,dram-0-0,45454,67544,45721,68130,267,586,256,0,451,4.0,-319
U1,single_controller,second11/phase/16,16,dram-0-0,sram-12,46523,68932,46535,69008,12,76,1,0,0,4.0,-64
U1,single_controller,second14/phase/13,16384,sram-15,dram-0-0,51598,69657,51865,70306,267,649,256,0,451,7.0,-382
U1,single_controller,second14/phase/16,16,dram-0-0,sram-15,52667,71108,52679,71247,12,139,1,0,0,7.0,-127
U1,single_controller,second15/phase/13,16384,sram-0,dram-0-0,53646,71581,53913,72104,267,523,256,0,451,1.0,-256
U1,single_controller,second15/phase/16,16,dram-0-0,sram-0,54715,72906,54727,72919,12,13,1,0,0,1.0,-1
U1,single_controller,second0/phase/13,16384,sram-1,dram-0-0,55694,73652,55961,74196,267,544,256,0,451,2.0,-277
U1,single_controller,second0/phase/16,16,dram-0-0,sram-1,56763,74998,56775,75032,12,34,1,0,0,2.0,-22
