model,layout,resource,busy_cycles,queue_wait_cycles,requests
U0,near,c0,4096,0,2
U0,near,c1,4096,0,2
U0,near,c10,4096,0,2
U0,near,c11,4096,0,2
U0,near,c12,4096,0,2
U0,near,c13,4096,0,2
U0,near,c14,4096,0,2
U0,near,c15,4096,0,2
U0,near,c2,4096,0,2
U0,near,c3,4096,0,2
U0,near,c4,4096,0,2
U0,near,c5,4096,0,2
U0,near,c6,4096,0,2
U0,near,c7,4096,0,2
U0,near,c8,4096,0,2
U0,near,c9,4096,0,2
U0,near,host-controller/channel,256,0,1
U0,near,host-controller/command,8,0,1
U0,near,host-memory/port,512,0,1
U0,near,sram-0/port,6144,145,10
U0,near,sram-1/port,5888,0,9
U0,near,sram-10/port,5888,0,9
U0,near,sram-11/port,5888,0,9
U0,near,sram-12/port,5888,0,9
U0,near,sram-13/port,5888,0,9
U0,near,sram-14/port,5888,0,9
U0,near,sram-15/port,5888,0,9
U0,near,sram-2/port,5888,0,9
U0,near,sram-3/port,5888,0,9
U0,near,sram-4/port,5888,0,9
U0,near,sram-5/port,5888,0,9
U0,near,sram-6/port,5888,0,9
U0,near,sram-7/port,5888,0,9
U0,near,sram-8/port,5888,0,9
U0,near,sram-9/port,5888,0,9
U0,near,uniform/bank,2304,7173,48
U0,near,uniform/channel,2304,0,48
U0,near,uniform/command,48,106,48
U1,near,c0,4096,0,2
U1,near,c1,4096,0,2
U1,near,c10,4096,0,2
U1,near,c11,4096,0,2
U1,near,c12,4096,0,2
U1,near,c13,4096,0,2
U1,near,c14,4096,0,2
U1,near,c15,4096,0,2
U1,near,c2,4096,0,2
U1,near,c3,4096,0,2
U1,near,c4,4096,0,2
U1,near,c5,4096,0,2
U1,near,c6,4096,0,2
U1,near,c7,4096,0,2
U1,near,c8,4096,0,2
U1,near,c9,4096,0,2
U1,near,controller-0/channel,2304,0,3
U1,near,controller-0/command,12,0,3
U1,near,controller-1/channel,2304,0,3
U1,near,controller-1/command,12,0,3
U1,near,controller-10/channel,2304,0,3
U1,near,controller-10/command,12,0,3
U1,near,controller-11/channel,2304,0,3
U1,near,controller-11/command,12,0,3
U1,near,controller-12/channel,2304,0,3
U1,near,controller-12/command,12,0,3
U1,near,controller-13/channel,2304,0,3
U1,near,controller-13/command,12,0,3
U1,near,controller-14/channel,2304,0,3
U1,near,controller-14/command,12,0,3
U1,near,controller-15/channel,2304,0,3
U1,near,controller-15/command,12,0,3
U1,near,controller-2/channel,2304,0,3
U1,near,controller-2/command,12,0,3
U1,near,controller-3/channel,2304,0,3
U1,near,controller-3/command,12,0,3
U1,near,controller-4/channel,2304,0,3
U1,near,controller-4/command,12,0,3
U1,near,controller-5/channel,2304,0,3
U1,near,controller-5/command,12,0,3
U1,near,controller-6/channel,2304,0,3
U1,near,controller-6/command,12,0,3
U1,near,controller-7/channel,2304,0,3
U1,near,controller-7/command,12,0,3
U1,near,controller-8/channel,2304,0,3
U1,near,controller-8/command,12,0,3
U1,near,controller-9/channel,2304,0,3
U1,near,controller-9/command,12,0,3
U1,near,dram-0-0/port,2560,0,2
U1,near,dram-0-1/port,2048,0,1
U1,near,dram-1-0/port,2560,0,2
U1,near,dram-1-1/port,2048,0,1
U1,near,dram-10-0/port,2560,0,2
U1,near,dram-10-1/port,2048,0,1
U1,near,dram-11-0/port,2560,0,2
U1,near,dram-11-1/port,2048,0,1
U1,near,dram-12-0/port,2560,0,2
U1,near,dram-12-1/port,2048,0,1
U1,near,dram-13-0/port,2560,0,2
U1,near,dram-13-1/port,2048,0,1
U1,near,dram-14-0/port,2560,0,2
U1,near,dram-14-1/port,2048,0,1
U1,near,dram-15-0/port,2560,0,2
U1,near,dram-15-1/port,2048,0,1
U1,near,dram-2-0/port,2560,0,2
U1,near,dram-2-1/port,2048,0,1
U1,near,dram-3-0/port,2560,0,2
U1,near,dram-3-1/port,2048,0,1
U1,near,dram-4-0/port,2560,0,2
U1,near,dram-4-1/port,2048,0,1
U1,near,dram-5-0/port,2560,0,2
U1,near,dram-5-1/port,2048,0,1
U1,near,dram-6-0/port,2560,0,2
U1,near,dram-6-1/port,2048,0,1
U1,near,dram-7-0/port,2560,0,2
U1,near,dram-7-1/port,2048,0,1
U1,near,dram-8-0/port,2560,0,2
U1,near,dram-8-1/port,2048,0,1
U1,near,dram-9-0/port,2560,0,2
U1,near,dram-9-1/port,2048,0,1
U1,near,host-controller/channel,256,0,1
U1,near,host-controller/command,8,0,1
U1,near,host-memory/port,512,0,1
U1,near,sram-0/port,6144,0,10
U1,near,sram-1/port,5888,0,9
U1,near,sram-10/port,5888,0,9
U1,near,sram-11/port,5888,0,9
U1,near,sram-12/port,5888,0,9
U1,near,sram-13/port,5888,0,9
U1,near,sram-14/port,5888,0,9
U1,near,sram-15/port,5888,0,9
U1,near,sram-2/port,5888,0,9
U1,near,sram-3/port,5888,0,9
U1,near,sram-4/port,5888,0,9
U1,near,sram-5/port,5888,0,9
U1,near,sram-6/port,5888,0,9
U1,near,sram-7/port,5888,0,9
U1,near,sram-8/port,5888,0,9
U1,near,sram-9/port,5888,0,9
S,near,c0,4096,0,2
S,near,c1,4096,0,2
S,near,c10,4096,0,2
S,near,c11,4096,0,2
S,near,c12,4096,0,2
S,near,c13,4096,0,2
S,near,c14,4096,0,2
S,near,c15,4096,0,2
S,near,c2,4096,0,2
S,near,c3,4096,0,2
S,near,c4,4096,0,2
S,near,c5,4096,0,2
S,near,c6,4096,0,2
S,near,c7,4096,0,2
S,near,c8,4096,0,2
S,near,c9,4096,0,2
S,near,controller-0/channel,2304,0,3
S,near,controller-0/command,12,0,3
S,near,controller-1/channel,2304,0,3
S,near,controller-1/command,12,0,3
S,near,controller-10/channel,2304,0,3
S,near,controller-10/command,12,0,3
S,near,controller-11/channel,2304,0,3
S,near,controller-11/command,12,0,3
S,near,controller-12/channel,2304,0,3
S,near,controller-12/command,12,0,3
S,near,controller-13/channel,2304,0,3
S,near,controller-13/command,12,0,3
S,near,controller-14/channel,2304,0,3
S,near,controller-14/command,12,0,3
S,near,controller-15/channel,2304,0,3
S,near,controller-15/command,12,0,3
S,near,controller-2/channel,2304,0,3
S,near,controller-2/command,12,0,3
S,near,controller-3/channel,2304,0,3
S,near,controller-3/command,12,0,3
S,near,controller-4/channel,2304,0,3
S,near,controller-4/command,12,0,3
S,near,controller-5/channel,2304,0,3
S,near,controller-5/command,12,0,3
S,near,controller-6/channel,2304,0,3
S,near,controller-6/command,12,0,3
S,near,controller-7/channel,2304,0,3
S,near,controller-7/command,12,0,3
S,near,controller-8/channel,2304,0,3
S,near,controller-8/command,12,0,3
S,near,controller-9/channel,2304,0,3
S,near,controller-9/command,12,0,3
S,near,dram-0-0/port,2560,0,2
S,near,dram-0-1/port,2048,0,1
S,near,dram-1-0/port,2560,0,2
S,near,dram-1-1/port,2048,0,1
S,near,dram-10-0/port,2560,0,2
S,near,dram-10-1/port,2048,0,1
S,near,dram-11-0/port,2560,0,2
S,near,dram-11-1/port,2048,0,1
S,near,dram-12-0/port,2560,0,2
S,near,dram-12-1/port,2048,0,1
S,near,dram-13-0/port,2560,0,2
S,near,dram-13-1/port,2048,0,1
S,near,dram-14-0/port,2560,0,2
S,near,dram-14-1/port,2048,0,1
S,near,dram-15-0/port,2560,0,2
S,near,dram-15-1/port,2048,0,1
S,near,dram-2-0/port,2560,0,2
S,near,dram-2-1/port,2048,0,1
S,near,dram-3-0/port,2560,0,2
S,near,dram-3-1/port,2048,0,1
S,near,dram-4-0/port,2560,0,2
S,near,dram-4-1/port,2048,0,1
S,near,dram-5-0/port,2560,0,2
S,near,dram-5-1/port,2048,0,1
S,near,dram-6-0/port,2560,0,2
S,near,dram-6-1/port,2048,0,1
S,near,dram-7-0/port,2560,0,2
S,near,dram-7-1/port,2048,0,1
S,near,dram-8-0/port,2560,0,2
S,near,dram-8-1/port,2048,0,1
S,near,dram-9-0/port,2560,0,2
S,near,dram-9-1/port,2048,0,1
S,near,host-controller/channel,256,0,1
S,near,host-controller/command,8,0,1
S,near,host-memory/port,512,0,1
S,near,sram-0/port,6144,0,10
S,near,sram-1/port,5888,0,9
S,near,sram-10/port,5888,0,9
S,near,sram-11/port,5888,0,9
S,near,sram-12/port,5888,0,9
S,near,sram-13/port,5888,0,9
S,near,sram-14/port,5888,0,9
S,near,sram-15/port,5888,0,9
S,near,sram-2/port,5888,0,9
S,near,sram-3/port,5888,0,9
S,near,sram-4/port,5888,0,9
S,near,sram-5/port,5888,0,9
S,near,sram-6/port,5888,0,9
S,near,sram-7/port,5888,0,9
S,near,sram-8/port,5888,0,9
S,near,sram-9/port,5888,0,9
U0,opposite,c0,4096,0,2
U0,opposite,c1,4096,0,2
U0,opposite,c10,4096,0,2
U0,opposite,c11,4096,0,2
U0,opposite,c12,4096,0,2
U0,opposite,c13,4096,0,2
U0,opposite,c14,4096,0,2
U0,opposite,c15,4096,0,2
U0,opposite,c2,4096,0,2
U0,opposite,c3,4096,0,2
U0,opposite,c4,4096,0,2
U0,opposite,c5,4096,0,2
U0,opposite,c6,4096,0,2
U0,opposite,c7,4096,0,2
U0,opposite,c8,4096,0,2
U0,opposite,c9,4096,0,2
U0,opposite,host-controller/channel,256,0,1
U0,opposite,host-controller/command,8,0,1
U0,opposite,host-memory/port,512,0,1
U0,opposite,sram-0/port,6144,145,10
U0,opposite,sram-1/port,5888,0,9
U0,opposite,sram-10/port,5888,0,9
U0,opposite,sram-11/port,5888,0,9
U0,opposite,sram-12/port,5888,0,9
U0,opposite,sram-13/port,5888,0,9
U0,opposite,sram-14/port,5888,0,9
U0,opposite,sram-15/port,5888,0,9
U0,opposite,sram-2/port,5888,0,9
U0,opposite,sram-3/port,5888,0,9
U0,opposite,sram-4/port,5888,0,9
U0,opposite,sram-5/port,5888,0,9
U0,opposite,sram-6/port,5888,0,9
U0,opposite,sram-7/port,5888,0,9
U0,opposite,sram-8/port,5888,0,9
U0,opposite,sram-9/port,5888,0,9
U0,opposite,uniform/bank,2304,7173,48
U0,opposite,uniform/channel,2304,0,48
U0,opposite,uniform/command,48,106,48
U1,opposite,c0,4096,0,2
U1,opposite,c1,4096,0,2
U1,opposite,c10,4096,0,2
U1,opposite,c11,4096,0,2
U1,opposite,c12,4096,0,2
U1,opposite,c13,4096,0,2
U1,opposite,c14,4096,0,2
U1,opposite,c15,4096,0,2
U1,opposite,c2,4096,0,2
U1,opposite,c3,4096,0,2
U1,opposite,c4,4096,0,2
U1,opposite,c5,4096,0,2
U1,opposite,c6,4096,0,2
U1,opposite,c7,4096,0,2
U1,opposite,c8,4096,0,2
U1,opposite,c9,4096,0,2
U1,opposite,controller-0/channel,2304,0,3
U1,opposite,controller-0/command,12,0,3
U1,opposite,controller-1/channel,2304,0,3
U1,opposite,controller-1/command,12,0,3
U1,opposite,controller-10/channel,2304,0,3
U1,opposite,controller-10/command,12,0,3
U1,opposite,controller-11/channel,2304,0,3
U1,opposite,controller-11/command,12,0,3
U1,opposite,controller-12/channel,2304,0,3
U1,opposite,controller-12/command,12,0,3
U1,opposite,controller-13/channel,2304,0,3
U1,opposite,controller-13/command,12,0,3
U1,opposite,controller-14/channel,2304,0,3
U1,opposite,controller-14/command,12,0,3
U1,opposite,controller-15/channel,2304,0,3
U1,opposite,controller-15/command,12,0,3
U1,opposite,controller-2/channel,2304,0,3
U1,opposite,controller-2/command,12,0,3
U1,opposite,controller-3/channel,2304,0,3
U1,opposite,controller-3/command,12,0,3
U1,opposite,controller-4/channel,2304,0,3
U1,opposite,controller-4/command,12,0,3
U1,opposite,controller-5/channel,2304,0,3
U1,opposite,controller-5/command,12,0,3
U1,opposite,controller-6/channel,2304,0,3
U1,opposite,controller-6/command,12,0,3
U1,opposite,controller-7/channel,2304,0,3
U1,opposite,controller-7/command,12,0,3
U1,opposite,controller-8/channel,2304,0,3
U1,opposite,controller-8/command,12,0,3
U1,opposite,controller-9/channel,2304,0,3
U1,opposite,controller-9/command,12,0,3
U1,opposite,dram-0-0/port,2560,0,2
U1,opposite,dram-0-1/port,2048,0,1
U1,opposite,dram-1-0/port,2560,0,2
U1,opposite,dram-1-1/port,2048,0,1
U1,opposite,dram-10-0/port,2560,0,2
U1,opposite,dram-10-1/port,2048,0,1
U1,opposite,dram-11-0/port,2560,0,2
U1,opposite,dram-11-1/port,2048,0,1
U1,opposite,dram-12-0/port,2560,0,2
U1,opposite,dram-12-1/port,2048,0,1
U1,opposite,dram-13-0/port,2560,0,2
U1,opposite,dram-13-1/port,2048,0,1
U1,opposite,dram-14-0/port,2560,0,2
U1,opposite,dram-14-1/port,2048,0,1
U1,opposite,dram-15-0/port,2560,0,2
U1,opposite,dram-15-1/port,2048,0,1
U1,opposite,dram-2-0/port,2560,0,2
U1,opposite,dram-2-1/port,2048,0,1
U1,opposite,dram-3-0/port,2560,0,2
U1,opposite,dram-3-1/port,2048,0,1
U1,opposite,dram-4-0/port,2560,0,2
U1,opposite,dram-4-1/port,2048,0,1
U1,opposite,dram-5-0/port,2560,0,2
U1,opposite,dram-5-1/port,2048,0,1
U1,opposite,dram-6-0/port,2560,0,2
U1,opposite,dram-6-1/port,2048,0,1
U1,opposite,dram-7-0/port,2560,0,2
U1,opposite,dram-7-1/port,2048,0,1
U1,opposite,dram-8-0/port,2560,0,2
U1,opposite,dram-8-1/port,2048,0,1
U1,opposite,dram-9-0/port,2560,0,2
U1,opposite,dram-9-1/port,2048,0,1
U1,opposite,host-controller/channel,256,0,1
U1,opposite,host-controller/command,8,0,1
U1,opposite,host-memory/port,512,0,1
U1,opposite,sram-0/port,6144,0,10
U1,opposite,sram-1/port,5888,0,9
U1,opposite,sram-10/port,5888,0,9
U1,opposite,sram-11/port,5888,0,9
U1,opposite,sram-12/port,5888,0,9
U1,opposite,sram-13/port,5888,0,9
U1,opposite,sram-14/port,5888,0,9
U1,opposite,sram-15/port,5888,0,9
U1,opposite,sram-2/port,5888,0,9
U1,opposite,sram-3/port,5888,0,9
U1,opposite,sram-4/port,5888,0,9
U1,opposite,sram-5/port,5888,0,9
U1,opposite,sram-6/port,5888,0,9
U1,opposite,sram-7/port,5888,0,9
U1,opposite,sram-8/port,5888,0,9
U1,opposite,sram-9/port,5888,0,9
S,opposite,c0,4096,0,2
S,opposite,c1,4096,0,2
S,opposite,c10,4096,0,2
S,opposite,c11,4096,0,2
S,opposite,c12,4096,0,2
S,opposite,c13,4096,0,2
S,opposite,c14,4096,0,2
S,opposite,c15,4096,0,2
S,opposite,c2,4096,0,2
S,opposite,c3,4096,0,2
S,opposite,c4,4096,0,2
S,opposite,c5,4096,0,2
S,opposite,c6,4096,0,2
S,opposite,c7,4096,0,2
S,opposite,c8,4096,0,2
S,opposite,c9,4096,0,2
S,opposite,controller-0/channel,2304,0,3
S,opposite,controller-0/command,12,0,3
S,opposite,controller-1/channel,2304,0,3
S,opposite,controller-1/command,12,0,3
S,opposite,controller-10/channel,2304,0,3
S,opposite,controller-10/command,12,0,3
S,opposite,controller-11/channel,2304,0,3
S,opposite,controller-11/command,12,0,3
S,opposite,controller-12/channel,2304,0,3
S,opposite,controller-12/command,12,0,3
S,opposite,controller-13/channel,2304,0,3
S,opposite,controller-13/command,12,0,3
S,opposite,controller-14/channel,2304,0,3
S,opposite,controller-14/command,12,0,3
S,opposite,controller-15/channel,2304,0,3
S,opposite,controller-15/command,12,0,3
S,opposite,controller-2/channel,2304,0,3
S,opposite,controller-2/command,12,0,3
S,opposite,controller-3/channel,2304,0,3
S,opposite,controller-3/command,12,0,3
S,opposite,controller-4/channel,2304,0,3
S,opposite,controller-4/command,12,0,3
S,opposite,controller-5/channel,2304,0,3
S,opposite,controller-5/command,12,0,3
S,opposite,controller-6/channel,2304,0,3
S,opposite,controller-6/command,12,0,3
S,opposite,controller-7/channel,2304,0,3
S,opposite,controller-7/command,12,0,3
S,opposite,controller-8/channel,2304,0,3
S,opposite,controller-8/command,12,0,3
S,opposite,controller-9/channel,2304,0,3
S,opposite,controller-9/command,12,0,3
S,opposite,dram-0-0/port,2560,0,2
S,opposite,dram-0-1/port,2048,0,1
S,opposite,dram-1-0/port,2560,0,2
S,opposite,dram-1-1/port,2048,0,1
S,opposite,dram-10-0/port,2560,0,2
S,opposite,dram-10-1/port,2048,0,1
S,opposite,dram-11-0/port,2560,0,2
S,opposite,dram-11-1/port,2048,0,1
S,opposite,dram-12-0/port,2560,0,2
S,opposite,dram-12-1/port,2048,0,1
S,opposite,dram-13-0/port,2560,0,2
S,opposite,dram-13-1/port,2048,0,1
S,opposite,dram-14-0/port,2560,0,2
S,opposite,dram-14-1/port,2048,0,1
S,opposite,dram-15-0/port,2560,0,2
S,opposite,dram-15-1/port,2048,0,1
S,opposite,dram-2-0/port,2560,0,2
S,opposite,dram-2-1/port,2048,0,1
S,opposite,dram-3-0/port,2560,0,2
S,opposite,dram-3-1/port,2048,0,1
S,opposite,dram-4-0/port,2560,0,2
S,opposite,dram-4-1/port,2048,0,1
S,opposite,dram-5-0/port,2560,0,2
S,opposite,dram-5-1/port,2048,0,1
S,opposite,dram-6-0/port,2560,0,2
S,opposite,dram-6-1/port,2048,0,1
S,opposite,dram-7-0/port,2560,0,2
S,opposite,dram-7-1/port,2048,0,1
S,opposite,dram-8-0/port,2560,0,2
S,opposite,dram-8-1/port,2048,0,1
S,opposite,dram-9-0/port,2560,0,2
S,opposite,dram-9-1/port,2048,0,1
S,opposite,host-controller/channel,256,0,1
S,opposite,host-controller/command,8,0,1
S,opposite,host-memory/port,512,0,1
S,opposite,sram-0/port,6144,0,10
S,opposite,sram-1/port,5888,0,9
S,opposite,sram-10/port,5888,0,9
S,opposite,sram-11/port,5888,0,9
S,opposite,sram-12/port,5888,0,9
S,opposite,sram-13/port,5888,0,9
S,opposite,sram-14/port,5888,0,9
S,opposite,sram-15/port,5888,0,9
S,opposite,sram-2/port,5888,0,9
S,opposite,sram-3/port,5888,0,9
S,opposite,sram-4/port,5888,0,9
S,opposite,sram-5/port,5888,0,9
S,opposite,sram-6/port,5888,0,9
S,opposite,sram-7/port,5888,0,9
S,opposite,sram-8/port,5888,0,9
S,opposite,sram-9/port,5888,0,9
U0,single_controller,c0,4096,0,2
U0,single_controller,c1,4096,0,2
U0,single_controller,c10,4096,0,2
U0,single_controller,c11,4096,0,2
U0,single_controller,c12,4096,0,2
U0,single_controller,c13,4096,0,2
U0,single_controller,c14,4096,0,2
U0,single_controller,c15,4096,0,2
U0,single_controller,c2,4096,0,2
U0,single_controller,c3,4096,0,2
U0,single_controller,c4,4096,0,2
U0,single_controller,c5,4096,0,2
U0,single_controller,c6,4096,0,2
U0,single_controller,c7,4096,0,2
U0,single_controller,c8,4096,0,2
U0,single_controller,c9,4096,0,2
U0,single_controller,host-controller/channel,256,0,1
U0,single_controller,host-controller/command,8,0,1
U0,single_controller,host-memory/port,512,0,1
U0,single_controller,sram-0/port,6144,0,10
U0,single_controller,sram-1/port,5888,0,9
U0,single_controller,sram-10/port,5888,0,9
U0,single_controller,sram-11/port,5888,0,9
U0,single_controller,sram-12/port,5888,0,9
U0,single_controller,sram-13/port,5888,488,9
U0,single_controller,sram-14/port,5888,0,9
U0,single_controller,sram-15/port,5888,0,9
U0,single_controller,sram-2/port,5888,0,9
U0,single_controller,sram-3/port,5888,0,9
U0,single_controller,sram-4/port,5888,0,9
U0,single_controller,sram-5/port,5888,0,9
U0,single_controller,sram-6/port,5888,0,9
U0,single_controller,sram-7/port,5888,0,9
U0,single_controller,sram-8/port,5888,0,9
U0,single_controller,sram-9/port,5888,0,9
U0,single_controller,uniform/bank,2304,6841,48
U0,single_controller,uniform/channel,2304,0,48
U0,single_controller,uniform/command,48,106,48
U1,single_controller,c0,4096,0,2
U1,single_controller,c1,4096,0,2
U1,single_controller,c10,4096,0,2
U1,single_controller,c11,4096,0,2
U1,single_controller,c12,4096,0,2
U1,single_controller,c13,4096,0,2
U1,single_controller,c14,4096,0,2
U1,single_controller,c15,4096,0,2
U1,single_controller,c2,4096,0,2
U1,single_controller,c3,4096,0,2
U1,single_controller,c4,4096,0,2
U1,single_controller,c5,4096,0,2
U1,single_controller,c6,4096,0,2
U1,single_controller,c7,4096,0,2
U1,single_controller,c8,4096,0,2
U1,single_controller,c9,4096,0,2
U1,single_controller,controller-0/channel,36864,15485,48
U1,single_controller,controller-0/command,192,420,48
U1,single_controller,dram-0-0/port,40960,275613,32
U1,single_controller,dram-0-1/port,32768,27353,16
U1,single_controller,host-controller/channel,256,0,1
U1,single_controller,host-controller/command,8,0,1
U1,single_controller,host-memory/port,512,0,1
U1,single_controller,sram-0/port,6144,0,10
U1,single_controller,sram-1/port,5888,0,9
U1,single_controller,sram-10/port,5888,0,9
U1,single_controller,sram-11/port,5888,0,9
U1,single_controller,sram-12/port,5888,0,9
U1,single_controller,sram-13/port,5888,0,9
U1,single_controller,sram-14/port,5888,0,9
U1,single_controller,sram-15/port,5888,0,9
U1,single_controller,sram-2/port,5888,0,9
U1,single_controller,sram-3/port,5888,0,9
U1,single_controller,sram-4/port,5888,0,9
U1,single_controller,sram-5/port,5888,0,9
U1,single_controller,sram-6/port,5888,0,9
U1,single_controller,sram-7/port,5888,0,9
U1,single_controller,sram-8/port,5888,0,9
U1,single_controller,sram-9/port,5888,0,9
S,single_controller,c0,4096,0,2
S,single_controller,c1,4096,0,2
S,single_controller,c10,4096,0,2
S,single_controller,c11,4096,0,2
S,single_controller,c12,4096,0,2
S,single_controller,c13,4096,0,2
S,single_controller,c14,4096,0,2
S,single_controller,c15,4096,0,2
S,single_controller,c2,4096,0,2
S,single_controller,c3,4096,0,2
S,single_controller,c4,4096,0,2
S,single_controller,c5,4096,0,2
S,single_controller,c6,4096,0,2
S,single_controller,c7,4096,0,2
S,single_controller,c8,4096,0,2
S,single_controller,c9,4096,0,2
S,single_controller,controller-0/channel,36864,4466,48
S,single_controller,controller-0/command,192,28,48
S,single_controller,dram-0-0/port,40960,252756,32
S,single_controller,dram-0-1/port,32768,11488,16
S,single_controller,host-controller/channel,256,0,1
S,single_controller,host-controller/command,8,0,1
S,single_controller,host-memory/port,512,0,1
S,single_controller,sram-0/port,6144,774,10
S,single_controller,sram-1/port,5888,0,9
S,single_controller,sram-10/port,5888,997,9
S,single_controller,sram-11/port,5888,996,9
S,single_controller,sram-12/port,5888,0,9
S,single_controller,sram-13/port,5888,0,9
S,single_controller,sram-14/port,5888,0,9
S,single_controller,sram-15/port,5888,58,9
S,single_controller,sram-2/port,5888,0,9
S,single_controller,sram-3/port,5888,0,9
S,single_controller,sram-4/port,5888,0,9
S,single_controller,sram-5/port,5888,0,9
S,single_controller,sram-6/port,5888,0,9
S,single_controller,sram-7/port,5888,0,9
S,single_controller,sram-8/port,5888,0,9
S,single_controller,sram-9/port,5888,0,9
