case,mode,phase,metric,median,minimum,maximum,samples,shape,memory_contract
s16__request_atomic,serial,input_graph_binding,wall_seconds,0.01710447296500206,0.01649229135364294,0.01715049985796213,3,s16,request_atomic
s16__request_atomic,serial,input_graph_binding,python_cpu_seconds,0.016693999999999987,0.01639600000000002,0.017041999999999974,3,s16,request_atomic
s16__request_atomic,serial,input_graph_binding,exited_children_cpu_seconds,0.0,0.0,0.0,3,s16,request_atomic
s16__request_atomic,serial,backend_initialization,wall_seconds,0.37376448046416044,0.37156871799379587,0.3780084876343608,3,s16,request_atomic
s16__request_atomic,serial,backend_initialization,python_cpu_seconds,0.480102,0.477858,0.48466299999999995,3,s16,request_atomic
s16__request_atomic,serial,backend_initialization,exited_children_cpu_seconds,0.0,0.0,0.0,3,s16,request_atomic
s16__request_atomic,serial,execution,wall_seconds,0.4285081159323454,0.424171925522387,0.4293468752875924,3,s16,request_atomic
s16__request_atomic,serial,execution,python_cpu_seconds,0.20945899999999995,0.20583000000000007,0.21078000000000008,3,s16,request_atomic
s16__request_atomic,serial,execution,exited_children_cpu_seconds,0.0,0.0,0.0,3,s16,request_atomic
s16__request_atomic,serial,close_and_network_serialization,wall_seconds,0.004498387686908245,0.004482376389205456,0.004764326848089695,3,s16,request_atomic
s16__request_atomic,serial,close_and_network_serialization,python_cpu_seconds,0.001382999999999912,0.0013639999999999208,0.0016610000000001346,3,s16,request_atomic
s16__request_atomic,serial,close_and_network_serialization,exited_children_cpu_seconds,0.23127299999999998,0.231248,0.233694,3,s16,request_atomic
s16__request_atomic,serial,result_serialization,wall_seconds,0.004878843203186989,0.0047058165073394775,0.00489155575633049,3,s16,request_atomic
s16__request_atomic,serial,result_serialization,python_cpu_seconds,0.004846000000000017,0.004673000000000038,0.004863999999999868,3,s16,request_atomic
s16__request_atomic,serial,result_serialization,exited_children_cpu_seconds,0.0,0.0,0.0,3,s16,request_atomic
s16__request_atomic,serial,independent_audit,wall_seconds,0.014364014379680157,0.014079710468649864,0.014552258886396885,3,s16,request_atomic
s16__request_atomic,serial,independent_audit,python_cpu_seconds,0.014265000000000083,0.013982000000000161,0.014440000000000008,3,s16,request_atomic
s16__request_atomic,serial,independent_audit,exited_children_cpu_seconds,0.0,0.0,0.0,3,s16,request_atomic
s16__request_atomic,serial,whole_process,worker_wall_seconds,1.165774772875011,1.165654175914824,1.165832090191543,3,s16,request_atomic
s16__request_atomic,serial,whole_process,python_lifetime_peak_rss_kib,83868,83840,84320,3,s16,request_atomic
s16__request_atomic,serial,whole_process,native_peak_rss_kib,9636,9596,9656,3,s16,request_atomic
s16__request_atomic,pipeline,input_graph_binding,wall_seconds,0.018257091753184795,0.01799225341528654,0.01834816485643387,3,s16,request_atomic
s16__request_atomic,pipeline,input_graph_binding,python_cpu_seconds,0.018137999999999987,0.017862000000000017,0.018210000000000004,3,s16,request_atomic
s16__request_atomic,pipeline,input_graph_binding,exited_children_cpu_seconds,0.0,0.0,0.0,3,s16,request_atomic
s16__request_atomic,pipeline,backend_initialization,wall_seconds,0.3757058847695589,0.37310858629643917,0.37669097911566496,3,s16,request_atomic
s16__request_atomic,pipeline,backend_initialization,python_cpu_seconds,0.4819599999999999,0.47899099999999994,0.48322599999999993,3,s16,request_atomic
s16__request_atomic,pipeline,backend_initialization,exited_children_cpu_seconds,0.0,0.0,0.0,3,s16,request_atomic
s16__request_atomic,pipeline,execution,wall_seconds,0.5292048435658216,0.5271046301349998,0.5308068282902241,3,s16,request_atomic
s16__request_atomic,pipeline,execution,python_cpu_seconds,0.256845,0.256738,0.257605,3,s16,request_atomic
s16__request_atomic,pipeline,execution,exited_children_cpu_seconds,0.0,0.0,0.0,3,s16,request_atomic
s16__request_atomic,pipeline,close_and_network_serialization,wall_seconds,0.0044301897287368774,0.004420039243996143,0.004484961740672588,3,s16,request_atomic
s16__request_atomic,pipeline,close_and_network_serialization,python_cpu_seconds,0.0013400000000000079,0.001314999999999955,0.0013689999999999536,3,s16,request_atomic
s16__request_atomic,pipeline,close_and_network_serialization,exited_children_cpu_seconds,0.286344,0.28388199999999997,0.28785499999999997,3,s16,request_atomic
s16__request_atomic,pipeline,result_serialization,wall_seconds,0.006185702979564667,0.006142891943454742,0.0062233638018369675,3,s16,request_atomic
s16__request_atomic,pipeline,result_serialization,python_cpu_seconds,0.006153999999999993,0.006101999999999941,0.006180999999999881,3,s16,request_atomic
s16__request_atomic,pipeline,result_serialization,exited_children_cpu_seconds,0.0,0.0,0.0,3,s16,request_atomic
s16__request_atomic,pipeline,independent_audit,wall_seconds,0.01731886714696884,0.017022859305143356,0.017388727515935898,3,s16,request_atomic
s16__request_atomic,pipeline,independent_audit,python_cpu_seconds,0.017190999999999956,0.016893999999999965,0.017278000000000016,3,s16,request_atomic
s16__request_atomic,pipeline,independent_audit,exited_children_cpu_seconds,0.0,0.0,0.0,3,s16,request_atomic
s16__request_atomic,pipeline,whole_process,worker_wall_seconds,1.2659000838175416,1.2657654099166393,1.2659569410607219,3,s16,request_atomic
s16__request_atomic,pipeline,whole_process,python_lifetime_peak_rss_kib,84084,84032,84216,3,s16,request_atomic
s16__request_atomic,pipeline,whole_process,native_peak_rss_kib,9488,9480,9488,3,s16,request_atomic
s16__request_atomic,bounded,input_graph_binding,wall_seconds,0.017972285859286785,0.01782149262726307,0.018245100043714046,3,s16,request_atomic
s16__request_atomic,bounded,input_graph_binding,python_cpu_seconds,0.01786199999999999,0.017719999999999986,0.018107000000000012,3,s16,request_atomic
s16__request_atomic,bounded,input_graph_binding,exited_children_cpu_seconds,0.0,0.0,0.0,3,s16,request_atomic
s16__request_atomic,bounded,backend_initialization,wall_seconds,0.37565637193620205,0.37417503353208303,0.37651997804641724,3,s16,request_atomic
s16__request_atomic,bounded,backend_initialization,python_cpu_seconds,0.48214799999999997,0.48074300000000003,0.4830509999999999,3,s16,request_atomic
s16__request_atomic,bounded,backend_initialization,exited_children_cpu_seconds,0.0,0.0,0.0,3,s16,request_atomic
s16__request_atomic,bounded,execution,wall_seconds,0.5866446327418089,0.5834427867084742,0.5932249380275607,3,s16,request_atomic
s16__request_atomic,bounded,execution,python_cpu_seconds,0.26137699999999997,0.26108599999999993,0.261946,3,s16,request_atomic
s16__request_atomic,bounded,execution,exited_children_cpu_seconds,0.0,0.0,0.0,3,s16,request_atomic
s16__request_atomic,bounded,close_and_network_serialization,wall_seconds,0.004443062469363213,0.004427093081176281,0.004545656032860279,3,s16,request_atomic
s16__request_atomic,bounded,close_and_network_serialization,python_cpu_seconds,0.0013259999999999383,0.0013129999999998976,0.0014290000000000136,3,s16,request_atomic
s16__request_atomic,bounded,close_and_network_serialization,exited_children_cpu_seconds,0.33839199999999997,0.33580499999999996,0.346419,3,s16,request_atomic
s16__request_atomic,bounded,result_serialization,wall_seconds,0.006294457241892815,0.006116191856563091,0.006319714710116386,3,s16,request_atomic
s16__request_atomic,bounded,result_serialization,python_cpu_seconds,0.006257999999999986,0.006067000000000045,0.0062750000000000306,3,s16,request_atomic
s16__request_atomic,bounded,result_serialization,exited_children_cpu_seconds,0.0,0.0,0.0,3,s16,request_atomic
s16__request_atomic,bounded,independent_audit,wall_seconds,0.017733506858348846,0.017496942542493343,0.01799033023416996,3,s16,request_atomic
s16__request_atomic,bounded,independent_audit,python_cpu_seconds,0.017603000000000035,0.017384000000000066,0.017854999999999954,3,s16,request_atomic
s16__request_atomic,bounded,independent_audit,exited_children_cpu_seconds,0.0,0.0,0.0,3,s16,request_atomic
s16__request_atomic,bounded,whole_process,worker_wall_seconds,1.3160605933517218,1.3158756755292416,1.3163181580603123,3,s16,request_atomic
s16__request_atomic,bounded,whole_process,python_lifetime_peak_rss_kib,84080,84060,84244,3,s16,request_atomic
s16__request_atomic,bounded,whole_process,native_peak_rss_kib,9492,9488,9568,3,s16,request_atomic
s64__request_atomic,serial,input_graph_binding,wall_seconds,0.01653111446648836,0.014939839020371437,0.01653337851166725,3,s64,request_atomic
s64__request_atomic,serial,input_graph_binding,python_cpu_seconds,0.016433000000000003,0.014856000000000008,0.016438000000000008,3,s64,request_atomic
s64__request_atomic,serial,input_graph_binding,exited_children_cpu_seconds,0.0,0.0,0.0,3,s64,request_atomic
s64__request_atomic,serial,backend_initialization,wall_seconds,0.37409431114792824,0.36500113643705845,0.3742594216018915,3,s64,request_atomic
s64__request_atomic,serial,backend_initialization,python_cpu_seconds,0.48070500000000005,0.471251,0.481252,3,s64,request_atomic
s64__request_atomic,serial,backend_initialization,exited_children_cpu_seconds,0.0,0.0,0.0,3,s64,request_atomic
s64__request_atomic,serial,execution,wall_seconds,0.45039714500308037,0.4480603253468871,0.45281308237463236,3,s64,request_atomic
s64__request_atomic,serial,execution,python_cpu_seconds,0.209503,0.20876799999999995,0.21119900000000003,3,s64,request_atomic
s64__request_atomic,serial,execution,exited_children_cpu_seconds,0.0,0.0,0.0,3,s64,request_atomic
s64__request_atomic,serial,close_and_network_serialization,wall_seconds,0.006096373312175274,0.005895144306123257,0.010092264972627163,3,s64,request_atomic
s64__request_atomic,serial,close_and_network_serialization,python_cpu_seconds,0.0029080000000000217,0.0027639999999999887,0.002967000000000053,3,s64,request_atomic
s64__request_atomic,serial,close_and_network_serialization,exited_children_cpu_seconds,0.255385,0.254222,0.25615,3,s64,request_atomic
s64__request_atomic,serial,result_serialization,wall_seconds,0.006151748821139336,0.006038635037839413,0.006374416872859001,3,s64,request_atomic
s64__request_atomic,serial,result_serialization,python_cpu_seconds,0.006111000000000089,0.006005000000000038,0.00634200000000007,3,s64,request_atomic
s64__request_atomic,serial,result_serialization,exited_children_cpu_seconds,0.0,0.0,0.0,3,s64,request_atomic
s64__request_atomic,serial,independent_audit,wall_seconds,0.015416106209158897,0.014803772792220116,0.015811500139534473,3,s64,request_atomic
s64__request_atomic,serial,independent_audit,python_cpu_seconds,0.015308999999999906,0.01468400000000003,0.015699999999999936,3,s64,request_atomic
s64__request_atomic,serial,independent_audit,exited_children_cpu_seconds,0.0,0.0,0.0,3,s64,request_atomic
s64__request_atomic,serial,whole_process,worker_wall_seconds,1.1656701359897852,1.115808048285544,1.1656973669305444,3,s64,request_atomic
s64__request_atomic,serial,whole_process,python_lifetime_peak_rss_kib,83960,83804,84012,3,s64,request_atomic
s64__request_atomic,serial,whole_process,native_peak_rss_kib,10248,10196,10312,3,s64,request_atomic
s64__request_atomic,pipeline,input_graph_binding,wall_seconds,0.017490128986537457,0.017382627353072166,0.01804487407207489,3,s64,request_atomic
s64__request_atomic,pipeline,input_graph_binding,python_cpu_seconds,0.017383999999999983,0.017257999999999996,0.017927,3,s64,request_atomic
s64__request_atomic,pipeline,input_graph_binding,exited_children_cpu_seconds,0.0,0.0,0.0,3,s64,request_atomic
s64__request_atomic,pipeline,backend_initialization,wall_seconds,0.37317313719540834,0.37255386263132095,0.3736293064430356,3,s64,request_atomic
s64__request_atomic,pipeline,backend_initialization,python_cpu_seconds,0.47956200000000004,0.47882899999999995,0.48025799999999996,3,s64,request_atomic
s64__request_atomic,pipeline,backend_initialization,exited_children_cpu_seconds,0.0,0.0,0.0,3,s64,request_atomic
s64__request_atomic,pipeline,execution,wall_seconds,0.9181095082312822,0.9049064759165049,0.9211679557338357,3,s64,request_atomic
s64__request_atomic,pipeline,execution,python_cpu_seconds,0.3865280000000001,0.38569200000000003,0.39128700000000005,3,s64,request_atomic
s64__request_atomic,pipeline,execution,exited_children_cpu_seconds,0.0,0.0,0.0,3,s64,request_atomic
s64__request_atomic,pipeline,close_and_network_serialization,wall_seconds,0.005980697460472584,0.0059509603306651115,0.006345993839204311,3,s64,request_atomic
s64__request_atomic,pipeline,close_and_network_serialization,python_cpu_seconds,0.002849999999999797,0.002818999999999905,0.00320699999999996,3,s64,request_atomic
s64__request_atomic,pipeline,close_and_network_serialization,exited_children_cpu_seconds,0.54223,0.534643,0.550375,3,s64,request_atomic
s64__request_atomic,pipeline,result_serialization,wall_seconds,0.01138873491436243,0.011280881240963936,0.01142285019159317,3,s64,request_atomic
s64__request_atomic,pipeline,result_serialization,python_cpu_seconds,0.01128399999999985,0.011211000000000082,0.011351000000000111,3,s64,request_atomic
s64__request_atomic,pipeline,result_serialization,exited_children_cpu_seconds,0.0,0.0,0.0,3,s64,request_atomic
s64__request_atomic,pipeline,independent_audit,wall_seconds,0.023732805624604225,0.023620528168976307,0.024051979184150696,3,s64,request_atomic
s64__request_atomic,pipeline,independent_audit,python_cpu_seconds,0.02358299999999991,0.023449000000000053,0.023924999999999974,3,s64,request_atomic
s64__request_atomic,pipeline,independent_audit,exited_children_cpu_seconds,0.0,0.0,0.0,3,s64,request_atomic
s64__request_atomic,pipeline,whole_process,worker_wall_seconds,1.666317068040371,1.6662887018173933,1.6663436787202954,3,s64,request_atomic
s64__request_atomic,pipeline,whole_process,python_lifetime_peak_rss_kib,84704,84604,85032,3,s64,request_atomic
s64__request_atomic,pipeline,whole_process,native_peak_rss_kib,10196,10184,10348,3,s64,request_atomic
s64__request_atomic,bounded,input_graph_binding,wall_seconds,0.017601609230041504,0.016505985520780087,0.01808097120374441,3,s64,request_atomic
s64__request_atomic,bounded,input_graph_binding,python_cpu_seconds,0.01749400000000001,0.016428000000000026,0.017924000000000023,3,s64,request_atomic
s64__request_atomic,bounded,input_graph_binding,exited_children_cpu_seconds,0.0,0.0,0.0,3,s64,request_atomic
s64__request_atomic,bounded,backend_initialization,wall_seconds,0.3710481785237789,0.3669300368055701,0.3756181290373206,3,s64,request_atomic
s64__request_atomic,bounded,backend_initialization,python_cpu_seconds,0.4778739999999999,0.473943,0.482049,3,s64,request_atomic
s64__request_atomic,bounded,backend_initialization,exited_children_cpu_seconds,0.0,0.0,0.0,3,s64,request_atomic
s64__request_atomic,bounded,execution,wall_seconds,1.156146241351962,1.1384790195152164,1.1717413030564785,3,s64,request_atomic
s64__request_atomic,bounded,execution,python_cpu_seconds,0.40828200000000003,0.40605400000000014,0.40833300000000006,3,s64,request_atomic
s64__request_atomic,bounded,execution,exited_children_cpu_seconds,0.0,0.0,0.0,3,s64,request_atomic
s64__request_atomic,bounded,close_and_network_serialization,wall_seconds,0.005977489985525608,0.005894854664802551,0.006208534352481365,3,s64,request_atomic
s64__request_atomic,bounded,close_and_network_serialization,python_cpu_seconds,0.0028439999999998467,0.0027679999999998817,0.0030799999999999716,3,s64,request_atomic
s64__request_atomic,bounded,close_and_network_serialization,exited_children_cpu_seconds,0.76525,0.7457189999999999,0.7791099999999999,3,s64,request_atomic
s64__request_atomic,bounded,result_serialization,wall_seconds,0.011020241305232048,0.010603065602481365,0.011201553046703339,3,s64,request_atomic
s64__request_atomic,bounded,result_serialization,python_cpu_seconds,0.010967000000000171,0.010509000000000102,0.01113699999999973,3,s64,request_atomic
s64__request_atomic,bounded,result_serialization,exited_children_cpu_seconds,0.0,0.0,0.0,3,s64,request_atomic
s64__request_atomic,bounded,independent_audit,wall_seconds,0.024409381672739983,0.024025610648095608,0.02961285598576069,3,s64,request_atomic
s64__request_atomic,bounded,independent_audit,python_cpu_seconds,0.02426600000000012,0.02389399999999986,0.02946100000000018,3,s64,request_atomic
s64__request_atomic,bounded,independent_audit,exited_children_cpu_seconds,0.0,0.0,0.0,3,s64,request_atomic
s64__request_atomic,bounded,whole_process,worker_wall_seconds,1.9165621176362038,1.8666040394455194,1.9167013801634312,3,s64,request_atomic
s64__request_atomic,bounded,whole_process,python_lifetime_peak_rss_kib,84780,84604,85116,3,s64,request_atomic
s64__request_atomic,bounded,whole_process,native_peak_rss_kib,10288,10260,10292,3,s64,request_atomic
s16__burst_256,serial,input_graph_binding,wall_seconds,0.01689391490072012,0.016699329018592834,0.017040250822901726,3,s16,burst_256
s16__burst_256,serial,input_graph_binding,python_cpu_seconds,0.01679799999999998,0.016598999999999975,0.016942000000000013,3,s16,burst_256
s16__burst_256,serial,input_graph_binding,exited_children_cpu_seconds,0.0,0.0,0.0,3,s16,burst_256
s16__burst_256,serial,backend_initialization,wall_seconds,0.37349662091583014,0.37300619948655367,0.3847024515271187,3,s16,burst_256
s16__burst_256,serial,backend_initialization,python_cpu_seconds,0.47992999999999997,0.4795370000000001,0.4904989999999999,3,s16,burst_256
s16__burst_256,serial,backend_initialization,exited_children_cpu_seconds,0.0,0.0,0.0,3,s16,burst_256
s16__burst_256,serial,execution,wall_seconds,1.6450314912945032,1.6297778217121959,1.645204265601933,3,s16,burst_256
s16__burst_256,serial,execution,python_cpu_seconds,1.4240030000000001,1.4036319999999998,1.4243100000000002,3,s16,burst_256
s16__burst_256,serial,execution,exited_children_cpu_seconds,0.0,0.0,0.0,3,s16,burst_256
s16__burst_256,serial,close_and_network_serialization,wall_seconds,0.004571293480694294,0.0045281024649739265,0.00460651982575655,3,s16,burst_256
s16__burst_256,serial,close_and_network_serialization,python_cpu_seconds,0.0014460000000000583,0.0014030000000002651,0.0014769999999999506,3,s16,burst_256
s16__burst_256,serial,close_and_network_serialization,exited_children_cpu_seconds,0.23992199999999997,0.23960299999999998,0.24096199999999998,3,s16,burst_256
s16__burst_256,serial,result_serialization,wall_seconds,0.015642359852790833,0.015385015867650509,0.015809152275323868,3,s16,burst_256
s16__burst_256,serial,result_serialization,python_cpu_seconds,0.015549000000000035,0.015268000000000281,0.01570999999999989,3,s16,burst_256
s16__burst_256,serial,result_serialization,exited_children_cpu_seconds,0.0,0.0,0.0,3,s16,burst_256
s16__burst_256,serial,independent_audit,wall_seconds,0.059145775623619556,0.05863064620643854,0.05941794812679291,3,s16,burst_256
s16__burst_256,serial,independent_audit,python_cpu_seconds,0.0587620000000002,0.058384000000000214,0.059087000000000334,3,s16,burst_256
s16__burst_256,serial,independent_audit,exited_children_cpu_seconds,0.0,0.0,0.0,3,s16,burst_256
s16__burst_256,serial,whole_process,worker_wall_seconds,2.4175617154687643,2.4172445982694626,2.4178676307201385,3,s16,burst_256
s16__burst_256,serial,whole_process,python_lifetime_peak_rss_kib,85584,85332,85592,3,s16,burst_256
s16__burst_256,serial,whole_process,native_peak_rss_kib,9520,9444,9564,3,s16,burst_256
s16__burst_256,pipeline,input_graph_binding,wall_seconds,0.01815754361450672,0.017873408272862434,0.01822413969784975,3,s16,burst_256
s16__burst_256,pipeline,input_graph_binding,python_cpu_seconds,0.018011,0.017771999999999982,0.018035999999999996,3,s16,burst_256
s16__burst_256,pipeline,input_graph_binding,exited_children_cpu_seconds,0.0,0.0,0.0,3,s16,burst_256
s16__burst_256,pipeline,backend_initialization,wall_seconds,0.3770751366391778,0.37142901960760355,0.37932026106864214,3,s16,burst_256
s16__burst_256,pipeline,backend_initialization,python_cpu_seconds,0.4835069999999999,0.477723,0.48538099999999995,3,s16,burst_256
s16__burst_256,pipeline,backend_initialization,exited_children_cpu_seconds,0.0,0.0,0.0,3,s16,burst_256
s16__burst_256,pipeline,execution,wall_seconds,1.7415421083569527,1.7215027641505003,1.7433755593374372,3,s16,burst_256
s16__burst_256,pipeline,execution,python_cpu_seconds,1.450319,1.432941,1.450825,3,s16,burst_256
s16__burst_256,pipeline,execution,exited_children_cpu_seconds,0.0,0.0,0.0,3,s16,burst_256
s16__burst_256,pipeline,close_and_network_serialization,wall_seconds,0.005519518628716469,0.004550633952021599,0.005710656754672527,3,s16,burst_256
s16__burst_256,pipeline,close_and_network_serialization,python_cpu_seconds,0.002391000000000254,0.0014219999999998123,0.0025930000000000675,3,s16,burst_256
s16__burst_256,pipeline,close_and_network_serialization,exited_children_cpu_seconds,0.30906100000000003,0.308712,0.31550399999999995,3,s16,burst_256
s16__burst_256,pipeline,result_serialization,wall_seconds,0.017601938918232918,0.01735527440905571,0.021700692363083363,3,s16,burst_256
s16__burst_256,pipeline,result_serialization,python_cpu_seconds,0.017484000000000055,0.017257999999999996,0.02159399999999989,3,s16,burst_256
s16__burst_256,pipeline,result_serialization,exited_children_cpu_seconds,0.0,0.0,0.0,3,s16,burst_256
s16__burst_256,pipeline,independent_audit,wall_seconds,0.05590462498366833,0.05542893987149,0.05721024330705404,3,s16,burst_256
s16__burst_256,pipeline,independent_audit,python_cpu_seconds,0.05558700000000005,0.055125999999999564,0.05693400000000004,3,s16,burst_256
s16__burst_256,pipeline,independent_audit,exited_children_cpu_seconds,0.0,0.0,0.0,3,s16,burst_256
s16__burst_256,pipeline,whole_process,worker_wall_seconds,2.5176341058686376,2.51755784265697,2.5674292845651507,3,s16,burst_256
s16__burst_256,pipeline,whole_process,python_lifetime_peak_rss_kib,86032,85912,86200,3,s16,burst_256
s16__burst_256,pipeline,whole_process,native_peak_rss_kib,9440,9436,9512,3,s16,burst_256
s16__burst_256,bounded,input_graph_binding,wall_seconds,0.01839576195925474,0.017654215916991234,0.018779635429382324,3,s16,burst_256
s16__burst_256,bounded,input_graph_binding,python_cpu_seconds,0.018292000000000003,0.017546000000000006,0.018656000000000006,3,s16,burst_256
s16__burst_256,bounded,input_graph_binding,exited_children_cpu_seconds,0.0,0.0,0.0,3,s16,burst_256
s16__burst_256,bounded,backend_initialization,wall_seconds,0.37491133343428373,0.37412000354379416,0.37884548865258694,3,s16,burst_256
s16__burst_256,bounded,backend_initialization,python_cpu_seconds,0.481753,0.48063199999999995,0.485109,3,s16,burst_256
s16__burst_256,bounded,backend_initialization,exited_children_cpu_seconds,0.0,0.0,0.0,3,s16,burst_256
s16__burst_256,bounded,execution,wall_seconds,1.7754775872454047,1.7720303600654006,1.7999823866412044,3,s16,burst_256
s16__burst_256,bounded,execution,python_cpu_seconds,1.434974,1.4228929999999997,1.4621959999999998,3,s16,burst_256
s16__burst_256,bounded,execution,exited_children_cpu_seconds,0.0,0.0,0.0,3,s16,burst_256
s16__burst_256,bounded,close_and_network_serialization,wall_seconds,0.005198613740503788,0.004528081975877285,0.008959952741861343,3,s16,burst_256
s16__burst_256,bounded,close_and_network_serialization,python_cpu_seconds,0.0020729999999997695,0.0013990000000001501,0.005856000000000083,3,s16,burst_256
s16__burst_256,bounded,close_and_network_serialization,exited_children_cpu_seconds,0.35853199999999996,0.35683,0.366591,3,s16,burst_256
s16__burst_256,bounded,result_serialization,wall_seconds,0.018152383156120777,0.016990507021546364,0.02216886356472969,3,s16,burst_256
s16__burst_256,bounded,result_serialization,python_cpu_seconds,0.018053000000000097,0.016865999999999826,0.022085999999999828,3,s16,burst_256
s16__burst_256,bounded,result_serialization,exited_children_cpu_seconds,0.0,0.0,0.0,3,s16,burst_256
s16__burst_256,bounded,independent_audit,wall_seconds,0.05580655112862587,0.05540666822344065,0.057521307840943336,3,s16,burst_256
s16__burst_256,bounded,independent_audit,python_cpu_seconds,0.05552099999999971,0.05509900000000023,0.05721899999999991,3,s16,burst_256
s16__burst_256,bounded,independent_audit,exited_children_cpu_seconds,0.0,0.0,0.0,3,s16,burst_256
s16__burst_256,bounded,whole_process,worker_wall_seconds,2.567567264661193,2.567526235245168,2.6177090536803007,3,s16,burst_256
s16__burst_256,bounded,whole_process,python_lifetime_peak_rss_kib,85940,85724,85992,3,s16,burst_256
s16__burst_256,bounded,whole_process,native_peak_rss_kib,9528,9444,9536,3,s16,burst_256
s64__burst_256,serial,input_graph_binding,wall_seconds,0.016797533258795738,0.0166957825422287,0.017459258437156677,3,s64,burst_256
s64__burst_256,serial,input_graph_binding,python_cpu_seconds,0.01669100000000001,0.016599000000000003,0.017345,3,s64,burst_256
s64__burst_256,serial,input_graph_binding,exited_children_cpu_seconds,0.0,0.0,0.0,3,s64,burst_256
s64__burst_256,serial,backend_initialization,wall_seconds,0.3770159650593996,0.3761109812185168,0.3782821577042341,3,s64,burst_256
s64__burst_256,serial,backend_initialization,python_cpu_seconds,0.48361499999999996,0.482688,0.484874,3,s64,burst_256
s64__burst_256,serial,backend_initialization,exited_children_cpu_seconds,0.0,0.0,0.0,3,s64,burst_256
s64__burst_256,serial,execution,wall_seconds,5.69483895227313,5.691355827264488,5.809887509793043,3,s64,burst_256
s64__burst_256,serial,execution,python_cpu_seconds,5.366825,5.359338000000001,5.481626,3,s64,burst_256
s64__burst_256,serial,execution,exited_children_cpu_seconds,0.0,0.0,0.0,3,s64,burst_256
s64__burst_256,serial,close_and_network_serialization,wall_seconds,0.010659131221473217,0.01051523070782423,0.011002167128026485,3,s64,burst_256
s64__burst_256,serial,close_and_network_serialization,python_cpu_seconds,0.0034629999999991057,0.003366999999999898,0.0038029999999995567,3,s64,burst_256
s64__burst_256,serial,close_and_network_serialization,exited_children_cpu_seconds,0.35918700000000003,0.356317,0.35973299999999997,3,s64,burst_256
s64__burst_256,serial,result_serialization,wall_seconds,0.04911402612924576,0.048622870817780495,0.049269809387624264,3,s64,burst_256
s64__burst_256,serial,result_serialization,python_cpu_seconds,0.048824000000000645,0.048337000000000074,0.04902500000000032,3,s64,burst_256
s64__burst_256,serial,result_serialization,exited_children_cpu_seconds,0.0,0.0,0.0,3,s64,burst_256
s64__burst_256,serial,independent_audit,wall_seconds,0.2425655722618103,0.2409214973449707,0.24392659403383732,3,s64,burst_256
s64__burst_256,serial,independent_audit,python_cpu_seconds,0.2413199999999991,0.23962099999999964,0.24278899999999926,3,s64,burst_256
s64__burst_256,serial,independent_audit,exited_children_cpu_seconds,0.0,0.0,0.0,3,s64,burst_256
s64__burst_256,serial,whole_process,worker_wall_seconds,6.723263404332101,6.723216004669666,6.8225882882252336,3,s64,burst_256
s64__burst_256,serial,whole_process,python_lifetime_peak_rss_kib,93200,93164,93268,3,s64,burst_256
s64__burst_256,serial,whole_process,native_peak_rss_kib,10460,10360,10472,3,s64,burst_256
s64__burst_256,pipeline,input_graph_binding,wall_seconds,0.018026717007160187,0.017895199358463287,0.01805858686566353,3,s64,burst_256
s64__burst_256,pipeline,input_graph_binding,python_cpu_seconds,0.017916000000000015,0.017773999999999984,0.01791999999999999,3,s64,burst_256
s64__burst_256,pipeline,input_graph_binding,exited_children_cpu_seconds,0.0,0.0,0.0,3,s64,burst_256
s64__burst_256,pipeline,backend_initialization,wall_seconds,0.37633223831653595,0.3733908226713538,0.37941595166921616,3,s64,burst_256
s64__burst_256,pipeline,backend_initialization,python_cpu_seconds,0.482703,0.480023,0.48592899999999994,3,s64,burst_256
s64__burst_256,pipeline,backend_initialization,exited_children_cpu_seconds,0.0,0.0,0.0,3,s64,burst_256
s64__burst_256,pipeline,execution,wall_seconds,6.173433864489198,6.172682831063867,6.198528142645955,3,s64,burst_256
s64__burst_256,pipeline,execution,python_cpu_seconds,5.552154000000001,5.542677,5.568058999999999,3,s64,burst_256
s64__burst_256,pipeline,execution,exited_children_cpu_seconds,0.0,0.0,0.0,3,s64,burst_256
s64__burst_256,pipeline,close_and_network_serialization,wall_seconds,0.01068776473402977,0.01067018136382103,0.011036691255867481,3,s64,burst_256
s64__burst_256,pipeline,close_and_network_serialization,python_cpu_seconds,0.003498999999999697,0.003486999999999796,0.0038369999999998683,3,s64,burst_256
s64__burst_256,pipeline,close_and_network_serialization,exited_children_cpu_seconds,0.664995,0.658538,0.670104,3,s64,burst_256
s64__burst_256,pipeline,result_serialization,wall_seconds,0.053088546730577946,0.05262662656605244,0.05384466890245676,3,s64,burst_256
s64__burst_256,pipeline,result_serialization,python_cpu_seconds,0.05278600000000022,0.052351999999999066,0.05355500000000024,3,s64,burst_256
s64__burst_256,pipeline,result_serialization,exited_children_cpu_seconds,0.0,0.0,0.0,3,s64,burst_256
s64__burst_256,pipeline,independent_audit,wall_seconds,0.24746819958090782,0.2465348420664668,0.24942544288933277,3,s64,burst_256
s64__burst_256,pipeline,independent_audit,python_cpu_seconds,0.24624300000000066,0.24533900000000042,0.24807999999999897,3,s64,burst_256
s64__burst_256,pipeline,independent_audit,exited_children_cpu_seconds,0.0,0.0,0.0,3,s64,burst_256
s64__burst_256,pipeline,whole_process,worker_wall_seconds,7.223280653357506,7.173436785116792,7.223344283178449,3,s64,burst_256
s64__burst_256,pipeline,whole_process,python_lifetime_peak_rss_kib,93920,93900,94092,3,s64,burst_256
s64__burst_256,pipeline,whole_process,native_peak_rss_kib,10184,10184,10268,3,s64,burst_256
s64__burst_256,bounded,input_graph_binding,wall_seconds,0.018218298442661762,0.017732263542711735,0.018551385030150414,3,s64,burst_256
s64__burst_256,bounded,input_graph_binding,python_cpu_seconds,0.018116999999999994,0.01762700000000003,0.018454000000000026,3,s64,burst_256
s64__burst_256,bounded,input_graph_binding,exited_children_cpu_seconds,0.0,0.0,0.0,3,s64,burst_256
s64__burst_256,bounded,backend_initialization,wall_seconds,0.37617715634405613,0.3713958468288183,0.37653041165322065,3,s64,burst_256
s64__burst_256,bounded,backend_initialization,python_cpu_seconds,0.482554,0.47800999999999993,0.482616,3,s64,burst_256
s64__burst_256,bounded,backend_initialization,exited_children_cpu_seconds,0.0,0.0,0.0,3,s64,burst_256
s64__burst_256,bounded,execution,wall_seconds,6.341702054254711,6.285675508901477,6.398927896283567,3,s64,burst_256
s64__burst_256,bounded,execution,python_cpu_seconds,5.5277959999999995,5.456366,5.596061,3,s64,burst_256
s64__burst_256,bounded,execution,exited_children_cpu_seconds,0.0,0.0,0.0,3,s64,burst_256
s64__burst_256,bounded,close_and_network_serialization,wall_seconds,0.0066462187096476555,0.006620239466428757,0.006789759732782841,3,s64,burst_256
s64__burst_256,bounded,close_and_network_serialization,python_cpu_seconds,0.003513999999999129,0.0034810000000007335,0.0036610000000001364,3,s64,burst_256
s64__burst_256,bounded,close_and_network_serialization,exited_children_cpu_seconds,0.8458129999999999,0.8439939999999999,0.867955,3,s64,burst_256
s64__burst_256,bounded,result_serialization,wall_seconds,0.05291097052395344,0.05255632381886244,0.05314136575907469,3,s64,burst_256
s64__burst_256,bounded,result_serialization,python_cpu_seconds,0.052665000000000184,0.05230400000000035,0.05281500000000072,3,s64,burst_256
s64__burst_256,bounded,result_serialization,exited_children_cpu_seconds,0.0,0.0,0.0,3,s64,burst_256
s64__burst_256,bounded,independent_audit,wall_seconds,0.25075429305434227,0.24728282075375319,0.25159745942801237,3,s64,burst_256
s64__burst_256,bounded,independent_audit,python_cpu_seconds,0.24955999999999978,0.24597900000000017,0.25038300000000024,3,s64,burst_256
s64__burst_256,bounded,independent_audit,exited_children_cpu_seconds,0.0,0.0,0.0,3,s64,burst_256
s64__burst_256,bounded,whole_process,worker_wall_seconds,7.373923301696777,7.323507396504283,7.424422033131123,3,s64,burst_256
s64__burst_256,bounded,whole_process,python_lifetime_peak_rss_kib,94304,94164,94404,3,s64,burst_256
s64__burst_256,bounded,whole_process,native_peak_rss_kib,10292,10268,10332,3,s64,burst_256
