case,mode,operation,source,start,last_supply,span,own_read_service,competing_memory_service,idle_or_other_latency,competing_by_operation,shape,memory_contract
s16__request_atomic,serial,attention_sum,0,4751,5647,896,896,0,0,{},s16,request_atomic
s16__request_atomic,serial,ffn_sum,0,10931,11827,896,896,0,0,{},s16,request_atomic
s16__request_atomic,pipeline,attention_sum,0,4685,6504,1819,903,912,4,"{'r0/attention_residual': 384, 'r0/ln2': 272, 'r0/ffn_up': 256}",s16,request_atomic
s16__request_atomic,pipeline,ffn_sum,0,11653,12945,1292,903,384,5,{'r0/output': 384},s16,request_atomic
s16__request_atomic,bounded,attention_sum,0,4685,6504,1819,903,912,4,"{'r0/attention_residual': 384, 'r0/ln2': 272, 'r0/ffn_up': 256}",s16,request_atomic
s16__request_atomic,bounded,ffn_sum,0,11653,12945,1292,903,384,5,{'r0/output': 384},s16,request_atomic
s64__request_atomic,serial,attention_sum,0,22604,26188,3584,3584,0,0,{},s64,request_atomic
s64__request_atomic,serial,ffn_sum,0,45935,49519,3584,3584,0,0,{},s64,request_atomic
s64__request_atomic,pipeline,attention_sum,0,22520,29610,7090,3612,3472,6,"{'r0/attention_residual': 1536, 'r0/ln2': 1040, 'r0/ffn_up': 768, 'r0/gelu': 128}",s64,request_atomic
s64__request_atomic,pipeline,ffn_sum,0,48808,53962,5154,3612,1536,6,{'r0/output': 1536},s64,request_atomic
s64__request_atomic,bounded,attention_sum,0,22520,29610,7090,3612,3472,6,"{'r0/attention_residual': 1536, 'r0/ln2': 1040, 'r0/ffn_up': 768, 'r0/gelu': 128}",s64,request_atomic
s64__request_atomic,bounded,ffn_sum,0,48808,53962,5154,3612,1536,6,{'r0/output': 1536},s64,request_atomic
s16__burst_256,serial,attention_sum,0,4991,6007,1016,896,120,0,{'r0/attention_residual': 120},s16,burst_256
s16__burst_256,serial,ffn_sum,0,11376,12392,1016,896,120,0,{'r0/output': 120},s16,burst_256
s16__burst_256,pipeline,attention_sum,0,4925,6359,1434,903,528,3,"{'r0/attention_residual': 384, 'r0/ln2': 144}",s16,burst_256
s16__burst_256,pipeline,ffn_sum,0,11508,12799,1291,903,384,4,{'r0/output': 384},s16,burst_256
s16__burst_256,bounded,attention_sum,0,4925,6359,1434,903,528,3,"{'r0/attention_residual': 384, 'r0/ln2': 144}",s16,burst_256
s16__burst_256,bounded,ffn_sum,0,11508,12799,1291,903,384,4,{'r0/output': 384},s16,burst_256
s64__burst_256,serial,attention_sum,0,23612,27700,4088,3584,504,0,{'r0/attention_residual': 504},s64,burst_256
s64__burst_256,serial,ffn_sum,0,47548,51636,4088,3584,504,0,{'r0/output': 504},s64,burst_256
s64__burst_256,pipeline,attention_sum,0,23528,29207,5679,3612,2064,3,"{'r0/attention_residual': 1536, 'r0/ln2': 528}",s64,burst_256
s64__burst_256,pipeline,ffn_sum,0,48405,53557,5152,3612,1536,4,{'r0/output': 1536},s64,burst_256
s64__burst_256,bounded,attention_sum,0,23528,29207,5679,3612,2064,3,"{'r0/attention_residual': 1536, 'r0/ln2': 528}",s64,burst_256
s64__burst_256,bounded,ffn_sum,0,48405,53557,5152,3612,1536,4,{'r0/output': 1536},s64,burst_256
